Latitude,Longitude,StationID,demand_tpd,Production_Type,ProductionCapacity_tpd,ProductionCost_perDay,CO2_Emitted_tpd,CO2_Captured_tpd,DeliveredCost_usd_per_kg,Mode,Scenario_TotalCost_perDay,ScenarioID,StationCount,Constraint,Estimated_dispensed_cost
32.319,-102.547,104234,1.4284819584267214,electrolyzer,1.5751327184748618,6818.646247577922,5.528715841846765,0.0,5000.0,Onsite,220211.4647555391,H2LA_Station_Opt_Geotab_FCEV70kg_0To8000mi_10stations_5stDist,10,low_carbon,$6.00 - $9.00/kg
37.64275382,-121.8775366,alamedaCA,,smr-CCSExisting,11.48770433337546,33249.15083455288,0.0,0.0,,Onsite,220211.4647555391,H2LA_Station_Opt_Geotab_FCEV70kg_0To8000mi_10stations_5stDist,10,low_carbon,
37.64275382,-121.8775366,alamedaCA,,smr-CCSExisting,11.48770433337546,33249.15083455288,0.0,0.0,,Pipeline,220211.4647555391,H2LA_Station_Opt_Geotab_FCEV70kg_0To8000mi_10stations_5stDist,10,low_carbon,
33.73341025,-113.9782551,laPazAZ,,smr-CCS,13.44086021505377,23170.4115418616,10.887096774193552,97.983870967742,,Onsite,220211.4647555391,H2LA_Station_Opt_Geotab_FCEV70kg_0To8000mi_10stations_5stDist,10,low_carbon,
33.73341025,-113.9782551,laPazAZ,,smr-CCS,13.44086021505377,23170.4115418616,10.887096774193552,97.983870967742,,Pipeline,220211.4647555391,H2LA_Station_Opt_Geotab_FCEV70kg_0To8000mi_10stations_5stDist,10,low_carbon,
30.15482974,-94.81749325,libertyTX,,smr-CCS,11.47811928920145,11474.388255549768,9.297276624253172,83.67548961827858,,Onsite,220211.4647555391,H2LA_Station_Opt_Geotab_FCEV70kg_0To8000mi_10stations_5stDist,10,low_carbon,
30.15482974,-94.81749325,libertyTX,,smr-CCS,11.47811928920145,11474.388255549768,9.297276624253172,83.67548961827858,,Pipeline,220211.4647555391,H2LA_Station_Opt_Geotab_FCEV70kg_0To8000mi_10stations_5stDist,10,low_carbon,
30.15482974,-94.81749325,libertyTX,,smr-CCSExisting,11.4851544546807,12490.057678245526,0.0,0.0,,Onsite,220211.4647555391,H2LA_Station_Opt_Geotab_FCEV70kg_0To8000mi_10stations_5stDist,10,low_carbon,
30.15482974,-94.81749325,libertyTX,,smr-CCSExisting,11.4851544546807,12490.057678245526,0.0,0.0,,Pipeline,220211.4647555391,H2LA_Station_Opt_Geotab_FCEV70kg_0To8000mi_10stations_5stDist,10,low_carbon,
30.89254422,-100.5366337,schleicherTX,,smr-CCS,11.367624600662104,11363.929483992191,9.207775926536304,82.86998333882676,,Onsite,220211.4647555391,H2LA_Station_Opt_Geotab_FCEV70kg_0To8000mi_10stations_5stDist,10,low_carbon,
30.89254422,-100.5366337,schleicherTX,,smr-CCS,11.367624600662104,11363.929483992191,9.207775926536304,82.86998333882676,,Pipeline,220211.4647555391,H2LA_Station_Opt_Geotab_FCEV70kg_0To8000mi_10stations_5stDist,10,low_carbon,
29.779,-95.124,100467,9.996302318826064,electrolyzerExisting,11.02397022032924,50303.21692652322,0.0,0.0,4000.0,Onsite,385042.99002080585,H2LA_Station_Opt_Geotab_FCEV70kg_0To8000mi_10stations_5stDist,10,electrolysis,$5.00 - $8.00/kg
29.804,-94.981,100951,9.992768209443993,electrolyzer,11.018645419337217,47698.99346304159,38.675445421873626,0.0,5000.0,Onsite,385042.99002080585,H2LA_Station_Opt_Geotab_FCEV70kg_0To8000mi_10stations_5stDist,10,electrolysis,$6.00 - $9.00/kg
29.804,-94.981,100951,9.992768209443993,electrolyzer,11.018645419337217,47698.99346304159,38.675445421873626,0.0,5000.0,Pipeline,385042.99002080585,H2LA_Station_Opt_Geotab_FCEV70kg_0To8000mi_10stations_5stDist,10,electrolysis,$6.00 - $9.00/kg
32.319,-102.547,104234,1.4284819584267214,electrolyzer,1.5751327205467234,6818.646256546875,5.528715849118999,0.0,5000.0,Onsite,385042.99002080585,H2LA_Station_Opt_Geotab_FCEV70kg_0To8000mi_10stations_5stDist,10,electrolysis,$6.00 - $9.00/kg
30.7,-101.207,107617,9.89528986222988,electrolyzer,10.911159752174928,47233.69505836228,38.298170730134,0.0,5000.0,Onsite,385042.99002080585,H2LA_Station_Opt_Geotab_FCEV70kg_0To8000mi_10stations_5stDist,10,electrolysis,$6.00 - $9.00/kg
37.954,-121.271,14295,9.999816877486342,electrolyzerExisting,11.02641770860092,115406.6654397275,0.0,0.0,10500.0,Onsite,385042.99002080585,H2LA_Station_Opt_Geotab_FCEV70kg_0To8000mi_10stations_5stDist,10,electrolysis,$11.50 - $14.50/kg
33.73341025,-113.9782551,laPazAZ,,electrolyzer,12.901144976616688,68011.058439351,45.28301886792457,0.0,,Onsite,385042.99002080585,H2LA_Station_Opt_Geotab_FCEV70kg_0To8000mi_10stations_5stDist,10,electrolysis,
33.73341025,-113.9782551,laPazAZ,,electrolyzer,12.901144976616688,68011.058439351,45.28301886792457,0.0,,Pipeline,385042.99002080585,H2LA_Station_Opt_Geotab_FCEV70kg_0To8000mi_10stations_5stDist,10,electrolysis,
29.779,-95.124,100467,9.996302318826064,smr-noCCSExisting,11.485154458411923,9301.63830790364,0.0,0.0,4000.0,Onsite,97944.6570586116,H2LA_Station_Opt_Geotab_FCEV70kg_0To8000mi_10stations_5stDist,10,any,$5.00 - $8.00/kg
29.804,-94.981,100951,9.992768209443993,smr-noCCS,11.47960689454413,8627.44859755694,92.98481584580745,0.0,5000.0,Onsite,97944.6570586116,H2LA_Station_Opt_Geotab_FCEV70kg_0To8000mi_10stations_5stDist,10,any,$6.00 - $9.00/kg
29.804,-94.981,100951,9.992768209443993,smr-noCCS,11.47960689454413,8627.44859755694,92.98481584580745,0.0,5000.0,Pipeline,97944.6570586116,H2LA_Station_Opt_Geotab_FCEV70kg_0To8000mi_10stations_5stDist,10,any,$6.00 - $9.00/kg
32.319,-102.547,104234,1.4284819584267214,smr-noCCS,10.0,3453.7765498685767,13.292325916986698,0.0,5000.0,Onsite,97944.6570586116,H2LA_Station_Opt_Geotab_FCEV70kg_0To8000mi_10stations_5stDist,10,any,$6.00 - $9.00/kg
30.7,-101.207,107617,9.89528986222988,smr-noCCS,11.367624600621106,8543.288791952747,92.07775926503096,0.0,5000.0,Onsite,97944.6570586116,H2LA_Station_Opt_Geotab_FCEV70kg_0To8000mi_10stations_5stDist,10,any,$6.00 - $9.00/kg
37.954,-121.271,14295,9.999816877486342,smr-noCCSExisting,11.487704339720612,27754.40646867932,0.0,0.0,10500.0,Onsite,97944.6570586116,H2LA_Station_Opt_Geotab_FCEV70kg_0To8000mi_10stations_5stDist,10,any,$11.50 - $14.50/kg
34.07,-117.37,15891,9.998871285768049,smr-noCCS,11.486618056574336,28860.60334654544,93.04160625825212,0.0,12000.0,Onsite,97944.6570586116,H2LA_Station_Opt_Geotab_FCEV70kg_0To8000mi_10stations_5stDist,10,any,$13.00 - $16.00/kg
29.779,-95.124,100467,9.997597256673924,electrolyzerExisting,11.02397022032924,50307.87465759532,0.0,0.0,1000.0,Onsite,1777651.9566601738,H2LA_Station_Opt_Geotab_FCEV70kg_0To8000mi_30stations_5stDist,30,electrolysis,$2.00 - $5.00/kg
29.779,-95.124,100467,9.997597256673924,electrolyzerExisting,11.02397022032924,50307.87465759532,0.0,0.0,1000.0,Pipeline,1777651.9566601738,H2LA_Station_Opt_Geotab_FCEV70kg_0To8000mi_30stations_5stDist,30,electrolysis,$2.00 - $5.00/kg
29.93,-95.314,100920,10.001569356567128,electrolyzerExisting,11.032421529674629,50333.16118195978,0.0,0.0,1000.0,Onsite,1777651.9566601738,H2LA_Station_Opt_Geotab_FCEV70kg_0To8000mi_30stations_5stDist,30,electrolysis,$2.00 - $5.00/kg
29.93,-95.314,100920,10.001569356567128,electrolyzerExisting,11.032421529674629,50333.16118195978,0.0,0.0,1000.0,Pipeline,1777651.9566601738,H2LA_Station_Opt_Geotab_FCEV70kg_0To8000mi_30stations_5stDist,30,electrolysis,$2.00 - $5.00/kg
29.804,-94.981,100951,9.992768210876598,electrolyzerExisting,11.018645419337217,50283.57493476141,0.0,0.0,1000.0,Onsite,1777651.9566601738,H2LA_Station_Opt_Geotab_FCEV70kg_0To8000mi_30stations_5stDist,30,electrolysis,$2.00 - $5.00/kg
29.804,-94.981,100951,9.992768210876598,electrolyzerExisting,11.018645419337217,50283.57493476141,0.0,0.0,1000.0,Pipeline,1777651.9566601738,H2LA_Station_Opt_Geotab_FCEV70kg_0To8000mi_30stations_5stDist,30,electrolysis,$2.00 - $5.00/kg
29.813,-95.292,101729,9.999670811763584,electrolyzerExisting,11.026614519137803,50318.77455623964,0.0,0.0,1000.0,Onsite,1777651.9566601738,H2LA_Station_Opt_Geotab_FCEV70kg_0To8000mi_30stations_5stDist,30,electrolysis,$2.00 - $5.00/kg
29.813,-95.292,101729,9.999670811763584,electrolyzerExisting,11.026614519137803,50318.77455623964,0.0,0.0,1000.0,Pipeline,1777651.9566601738,H2LA_Station_Opt_Geotab_FCEV70kg_0To8000mi_30stations_5stDist,30,electrolysis,$2.00 - $5.00/kg
27.799,-97.659,102754,9.999818754221463,electrolyzerExisting,11.026419788605606,50319.05325943746,0.0,0.0,1000.0,Onsite,1777651.9566601738,H2LA_Station_Opt_Geotab_FCEV70kg_0To8000mi_30stations_5stDist,30,electrolysis,$2.00 - $5.00/kg
30.022,-93.845,102997,9.999190245046144,electrolyzerExisting,11.02572675479665,50315.8906004954,0.0,0.0,1000.0,Onsite,1777651.9566601738,H2LA_Station_Opt_Geotab_FCEV70kg_0To8000mi_30stations_5stDist,30,electrolysis,$2.00 - $5.00/kg
30.376,-97.726,103539,9.99890410328571,electrolyzer,11.025411230151992,47728.28221438482,38.69919341783349,0.0,1000.0,Onsite,1777651.9566601738,H2LA_Station_Opt_Geotab_FCEV70kg_0To8000mi_30stations_5stDist,30,electrolysis,$2.00 - $5.00/kg
30.376,-97.726,103539,9.99890410328571,electrolyzer,11.025411230151992,47728.28221438482,38.69919341783349,0.0,1000.0,Pipeline,1777651.9566601738,H2LA_Station_Opt_Geotab_FCEV70kg_0To8000mi_30stations_5stDist,30,electrolysis,$2.00 - $5.00/kg
32.319,-102.547,104234,1.4284819583740604,electrolyzerExisting,1.5751327205467234,7188.116249462715,0.0,0.0,1000.0,Onsite,1777651.9566601738,H2LA_Station_Opt_Geotab_FCEV70kg_0To8000mi_30stations_5stDist,30,electrolysis,$2.00 - $5.00/kg
30.7,-101.207,107617,9.89528986427132,electrolyzerExisting,10.911159752174928,49793.06422373674,0.0,0.0,1000.0,Onsite,1777651.9566601738,H2LA_Station_Opt_Geotab_FCEV70kg_0To8000mi_30stations_5stDist,30,electrolysis,$2.00 - $5.00/kg
30.035,-94.15,108840,9.997258059612085,electrolyzerExisting,11.02359620759738,50306.16785094956,0.0,0.0,1000.0,Onsite,1777651.9566601738,H2LA_Station_Opt_Geotab_FCEV70kg_0To8000mi_30stations_5stDist,30,electrolysis,$2.00 - $5.00/kg
30.035,-94.15,108840,9.997258059612085,electrolyzerExisting,11.02359620759738,50306.16785094956,0.0,0.0,1000.0,Pipeline,1777651.9566601738,H2LA_Station_Opt_Geotab_FCEV70kg_0To8000mi_30stations_5stDist,30,electrolysis,$2.00 - $5.00/kg
30.209,-95.526,109345,9.998295979934555,electrolyzer,11.024740677487632,47725.379435872885,38.69683977798159,0.0,1000.0,Onsite,1777651.9566601738,H2LA_Station_Opt_Geotab_FCEV70kg_0To8000mi_30stations_5stDist,30,electrolysis,$2.00 - $5.00/kg
37.587,-122.364,11279,3.2918855392461026,electrolyzerExisting,3.629836971147008,37991.2490147525,0.0,0.0,3000.0,Onsite,1777651.9566601738,H2LA_Station_Opt_Geotab_FCEV70kg_0To8000mi_30stations_5stDist,30,electrolysis,$4.00 - $7.00/kg
37.587,-122.364,11279,3.2918855392461026,electrolyzerExisting,3.629836971147008,37991.2490147525,0.0,0.0,3000.0,Pipeline,1777651.9566601738,H2LA_Station_Opt_Geotab_FCEV70kg_0To8000mi_30stations_5stDist,30,electrolysis,$4.00 - $7.00/kg
37.705,-122.407,11323,2.438309003936788,electrolyzerExisting,2.688630592416012,28140.22645013756,0.0,0.0,3000.0,Onsite,1777651.9566601738,H2LA_Station_Opt_Geotab_FCEV70kg_0To8000mi_30stations_5stDist,30,electrolysis,$4.00 - $7.00/kg
38.525,-121.463,11536,9.999732003800569,electrolyzerExisting,11.026324127197183,115405.6859752989,0.0,0.0,3000.0,Onsite,1777651.9566601738,H2LA_Station_Opt_Geotab_FCEV70kg_0To8000mi_30stations_5stDist,30,electrolysis,$4.00 - $7.00/kg
38.525,-121.463,11536,9.999732003800569,electrolyzerExisting,11.026324127197183,115405.6859752989,0.0,0.0,3000.0,Pipeline,1777651.9566601738,H2LA_Station_Opt_Geotab_FCEV70kg_0To8000mi_30stations_5stDist,30,electrolysis,$4.00 - $7.00/kg
33.945,-118.291,12678,9.994198701745114,electrolyzerExisting,11.02022276522218,115341.82680918094,0.0,0.0,3000.0,Onsite,1777651.9566601738,H2LA_Station_Opt_Geotab_FCEV70kg_0To8000mi_30stations_5stDist,30,electrolysis,$4.00 - $7.00/kg
33.945,-118.291,12678,9.994198701745114,electrolyzerExisting,11.02022276522218,115341.82680918094,0.0,0.0,3000.0,Pipeline,1777651.9566601738,H2LA_Station_Opt_Geotab_FCEV70kg_0To8000mi_30stations_5stDist,30,electrolysis,$4.00 - $7.00/kg
37.812,-121.294,14201,10.008496091149013,electrolyzerExisting,11.035987946521702,115506.83116978276,0.0,0.0,3000.0,Onsite,1777651.9566601738,H2LA_Station_Opt_Geotab_FCEV70kg_0To8000mi_30stations_5stDist,30,electrolysis,$4.00 - $7.00/kg
37.954,-121.271,14295,9.999816867185777,electrolyzerExisting,11.02641770860092,115406.66543372658,0.0,0.0,3000.0,Onsite,1777651.9566601738,H2LA_Station_Opt_Geotab_FCEV70kg_0To8000mi_30stations_5stDist,30,electrolysis,$4.00 - $7.00/kg
37.954,-121.271,14295,9.999816867185777,electrolyzerExisting,11.02641770860092,115406.66543372658,0.0,0.0,3000.0,Pipeline,1777651.9566601738,H2LA_Station_Opt_Geotab_FCEV70kg_0To8000mi_30stations_5stDist,30,electrolysis,$4.00 - $7.00/kg
34.07,-117.37,15891,9.998871283836175,electrolyzerExisting,11.025375048854064,115395.75251785824,0.0,0.0,3000.0,Onsite,1777651.9566601738,H2LA_Station_Opt_Geotab_FCEV70kg_0To8000mi_30stations_5stDist,30,electrolysis,$4.00 - $7.00/kg
34.257,-110.024,4395,1.1074802611903456,electrolyzer,0.999999980492884,5271.707064444388,3.509999931530023,0.0,4500.0,Onsite,1777651.9566601738,H2LA_Station_Opt_Geotab_FCEV70kg_0To8000mi_30stations_5stDist,30,electrolysis,$5.50 - $8.50/kg
34.257,-110.024,4395,1.1074802611903456,electrolyzerExisting,1.0,2188.244469471229,0.0,0.0,4500.0,Onsite,1777651.9566601738,H2LA_Station_Opt_Geotab_FCEV70kg_0To8000mi_30stations_5stDist,30,electrolysis,$5.50 - $8.50/kg
32.273,-107.714,71615,9.931175645699398,electrolyzer,10.95072964345297,43297.99520798558,38.43706104851992,0.0,2000.0,Onsite,1777651.9566601738,H2LA_Station_Opt_Geotab_FCEV70kg_0To8000mi_30stations_5stDist,30,electrolysis,$3.00 - $6.00/kg
34.946,-104.637,72146,9.818882144888,electrolyzerExisting,11.018119130281686,45411.96088100053,0.0,0.0,1500.0,Onsite,1777651.9566601738,H2LA_Station_Opt_Geotab_FCEV70kg_0To8000mi_30stations_5stDist,30,electrolysis,$2.50 - $5.50/kg
38.054,-122.155,8266,9.973356340433536,electrolyzerExisting,10.997240686150658,115101.28766215502,0.0,0.0,3000.0,Onsite,1777651.9566601738,H2LA_Station_Opt_Geotab_FCEV70kg_0To8000mi_30stations_5stDist,30,electrolysis,$4.00 - $7.00/kg
33.152,-96.287,95977,7.46549201611862,electrolyzerExisting,8.231914085574346,37566.3298913374,0.0,0.0,1000.0,Onsite,1777651.9566601738,H2LA_Station_Opt_Geotab_FCEV70kg_0To8000mi_30stations_5stDist,30,electrolysis,$2.00 - $5.00/kg
29.497,-98.399,96569,9.999298921793994,electrolyzerExisting,11.025626936917345,50315.4350817249,0.0,0.0,1000.0,Onsite,1777651.9566601738,H2LA_Station_Opt_Geotab_FCEV70kg_0To8000mi_30stations_5stDist,30,electrolysis,$2.00 - $5.00/kg
30.744,-98.233,98497,10.028571780540965,electrolyzer,11.058124651772337,47869.89647136817,38.81401752772089,0.0,1000.0,Onsite,1777651.9566601738,H2LA_Station_Opt_Geotab_FCEV70kg_0To8000mi_30stations_5stDist,30,electrolysis,$2.00 - $5.00/kg
32.856,-96.768,99018,10.017126856327891,electrolyzerExisting,11.045504767976464,50406.14753952372,0.0,0.0,1000.0,Onsite,1777651.9566601738,H2LA_Station_Opt_Geotab_FCEV70kg_0To8000mi_30stations_5stDist,30,electrolysis,$2.00 - $5.00/kg
32.648,-96.883,99189,9.99880337867006,electrolyzerExisting,11.025300167305778,50313.943869000985,0.0,0.0,1000.0,Onsite,1777651.9566601738,H2LA_Station_Opt_Geotab_FCEV70kg_0To8000mi_30stations_5stDist,30,electrolysis,$2.00 - $5.00/kg
32.793,-96.684,99467,10.027143404014042,electrolyzer,11.056549635303904,47863.07832835941,38.8084892199167,0.0,1000.0,Onsite,1777651.9566601738,H2LA_Station_Opt_Geotab_FCEV70kg_0To8000mi_30stations_5stDist,30,electrolysis,$2.00 - $5.00/kg
32.793,-96.684,99467,10.027143404014042,electrolyzer,11.056549635303904,47863.07832835941,38.8084892199167,0.0,1000.0,Pipeline,1777651.9566601738,H2LA_Station_Opt_Geotab_FCEV70kg_0To8000mi_30stations_5stDist,30,electrolysis,$2.00 - $5.00/kg
33.73341025,-113.9782551,laPazAZ,,electrolyzerExisting,12.901144976616688,58198.21707286628,0.0,0.0,,Onsite,1777651.9566601738,H2LA_Station_Opt_Geotab_FCEV70kg_0To8000mi_30stations_5stDist,30,electrolysis,
33.73341025,-113.9782551,laPazAZ,,electrolyzerExisting,12.901144976616688,58198.21707286628,0.0,0.0,,Pipeline,1777651.9566601738,H2LA_Station_Opt_Geotab_FCEV70kg_0To8000mi_30stations_5stDist,30,electrolysis,
29.779,-95.124,100467,9.997597256673924,smr-noCCSExisting,11.485154458411923,9302.361147298849,0.0,0.0,1000.0,Onsite,444136.50731562846,H2LA_Station_Opt_Geotab_FCEV70kg_0To8000mi_30stations_5stDist,30,any,$2.00 - $5.00/kg
29.779,-95.124,100467,9.997597256673924,smr-noCCSExisting,11.485154458411923,9302.361147298849,0.0,0.0,1000.0,Pipeline,444136.50731562846,H2LA_Station_Opt_Geotab_FCEV70kg_0To8000mi_30stations_5stDist,30,any,$2.00 - $5.00/kg
29.93,-95.314,100920,10.001569356567128,smr-noCCSExisting,11.493959328655404,9307.431519713298,0.0,0.0,1000.0,Onsite,444136.50731562846,H2LA_Station_Opt_Geotab_FCEV70kg_0To8000mi_30stations_5stDist,30,any,$2.00 - $5.00/kg
29.93,-95.314,100920,10.001569356567128,smr-noCCSExisting,11.493959328655404,9307.431519713298,0.0,0.0,1000.0,Pipeline,444136.50731562846,H2LA_Station_Opt_Geotab_FCEV70kg_0To8000mi_30stations_5stDist,30,any,$2.00 - $5.00/kg
29.804,-94.981,100951,9.992768210876598,smr-noCCSExisting,11.47960689454413,9297.867916869762,0.0,0.0,1000.0,Onsite,444136.50731562846,H2LA_Station_Opt_Geotab_FCEV70kg_0To8000mi_30stations_5stDist,30,any,$2.00 - $5.00/kg
29.804,-94.981,100951,9.992768210876598,smr-noCCSExisting,11.47960689454413,9297.867916869762,0.0,0.0,1000.0,Pipeline,444136.50731562846,H2LA_Station_Opt_Geotab_FCEV70kg_0To8000mi_30stations_5stDist,30,any,$2.00 - $5.00/kg
29.813,-95.292,101729,9.999670811763584,smr-noCCSExisting,11.487909382268624,9304.411322291238,0.0,0.0,1000.0,Onsite,444136.50731562846,H2LA_Station_Opt_Geotab_FCEV70kg_0To8000mi_30stations_5stDist,30,any,$2.00 - $5.00/kg
29.813,-95.292,101729,9.999670811763584,smr-noCCSExisting,11.487909382268624,9304.411322291238,0.0,0.0,1000.0,Pipeline,444136.50731562846,H2LA_Station_Opt_Geotab_FCEV70kg_0To8000mi_30stations_5stDist,30,any,$2.00 - $5.00/kg
27.799,-97.659,102754,9.999818754221463,smr-noCCSExisting,11.48770652102606,9304.428171705402,0.0,0.0,1000.0,Onsite,444136.50731562846,H2LA_Station_Opt_Geotab_FCEV70kg_0To8000mi_30stations_5stDist,30,any,$2.00 - $5.00/kg
30.022,-93.845,102997,9.999190245046144,smr-noCCSExisting,11.486984494240874,9303.843369272208,0.0,0.0,1000.0,Onsite,444136.50731562846,H2LA_Station_Opt_Geotab_FCEV70kg_0To8000mi_30stations_5stDist,30,any,$2.00 - $5.00/kg
30.376,-97.726,103539,9.99890410328571,smr-noCCS,11.4866557593684,8632.746141236023,93.04191165088405,0.0,1000.0,Onsite,444136.50731562846,H2LA_Station_Opt_Geotab_FCEV70kg_0To8000mi_30stations_5stDist,30,any,$2.00 - $5.00/kg
30.376,-97.726,103539,9.99890410328571,smr-noCCS,11.4866557593684,8632.746141236023,93.04191165088405,0.0,1000.0,Pipeline,444136.50731562846,H2LA_Station_Opt_Geotab_FCEV70kg_0To8000mi_30stations_5stDist,30,any,$2.00 - $5.00/kg
32.319,-102.547,104234,1.4284819583740604,smr-noCCSExisting,10.0,4037.785500734335,0.0,0.0,1000.0,Onsite,444136.50731562846,H2LA_Station_Opt_Geotab_FCEV70kg_0To8000mi_30stations_5stDist,30,any,$2.00 - $5.00/kg
30.7,-101.207,107617,9.89528986427132,smr-noCCSExisting,11.367624600621106,9207.168245052677,0.0,0.0,1000.0,Onsite,444136.50731562846,H2LA_Station_Opt_Geotab_FCEV70kg_0To8000mi_30stations_5stDist,30,any,$2.00 - $5.00/kg
30.035,-94.15,108840,9.997258059612085,smr-noCCSExisting,11.48476481654758,9302.045548871689,0.0,0.0,1000.0,Onsite,444136.50731562846,H2LA_Station_Opt_Geotab_FCEV70kg_0To8000mi_30stations_5stDist,30,any,$2.00 - $5.00/kg
30.035,-94.15,108840,9.997258059612085,smr-noCCSExisting,11.48476481654758,9302.045548871689,0.0,0.0,1000.0,Pipeline,444136.50731562846,H2LA_Station_Opt_Geotab_FCEV70kg_0To8000mi_30stations_5stDist,30,any,$2.00 - $5.00/kg
30.209,-95.526,109345,9.998295979934555,smr-noCCS,11.485957151973988,8632.221106396255,93.0362529394388,0.0,1000.0,Onsite,444136.50731562846,H2LA_Station_Opt_Geotab_FCEV70kg_0To8000mi_30stations_5stDist,30,any,$2.00 - $5.00/kg
37.587,-122.364,11279,3.2918855392461026,smr-noCCSExisting,9.999999988783664,11151.580912728778,0.0,0.0,3000.0,Onsite,444136.50731562846,H2LA_Station_Opt_Geotab_FCEV70kg_0To8000mi_30stations_5stDist,30,any,$4.00 - $7.00/kg
37.587,-122.364,11279,3.2918855392461026,smr-noCCSExisting,9.999999988783664,11151.580912728778,0.0,0.0,3000.0,Pipeline,444136.50731562846,H2LA_Station_Opt_Geotab_FCEV70kg_0To8000mi_30stations_5stDist,30,any,$4.00 - $7.00/kg
37.705,-122.407,11323,2.438309003936788,smr-noCCSExisting,10.0,9100.234012229816,0.0,0.0,3000.0,Onsite,444136.50731562846,H2LA_Station_Opt_Geotab_FCEV70kg_0To8000mi_30stations_5stDist,30,any,$4.00 - $7.00/kg
38.525,-121.463,11536,9.999732003800569,smr-noCCSExisting,11.48760684119054,27754.17088841264,0.0,0.0,3000.0,Onsite,444136.50731562846,H2LA_Station_Opt_Geotab_FCEV70kg_0To8000mi_30stations_5stDist,30,any,$4.00 - $7.00/kg
38.525,-121.463,11536,9.999732003800569,smr-noCCSExisting,11.48760684119054,27754.17088841264,0.0,0.0,3000.0,Pipeline,444136.50731562846,H2LA_Station_Opt_Geotab_FCEV70kg_0To8000mi_30stations_5stDist,30,any,$4.00 - $7.00/kg
33.945,-118.291,12678,9.994198701745114,smr-noCCSExisting,11.481250231748378,27738.81323420209,0.0,0.0,3000.0,Onsite,444136.50731562846,H2LA_Station_Opt_Geotab_FCEV70kg_0To8000mi_30stations_5stDist,30,any,$4.00 - $7.00/kg
33.945,-118.291,12678,9.994198701745114,smr-noCCSExisting,11.481250231748378,27738.81323420209,0.0,0.0,3000.0,Pipeline,444136.50731562846,H2LA_Station_Opt_Geotab_FCEV70kg_0To8000mi_30stations_5stDist,30,any,$4.00 - $7.00/kg
37.812,-121.294,14201,10.008496091149013,smr-noCCSExisting,11.497674947484638,27778.495556017697,0.0,0.0,3000.0,Onsite,444136.50731562846,H2LA_Station_Opt_Geotab_FCEV70kg_0To8000mi_30stations_5stDist,30,any,$4.00 - $7.00/kg
37.954,-121.271,14295,9.999816867185777,smr-noCCSExisting,11.487704339720612,27754.40646867932,0.0,0.0,3000.0,Onsite,444136.50731562846,H2LA_Station_Opt_Geotab_FCEV70kg_0To8000mi_30stations_5stDist,30,any,$4.00 - $7.00/kg
37.954,-121.271,14295,9.999816867185777,smr-noCCSExisting,11.487704339720612,27754.40646867932,0.0,0.0,3000.0,Pipeline,444136.50731562846,H2LA_Station_Opt_Geotab_FCEV70kg_0To8000mi_30stations_5stDist,30,any,$4.00 - $7.00/kg
34.07,-117.37,15891,9.998871283836175,smr-noCCSExisting,11.486618056574336,27751.781998003054,0.0,0.0,3000.0,Onsite,444136.50731562846,H2LA_Station_Opt_Geotab_FCEV70kg_0To8000mi_30stations_5stDist,30,any,$4.00 - $7.00/kg
34.257,-110.024,4395,1.1074802611903456,electrolyzerExisting,1.0,1301.490576577515,0.0,0.0,4500.0,Onsite,444136.50731562846,H2LA_Station_Opt_Geotab_FCEV70kg_0To8000mi_30stations_5stDist,30,any,$5.50 - $8.50/kg
34.257,-110.024,4395,1.1074802611903456,smr-noCCS,9.99999963434066,4537.897407968591,10.30533727656121,0.0,4500.0,Onsite,444136.50731562846,H2LA_Station_Opt_Geotab_FCEV70kg_0To8000mi_30stations_5stDist,30,any,$5.50 - $8.50/kg
32.273,-107.714,71615,9.931175645699398,smr-noCCS,11.408849889850384,13819.10936393915,92.41168414581084,0.0,2000.0,Onsite,444136.50731562846,H2LA_Station_Opt_Geotab_FCEV70kg_0To8000mi_30stations_5stDist,30,any,$3.00 - $6.00/kg
34.946,-104.637,72146,9.818882144888,smr-noCCSExisting,11.479058592527029,14338.192235612069,0.0,0.0,1500.0,Onsite,444136.50731562846,H2LA_Station_Opt_Geotab_FCEV70kg_0To8000mi_30stations_5stDist,30,any,$2.50 - $5.50/kg
38.054,-122.155,8266,9.973356340433536,smr-noCCSExisting,11.457311855818288,27680.977925235653,0.0,0.0,3000.0,Onsite,444136.50731562846,H2LA_Station_Opt_Geotab_FCEV70kg_0To8000mi_30stations_5stDist,30,any,$4.00 - $7.00/kg
34.179,-118.857,9130,1.53947475328024,smr-noCCSExisting,10.0,6940.12209996847,0.0,0.0,3000.0,Onsite,444136.50731562846,H2LA_Station_Opt_Geotab_FCEV70kg_0To8000mi_30stations_5stDist,30,any,$4.00 - $7.00/kg
32.801,-115.57,9454,6.145768334689193,smr-noCCSExisting,10.0,18010.138131952157,0.0,0.0,3000.0,Onsite,444136.50731562846,H2LA_Station_Opt_Geotab_FCEV70kg_0To8000mi_30stations_5stDist,30,any,$4.00 - $7.00/kg
33.152,-96.287,95977,7.46549201611862,smr-noCCSExisting,10.0,7407.677037051891,0.0,0.0,1000.0,Onsite,444136.50731562846,H2LA_Station_Opt_Geotab_FCEV70kg_0To8000mi_30stations_5stDist,30,any,$2.00 - $5.00/kg
29.497,-98.399,96569,9.999298921793994,smr-noCCSExisting,11.486880490088303,9303.75914043445,0.0,0.0,1000.0,Onsite,444136.50731562846,H2LA_Station_Opt_Geotab_FCEV70kg_0To8000mi_30stations_5stDist,30,any,$2.00 - $5.00/kg
30.744,-98.233,98497,10.028571780540965,smr-noCCS,11.52073773248092,8658.360300550083,93.3179756457697,0.0,1000.0,Onsite,444136.50731562846,H2LA_Station_Opt_Geotab_FCEV70kg_0To8000mi_30stations_5stDist,30,any,$2.00 - $5.00/kg
32.856,-96.768,99018,10.017126856327891,smr-noCCSExisting,11.507589896183315,9320.53265230442,0.0,0.0,1000.0,Onsite,444136.50731562846,H2LA_Station_Opt_Geotab_FCEV70kg_0To8000mi_30stations_5stDist,30,any,$2.00 - $5.00/kg
32.648,-96.883,99189,9.99880337867006,smr-noCCSExisting,11.486540045277676,9303.48339833707,0.0,0.0,1000.0,Onsite,444136.50731562846,H2LA_Station_Opt_Geotab_FCEV70kg_0To8000mi_30stations_5stDist,30,any,$2.00 - $5.00/kg
32.793,-96.684,99467,10.027143404014042,smr-noCCS,11.519096826899348,8657.127084341846,93.3046842978847,0.0,1000.0,Onsite,444136.50731562846,H2LA_Station_Opt_Geotab_FCEV70kg_0To8000mi_30stations_5stDist,30,any,$2.00 - $5.00/kg
32.793,-96.684,99467,10.027143404014042,smr-noCCS,11.519096826899348,8657.127084341846,93.3046842978847,0.0,1000.0,Pipeline,444136.50731562846,H2LA_Station_Opt_Geotab_FCEV70kg_0To8000mi_30stations_5stDist,30,any,$2.00 - $5.00/kg
32.319,-102.547,104234,1.4284819583740604,electrolyzerExisting,1.5751327184748618,7188.116266392854,0.0,0.0,1000.0,Onsite,951059.3021360356,H2LA_Station_Opt_Geotab_FCEV70kg_0To8000mi_30stations_5stDist,30,low_carbon,$2.00 - $5.00/kg
34.257,-110.024,4395,1.1074802611903456,electrolyzerExisting,1.0,5310.751884577541,0.0,0.0,4500.0,Onsite,951059.3021360356,H2LA_Station_Opt_Geotab_FCEV70kg_0To8000mi_30stations_5stDist,30,low_carbon,$5.50 - $8.50/kg
32.273,-107.714,71615,9.931175645699398,electrolyzer,10.950729640462653,43297.99519616219,38.43706103802391,0.0,2000.0,Onsite,951059.3021360356,H2LA_Station_Opt_Geotab_FCEV70kg_0To8000mi_30stations_5stDist,30,low_carbon,$3.00 - $6.00/kg
34.946,-104.637,72146,9.818882144888,electrolyzerExisting,11.018119132076752,45411.960875102974,0.0,0.0,1500.0,Onsite,951059.3021360356,H2LA_Station_Opt_Geotab_FCEV70kg_0To8000mi_30stations_5stDist,30,low_carbon,$2.50 - $5.50/kg
37.64275382,-121.8775366,alamedaCA,,smr-CCSExisting,21.48770433337546,53893.88113873911,0.0,0.0,,Onsite,951059.3021360356,H2LA_Station_Opt_Geotab_FCEV70kg_0To8000mi_30stations_5stDist,30,low_carbon,
37.64275382,-121.8775366,alamedaCA,,smr-CCSExisting,21.48770433337546,53893.88113873911,0.0,0.0,,Pipeline,951059.3021360356,H2LA_Station_Opt_Geotab_FCEV70kg_0To8000mi_30stations_5stDist,30,low_carbon,
29.84087424,-97.63039017,caldwellTX,,smr-CCS,23.007622332117688,23000.14356220744,18.636174089015324,167.72556680113794,,Onsite,951059.3021360356,H2LA_Station_Opt_Geotab_FCEV70kg_0To8000mi_30stations_5stDist,30,low_carbon,
29.84087424,-97.63039017,caldwellTX,,smr-CCS,23.007622332117688,23000.14356220744,18.636174089015324,167.72556680113794,,Pipeline,951059.3021360356,H2LA_Station_Opt_Geotab_FCEV70kg_0To8000mi_30stations_5stDist,30,low_carbon,
29.84087424,-97.63039017,caldwellTX,,smr-CCSExisting,11.486880490749844,12491.934735139215,0.0,0.0,,Onsite,951059.3021360356,H2LA_Station_Opt_Geotab_FCEV70kg_0To8000mi_30stations_5stDist,30,low_carbon,
29.84087424,-97.63039017,caldwellTX,,smr-CCSExisting,11.486880490749844,12491.934735139215,0.0,0.0,,Pipeline,951059.3021360356,H2LA_Station_Opt_Geotab_FCEV70kg_0To8000mi_30stations_5stDist,30,low_carbon,
32.77382278,-96.77460664,dallasTX,,smr-CCS,11.514824611680837,11511.08164673711,9.327007935461475,83.94307141915331,,Onsite,951059.3021360356,H2LA_Station_Opt_Geotab_FCEV70kg_0To8000mi_30stations_5stDist,30,low_carbon,
32.77382278,-96.77460664,dallasTX,,smr-CCS,11.514824611680837,11511.08164673711,9.327007935461475,83.94307141915331,,Pipeline,951059.3021360356,H2LA_Station_Opt_Geotab_FCEV70kg_0To8000mi_30stations_5stDist,30,low_carbon,
32.77382278,-96.77460664,dallasTX,,smr-CCSExisting,31.59366260120377,34357.97661349148,0.0,0.0,,Onsite,951059.3021360356,H2LA_Station_Opt_Geotab_FCEV70kg_0To8000mi_30stations_5stDist,30,low_carbon,
32.77382278,-96.77460664,dallasTX,,smr-CCSExisting,31.59366260120377,34357.97661349148,0.0,0.0,,Pipeline,951059.3021360356,H2LA_Station_Opt_Geotab_FCEV70kg_0To8000mi_30stations_5stDist,30,low_carbon,
33.73341025,-113.9782551,laPazAZ,,smr-CCSExisting,13.44086021505377,20012.587950047106,0.0,0.0,,Onsite,951059.3021360356,H2LA_Station_Opt_Geotab_FCEV70kg_0To8000mi_30stations_5stDist,30,low_carbon,
33.73341025,-113.9782551,laPazAZ,,smr-CCSExisting,13.44086021505377,20012.587950047106,0.0,0.0,,Pipeline,951059.3021360356,H2LA_Station_Opt_Geotab_FCEV70kg_0To8000mi_30stations_5stDist,30,low_carbon,
30.15482974,-94.81749325,libertyTX,,smr-CCS,11.485141036818105,11481.40772070394,9.302964239822662,83.72667815840398,,Onsite,951059.3021360356,H2LA_Station_Opt_Geotab_FCEV70kg_0To8000mi_30stations_5stDist,30,low_carbon,
30.15482974,-94.81749325,libertyTX,,smr-CCS,11.485141036818105,11481.40772070394,9.302964239822662,83.72667815840398,,Pipeline,951059.3021360356,H2LA_Station_Opt_Geotab_FCEV70kg_0To8000mi_30stations_5stDist,30,low_carbon,
30.15482974,-94.81749325,libertyTX,,smr-CCSExisting,68.95401109333241,74987.20013743767,0.0,0.0,,Onsite,951059.3021360356,H2LA_Station_Opt_Geotab_FCEV70kg_0To8000mi_30stations_5stDist,30,low_carbon,
30.15482974,-94.81749325,libertyTX,,smr-CCSExisting,68.95401109333241,74987.20013743767,0.0,0.0,,Pipeline,951059.3021360356,H2LA_Station_Opt_Geotab_FCEV70kg_0To8000mi_30stations_5stDist,30,low_carbon,
34.32209948,-118.2225598,losAngelesCA,,smr-CCSExisting,22.967868292176146,66476.4773061364,0.0,0.0,,Onsite,951059.3021360356,H2LA_Station_Opt_Geotab_FCEV70kg_0To8000mi_30stations_5stDist,30,low_carbon,
34.32209948,-118.2225598,losAngelesCA,,smr-CCSExisting,22.967868292176146,66476.4773061364,0.0,0.0,,Pipeline,951059.3021360356,H2LA_Station_Opt_Geotab_FCEV70kg_0To8000mi_30stations_5stDist,30,low_carbon,
28.00346828,-97.51134264,sanPatricioTX,,smr-CCSExisting,11.48770650490522,12492.83301937718,0.0,0.0,,Onsite,951059.3021360356,H2LA_Station_Opt_Geotab_FCEV70kg_0To8000mi_30stations_5stDist,30,low_carbon,
28.00346828,-97.51134264,sanPatricioTX,,smr-CCSExisting,11.48770650490522,12492.83301937718,0.0,0.0,,Pipeline,951059.3021360356,H2LA_Station_Opt_Geotab_FCEV70kg_0To8000mi_30stations_5stDist,30,low_carbon,
30.89254422,-100.5366337,schleicherTX,,smr-CCSExisting,11.367624600662104,12362.24445106335,0.0,0.0,,Onsite,951059.3021360356,H2LA_Station_Opt_Geotab_FCEV70kg_0To8000mi_30stations_5stDist,30,low_carbon,
30.89254422,-100.5366337,schleicherTX,,smr-CCSExisting,11.367624600662104,12362.24445106335,0.0,0.0,,Pipeline,951059.3021360356,H2LA_Station_Opt_Geotab_FCEV70kg_0To8000mi_30stations_5stDist,30,low_carbon,
39.03361022,-121.6882005,sutterCA,,smr-CCSExisting,38.96517025090788,101993.60880643917,0.0,0.0,,Onsite,951059.3021360356,H2LA_Station_Opt_Geotab_FCEV70kg_0To8000mi_30stations_5stDist,30,low_carbon,
39.03361022,-121.6882005,sutterCA,,smr-CCSExisting,38.96517025090788,101993.60880643917,0.0,0.0,,Pipeline,951059.3021360356,H2LA_Station_Opt_Geotab_FCEV70kg_0To8000mi_30stations_5stDist,30,low_carbon,
29.779,-95.124,100467,9.997597256673924,electrolyzerExisting,11.02397022032924,50307.87465759532,0.0,0.0,1000.0,Onsite,1777651.9566601738,H2LA_Station_Opt_Geotab_FCEV70kg_0To8000mi_30stations_5stDist,30,electrolysis,$2.00 - $5.00/kg
29.779,-95.124,100467,9.997597256673924,electrolyzerExisting,11.02397022032924,50307.87465759532,0.0,0.0,1000.0,Pipeline,1777651.9566601738,H2LA_Station_Opt_Geotab_FCEV70kg_0To8000mi_30stations_5stDist,30,electrolysis,$2.00 - $5.00/kg
29.93,-95.314,100920,10.001569356567128,electrolyzerExisting,11.032421529674629,50333.16118195978,0.0,0.0,1000.0,Onsite,1777651.9566601738,H2LA_Station_Opt_Geotab_FCEV70kg_0To8000mi_30stations_5stDist,30,electrolysis,$2.00 - $5.00/kg
29.93,-95.314,100920,10.001569356567128,electrolyzerExisting,11.032421529674629,50333.16118195978,0.0,0.0,1000.0,Pipeline,1777651.9566601738,H2LA_Station_Opt_Geotab_FCEV70kg_0To8000mi_30stations_5stDist,30,electrolysis,$2.00 - $5.00/kg
29.804,-94.981,100951,9.992768210876598,electrolyzerExisting,11.018645419337217,50283.57493476141,0.0,0.0,1000.0,Onsite,1777651.9566601738,H2LA_Station_Opt_Geotab_FCEV70kg_0To8000mi_30stations_5stDist,30,electrolysis,$2.00 - $5.00/kg
29.804,-94.981,100951,9.992768210876598,electrolyzerExisting,11.018645419337217,50283.57493476141,0.0,0.0,1000.0,Pipeline,1777651.9566601738,H2LA_Station_Opt_Geotab_FCEV70kg_0To8000mi_30stations_5stDist,30,electrolysis,$2.00 - $5.00/kg
29.813,-95.292,101729,9.999670811763584,electrolyzerExisting,11.026614519137803,50318.77455623964,0.0,0.0,1000.0,Onsite,1777651.9566601738,H2LA_Station_Opt_Geotab_FCEV70kg_0To8000mi_30stations_5stDist,30,electrolysis,$2.00 - $5.00/kg
29.813,-95.292,101729,9.999670811763584,electrolyzerExisting,11.026614519137803,50318.77455623964,0.0,0.0,1000.0,Pipeline,1777651.9566601738,H2LA_Station_Opt_Geotab_FCEV70kg_0To8000mi_30stations_5stDist,30,electrolysis,$2.00 - $5.00/kg
27.799,-97.659,102754,9.999818754221463,electrolyzerExisting,11.026419788605606,50319.05325943746,0.0,0.0,1000.0,Onsite,1777651.9566601738,H2LA_Station_Opt_Geotab_FCEV70kg_0To8000mi_30stations_5stDist,30,electrolysis,$2.00 - $5.00/kg
30.022,-93.845,102997,9.999190245046144,electrolyzerExisting,11.02572675479665,50315.8906004954,0.0,0.0,1000.0,Onsite,1777651.9566601738,H2LA_Station_Opt_Geotab_FCEV70kg_0To8000mi_30stations_5stDist,30,electrolysis,$2.00 - $5.00/kg
30.376,-97.726,103539,9.99890410328571,electrolyzer,11.025411230151992,47728.28221438482,38.69919341783349,0.0,1000.0,Onsite,1777651.9566601738,H2LA_Station_Opt_Geotab_FCEV70kg_0To8000mi_30stations_5stDist,30,electrolysis,$2.00 - $5.00/kg
30.376,-97.726,103539,9.99890410328571,electrolyzer,11.025411230151992,47728.28221438482,38.69919341783349,0.0,1000.0,Pipeline,1777651.9566601738,H2LA_Station_Opt_Geotab_FCEV70kg_0To8000mi_30stations_5stDist,30,electrolysis,$2.00 - $5.00/kg
32.319,-102.547,104234,1.4284819583740604,electrolyzerExisting,1.5751327205467234,7188.116249462715,0.0,0.0,1000.0,Onsite,1777651.9566601738,H2LA_Station_Opt_Geotab_FCEV70kg_0To8000mi_30stations_5stDist,30,electrolysis,$2.00 - $5.00/kg
30.7,-101.207,107617,9.89528986427132,electrolyzerExisting,10.911159752174928,49793.06422373674,0.0,0.0,1000.0,Onsite,1777651.9566601738,H2LA_Station_Opt_Geotab_FCEV70kg_0To8000mi_30stations_5stDist,30,electrolysis,$2.00 - $5.00/kg
30.035,-94.15,108840,9.997258059612085,electrolyzerExisting,11.02359620759738,50306.16785094956,0.0,0.0,1000.0,Onsite,1777651.9566601738,H2LA_Station_Opt_Geotab_FCEV70kg_0To8000mi_30stations_5stDist,30,electrolysis,$2.00 - $5.00/kg
30.035,-94.15,108840,9.997258059612085,electrolyzerExisting,11.02359620759738,50306.16785094956,0.0,0.0,1000.0,Pipeline,1777651.9566601738,H2LA_Station_Opt_Geotab_FCEV70kg_0To8000mi_30stations_5stDist,30,electrolysis,$2.00 - $5.00/kg
30.209,-95.526,109345,9.998295979934555,electrolyzer,11.024740677487632,47725.379435872885,38.69683977798159,0.0,1000.0,Onsite,1777651.9566601738,H2LA_Station_Opt_Geotab_FCEV70kg_0To8000mi_30stations_5stDist,30,electrolysis,$2.00 - $5.00/kg
37.587,-122.364,11279,3.2918855392461026,electrolyzerExisting,3.629836971147008,37991.2490147525,0.0,0.0,3000.0,Onsite,1777651.9566601738,H2LA_Station_Opt_Geotab_FCEV70kg_0To8000mi_30stations_5stDist,30,electrolysis,$4.00 - $7.00/kg
37.587,-122.364,11279,3.2918855392461026,electrolyzerExisting,3.629836971147008,37991.2490147525,0.0,0.0,3000.0,Pipeline,1777651.9566601738,H2LA_Station_Opt_Geotab_FCEV70kg_0To8000mi_30stations_5stDist,30,electrolysis,$4.00 - $7.00/kg
37.705,-122.407,11323,2.438309003936788,electrolyzerExisting,2.688630592416012,28140.22645013756,0.0,0.0,3000.0,Onsite,1777651.9566601738,H2LA_Station_Opt_Geotab_FCEV70kg_0To8000mi_30stations_5stDist,30,electrolysis,$4.00 - $7.00/kg
38.525,-121.463,11536,9.999732003800569,electrolyzerExisting,11.026324127197183,115405.6859752989,0.0,0.0,3000.0,Onsite,1777651.9566601738,H2LA_Station_Opt_Geotab_FCEV70kg_0To8000mi_30stations_5stDist,30,electrolysis,$4.00 - $7.00/kg
38.525,-121.463,11536,9.999732003800569,electrolyzerExisting,11.026324127197183,115405.6859752989,0.0,0.0,3000.0,Pipeline,1777651.9566601738,H2LA_Station_Opt_Geotab_FCEV70kg_0To8000mi_30stations_5stDist,30,electrolysis,$4.00 - $7.00/kg
33.945,-118.291,12678,9.994198701745114,electrolyzerExisting,11.02022276522218,115341.82680918094,0.0,0.0,3000.0,Onsite,1777651.9566601738,H2LA_Station_Opt_Geotab_FCEV70kg_0To8000mi_30stations_5stDist,30,electrolysis,$4.00 - $7.00/kg
33.945,-118.291,12678,9.994198701745114,electrolyzerExisting,11.02022276522218,115341.82680918094,0.0,0.0,3000.0,Pipeline,1777651.9566601738,H2LA_Station_Opt_Geotab_FCEV70kg_0To8000mi_30stations_5stDist,30,electrolysis,$4.00 - $7.00/kg
37.812,-121.294,14201,10.008496091149013,electrolyzerExisting,11.035987946521702,115506.83116978276,0.0,0.0,3000.0,Onsite,1777651.9566601738,H2LA_Station_Opt_Geotab_FCEV70kg_0To8000mi_30stations_5stDist,30,electrolysis,$4.00 - $7.00/kg
37.954,-121.271,14295,9.999816867185777,electrolyzerExisting,11.02641770860092,115406.66543372658,0.0,0.0,3000.0,Onsite,1777651.9566601738,H2LA_Station_Opt_Geotab_FCEV70kg_0To8000mi_30stations_5stDist,30,electrolysis,$4.00 - $7.00/kg
37.954,-121.271,14295,9.999816867185777,electrolyzerExisting,11.02641770860092,115406.66543372658,0.0,0.0,3000.0,Pipeline,1777651.9566601738,H2LA_Station_Opt_Geotab_FCEV70kg_0To8000mi_30stations_5stDist,30,electrolysis,$4.00 - $7.00/kg
34.07,-117.37,15891,9.998871283836175,electrolyzerExisting,11.025375048854064,115395.75251785824,0.0,0.0,3000.0,Onsite,1777651.9566601738,H2LA_Station_Opt_Geotab_FCEV70kg_0To8000mi_30stations_5stDist,30,electrolysis,$4.00 - $7.00/kg
34.257,-110.024,4395,1.1074802611903456,electrolyzer,0.999999980492884,5271.707064444388,3.509999931530023,0.0,4500.0,Onsite,1777651.9566601738,H2LA_Station_Opt_Geotab_FCEV70kg_0To8000mi_30stations_5stDist,30,electrolysis,$5.50 - $8.50/kg
34.257,-110.024,4395,1.1074802611903456,electrolyzerExisting,1.0,2188.244469471229,0.0,0.0,4500.0,Onsite,1777651.9566601738,H2LA_Station_Opt_Geotab_FCEV70kg_0To8000mi_30stations_5stDist,30,electrolysis,$5.50 - $8.50/kg
32.273,-107.714,71615,9.931175645699398,electrolyzer,10.95072964345297,43297.99520798558,38.43706104851992,0.0,2000.0,Onsite,1777651.9566601738,H2LA_Station_Opt_Geotab_FCEV70kg_0To8000mi_30stations_5stDist,30,electrolysis,$3.00 - $6.00/kg
34.946,-104.637,72146,9.818882144888,electrolyzerExisting,11.018119130281686,45411.96088100053,0.0,0.0,1500.0,Onsite,1777651.9566601738,H2LA_Station_Opt_Geotab_FCEV70kg_0To8000mi_30stations_5stDist,30,electrolysis,$2.50 - $5.50/kg
38.054,-122.155,8266,9.973356340433536,electrolyzerExisting,10.997240686150658,115101.28766215502,0.0,0.0,3000.0,Onsite,1777651.9566601738,H2LA_Station_Opt_Geotab_FCEV70kg_0To8000mi_30stations_5stDist,30,electrolysis,$4.00 - $7.00/kg
33.152,-96.287,95977,7.46549201611862,electrolyzerExisting,8.231914085574346,37566.3298913374,0.0,0.0,1000.0,Onsite,1777651.9566601738,H2LA_Station_Opt_Geotab_FCEV70kg_0To8000mi_30stations_5stDist,30,electrolysis,$2.00 - $5.00/kg
29.497,-98.399,96569,9.999298921793994,electrolyzerExisting,11.025626936917345,50315.4350817249,0.0,0.0,1000.0,Onsite,1777651.9566601738,H2LA_Station_Opt_Geotab_FCEV70kg_0To8000mi_30stations_5stDist,30,electrolysis,$2.00 - $5.00/kg
30.744,-98.233,98497,10.028571780540965,electrolyzer,11.058124651772337,47869.89647136817,38.81401752772089,0.0,1000.0,Onsite,1777651.9566601738,H2LA_Station_Opt_Geotab_FCEV70kg_0To8000mi_30stations_5stDist,30,electrolysis,$2.00 - $5.00/kg
32.856,-96.768,99018,10.017126856327891,electrolyzerExisting,11.045504767976464,50406.14753952372,0.0,0.0,1000.0,Onsite,1777651.9566601738,H2LA_Station_Opt_Geotab_FCEV70kg_0To8000mi_30stations_5stDist,30,electrolysis,$2.00 - $5.00/kg
32.648,-96.883,99189,9.99880337867006,electrolyzerExisting,11.025300167305778,50313.943869000985,0.0,0.0,1000.0,Onsite,1777651.9566601738,H2LA_Station_Opt_Geotab_FCEV70kg_0To8000mi_30stations_5stDist,30,electrolysis,$2.00 - $5.00/kg
32.793,-96.684,99467,10.027143404014042,electrolyzer,11.056549635303904,47863.07832835941,38.8084892199167,0.0,1000.0,Onsite,1777651.9566601738,H2LA_Station_Opt_Geotab_FCEV70kg_0To8000mi_30stations_5stDist,30,electrolysis,$2.00 - $5.00/kg
32.793,-96.684,99467,10.027143404014042,electrolyzer,11.056549635303904,47863.07832835941,38.8084892199167,0.0,1000.0,Pipeline,1777651.9566601738,H2LA_Station_Opt_Geotab_FCEV70kg_0To8000mi_30stations_5stDist,30,electrolysis,$2.00 - $5.00/kg
33.73341025,-113.9782551,laPazAZ,,electrolyzerExisting,12.901144976616688,58198.21707286628,0.0,0.0,,Onsite,1777651.9566601738,H2LA_Station_Opt_Geotab_FCEV70kg_0To8000mi_30stations_5stDist,30,electrolysis,
33.73341025,-113.9782551,laPazAZ,,electrolyzerExisting,12.901144976616688,58198.21707286628,0.0,0.0,,Pipeline,1777651.9566601738,H2LA_Station_Opt_Geotab_FCEV70kg_0To8000mi_30stations_5stDist,30,electrolysis,
32.319,-102.547,104234,1.4284819583740604,electrolyzerExisting,1.5751327184748618,7188.116266392854,0.0,0.0,1000.0,Onsite,951059.3021360356,H2LA_Station_Opt_Geotab_FCEV70kg_0To8000mi_30stations_5stDist,30,low_carbon,$2.00 - $5.00/kg
34.257,-110.024,4395,1.1074802611903456,electrolyzerExisting,1.0,5310.751884577541,0.0,0.0,4500.0,Onsite,951059.3021360356,H2LA_Station_Opt_Geotab_FCEV70kg_0To8000mi_30stations_5stDist,30,low_carbon,$5.50 - $8.50/kg
32.273,-107.714,71615,9.931175645699398,electrolyzer,10.950729640462653,43297.99519616219,38.43706103802391,0.0,2000.0,Onsite,951059.3021360356,H2LA_Station_Opt_Geotab_FCEV70kg_0To8000mi_30stations_5stDist,30,low_carbon,$3.00 - $6.00/kg
34.946,-104.637,72146,9.818882144888,electrolyzerExisting,11.018119132076752,45411.960875102974,0.0,0.0,1500.0,Onsite,951059.3021360356,H2LA_Station_Opt_Geotab_FCEV70kg_0To8000mi_30stations_5stDist,30,low_carbon,$2.50 - $5.50/kg
37.64275382,-121.8775366,alamedaCA,,smr-CCSExisting,21.48770433337546,53893.88113873911,0.0,0.0,,Onsite,951059.3021360356,H2LA_Station_Opt_Geotab_FCEV70kg_0To8000mi_30stations_5stDist,30,low_carbon,
37.64275382,-121.8775366,alamedaCA,,smr-CCSExisting,21.48770433337546,53893.88113873911,0.0,0.0,,Pipeline,951059.3021360356,H2LA_Station_Opt_Geotab_FCEV70kg_0To8000mi_30stations_5stDist,30,low_carbon,
29.84087424,-97.63039017,caldwellTX,,smr-CCS,23.007622332117688,23000.14356220744,18.636174089015324,167.72556680113794,,Onsite,951059.3021360356,H2LA_Station_Opt_Geotab_FCEV70kg_0To8000mi_30stations_5stDist,30,low_carbon,
29.84087424,-97.63039017,caldwellTX,,smr-CCS,23.007622332117688,23000.14356220744,18.636174089015324,167.72556680113794,,Pipeline,951059.3021360356,H2LA_Station_Opt_Geotab_FCEV70kg_0To8000mi_30stations_5stDist,30,low_carbon,
29.84087424,-97.63039017,caldwellTX,,smr-CCSExisting,11.486880490749844,12491.934735139215,0.0,0.0,,Onsite,951059.3021360356,H2LA_Station_Opt_Geotab_FCEV70kg_0To8000mi_30stations_5stDist,30,low_carbon,
29.84087424,-97.63039017,caldwellTX,,smr-CCSExisting,11.486880490749844,12491.934735139215,0.0,0.0,,Pipeline,951059.3021360356,H2LA_Station_Opt_Geotab_FCEV70kg_0To8000mi_30stations_5stDist,30,low_carbon,
32.77382278,-96.77460664,dallasTX,,smr-CCS,11.514824611680837,11511.08164673711,9.327007935461475,83.94307141915331,,Onsite,951059.3021360356,H2LA_Station_Opt_Geotab_FCEV70kg_0To8000mi_30stations_5stDist,30,low_carbon,
32.77382278,-96.77460664,dallasTX,,smr-CCS,11.514824611680837,11511.08164673711,9.327007935461475,83.94307141915331,,Pipeline,951059.3021360356,H2LA_Station_Opt_Geotab_FCEV70kg_0To8000mi_30stations_5stDist,30,low_carbon,
32.77382278,-96.77460664,dallasTX,,smr-CCSExisting,31.59366260120377,34357.97661349148,0.0,0.0,,Onsite,951059.3021360356,H2LA_Station_Opt_Geotab_FCEV70kg_0To8000mi_30stations_5stDist,30,low_carbon,
32.77382278,-96.77460664,dallasTX,,smr-CCSExisting,31.59366260120377,34357.97661349148,0.0,0.0,,Pipeline,951059.3021360356,H2LA_Station_Opt_Geotab_FCEV70kg_0To8000mi_30stations_5stDist,30,low_carbon,
33.73341025,-113.9782551,laPazAZ,,smr-CCSExisting,13.44086021505377,20012.587950047106,0.0,0.0,,Onsite,951059.3021360356,H2LA_Station_Opt_Geotab_FCEV70kg_0To8000mi_30stations_5stDist,30,low_carbon,
33.73341025,-113.9782551,laPazAZ,,smr-CCSExisting,13.44086021505377,20012.587950047106,0.0,0.0,,Pipeline,951059.3021360356,H2LA_Station_Opt_Geotab_FCEV70kg_0To8000mi_30stations_5stDist,30,low_carbon,
30.15482974,-94.81749325,libertyTX,,smr-CCS,11.485141036818105,11481.40772070394,9.302964239822662,83.72667815840398,,Onsite,951059.3021360356,H2LA_Station_Opt_Geotab_FCEV70kg_0To8000mi_30stations_5stDist,30,low_carbon,
30.15482974,-94.81749325,libertyTX,,smr-CCS,11.485141036818105,11481.40772070394,9.302964239822662,83.72667815840398,,Pipeline,951059.3021360356,H2LA_Station_Opt_Geotab_FCEV70kg_0To8000mi_30stations_5stDist,30,low_carbon,
30.15482974,-94.81749325,libertyTX,,smr-CCSExisting,68.95401109333241,74987.20013743767,0.0,0.0,,Onsite,951059.3021360356,H2LA_Station_Opt_Geotab_FCEV70kg_0To8000mi_30stations_5stDist,30,low_carbon,
30.15482974,-94.81749325,libertyTX,,smr-CCSExisting,68.95401109333241,74987.20013743767,0.0,0.0,,Pipeline,951059.3021360356,H2LA_Station_Opt_Geotab_FCEV70kg_0To8000mi_30stations_5stDist,30,low_carbon,
34.32209948,-118.2225598,losAngelesCA,,smr-CCSExisting,22.967868292176146,66476.4773061364,0.0,0.0,,Onsite,951059.3021360356,H2LA_Station_Opt_Geotab_FCEV70kg_0To8000mi_30stations_5stDist,30,low_carbon,
34.32209948,-118.2225598,losAngelesCA,,smr-CCSExisting,22.967868292176146,66476.4773061364,0.0,0.0,,Pipeline,951059.3021360356,H2LA_Station_Opt_Geotab_FCEV70kg_0To8000mi_30stations_5stDist,30,low_carbon,
28.00346828,-97.51134264,sanPatricioTX,,smr-CCSExisting,11.48770650490522,12492.83301937718,0.0,0.0,,Onsite,951059.3021360356,H2LA_Station_Opt_Geotab_FCEV70kg_0To8000mi_30stations_5stDist,30,low_carbon,
28.00346828,-97.51134264,sanPatricioTX,,smr-CCSExisting,11.48770650490522,12492.83301937718,0.0,0.0,,Pipeline,951059.3021360356,H2LA_Station_Opt_Geotab_FCEV70kg_0To8000mi_30stations_5stDist,30,low_carbon,
30.89254422,-100.5366337,schleicherTX,,smr-CCSExisting,11.367624600662104,12362.24445106335,0.0,0.0,,Onsite,951059.3021360356,H2LA_Station_Opt_Geotab_FCEV70kg_0To8000mi_30stations_5stDist,30,low_carbon,
30.89254422,-100.5366337,schleicherTX,,smr-CCSExisting,11.367624600662104,12362.24445106335,0.0,0.0,,Pipeline,951059.3021360356,H2LA_Station_Opt_Geotab_FCEV70kg_0To8000mi_30stations_5stDist,30,low_carbon,
39.03361022,-121.6882005,sutterCA,,smr-CCSExisting,38.96517025090788,101993.60880643917,0.0,0.0,,Onsite,951059.3021360356,H2LA_Station_Opt_Geotab_FCEV70kg_0To8000mi_30stations_5stDist,30,low_carbon,
39.03361022,-121.6882005,sutterCA,,smr-CCSExisting,38.96517025090788,101993.60880643917,0.0,0.0,,Pipeline,951059.3021360356,H2LA_Station_Opt_Geotab_FCEV70kg_0To8000mi_30stations_5stDist,30,low_carbon,
29.779,-95.124,100467,9.997597256673924,smr-noCCSExisting,11.485154458411923,9302.361147298849,0.0,0.0,1000.0,Onsite,444136.50731562846,H2LA_Station_Opt_Geotab_FCEV70kg_0To8000mi_30stations_5stDist,30,any,$2.00 - $5.00/kg
29.779,-95.124,100467,9.997597256673924,smr-noCCSExisting,11.485154458411923,9302.361147298849,0.0,0.0,1000.0,Pipeline,444136.50731562846,H2LA_Station_Opt_Geotab_FCEV70kg_0To8000mi_30stations_5stDist,30,any,$2.00 - $5.00/kg
29.93,-95.314,100920,10.001569356567128,smr-noCCSExisting,11.493959328655404,9307.431519713298,0.0,0.0,1000.0,Onsite,444136.50731562846,H2LA_Station_Opt_Geotab_FCEV70kg_0To8000mi_30stations_5stDist,30,any,$2.00 - $5.00/kg
29.93,-95.314,100920,10.001569356567128,smr-noCCSExisting,11.493959328655404,9307.431519713298,0.0,0.0,1000.0,Pipeline,444136.50731562846,H2LA_Station_Opt_Geotab_FCEV70kg_0To8000mi_30stations_5stDist,30,any,$2.00 - $5.00/kg
29.804,-94.981,100951,9.992768210876598,smr-noCCSExisting,11.47960689454413,9297.867916869762,0.0,0.0,1000.0,Onsite,444136.50731562846,H2LA_Station_Opt_Geotab_FCEV70kg_0To8000mi_30stations_5stDist,30,any,$2.00 - $5.00/kg
29.804,-94.981,100951,9.992768210876598,smr-noCCSExisting,11.47960689454413,9297.867916869762,0.0,0.0,1000.0,Pipeline,444136.50731562846,H2LA_Station_Opt_Geotab_FCEV70kg_0To8000mi_30stations_5stDist,30,any,$2.00 - $5.00/kg
29.813,-95.292,101729,9.999670811763584,smr-noCCSExisting,11.487909382268624,9304.411322291238,0.0,0.0,1000.0,Onsite,444136.50731562846,H2LA_Station_Opt_Geotab_FCEV70kg_0To8000mi_30stations_5stDist,30,any,$2.00 - $5.00/kg
29.813,-95.292,101729,9.999670811763584,smr-noCCSExisting,11.487909382268624,9304.411322291238,0.0,0.0,1000.0,Pipeline,444136.50731562846,H2LA_Station_Opt_Geotab_FCEV70kg_0To8000mi_30stations_5stDist,30,any,$2.00 - $5.00/kg
27.799,-97.659,102754,9.999818754221463,smr-noCCSExisting,11.48770652102606,9304.428171705402,0.0,0.0,1000.0,Onsite,444136.50731562846,H2LA_Station_Opt_Geotab_FCEV70kg_0To8000mi_30stations_5stDist,30,any,$2.00 - $5.00/kg
30.022,-93.845,102997,9.999190245046144,smr-noCCSExisting,11.486984494240874,9303.843369272208,0.0,0.0,1000.0,Onsite,444136.50731562846,H2LA_Station_Opt_Geotab_FCEV70kg_0To8000mi_30stations_5stDist,30,any,$2.00 - $5.00/kg
30.376,-97.726,103539,9.99890410328571,smr-noCCS,11.4866557593684,8632.746141236023,93.04191165088405,0.0,1000.0,Onsite,444136.50731562846,H2LA_Station_Opt_Geotab_FCEV70kg_0To8000mi_30stations_5stDist,30,any,$2.00 - $5.00/kg
30.376,-97.726,103539,9.99890410328571,smr-noCCS,11.4866557593684,8632.746141236023,93.04191165088405,0.0,1000.0,Pipeline,444136.50731562846,H2LA_Station_Opt_Geotab_FCEV70kg_0To8000mi_30stations_5stDist,30,any,$2.00 - $5.00/kg
32.319,-102.547,104234,1.4284819583740604,smr-noCCSExisting,10.0,4037.785500734335,0.0,0.0,1000.0,Onsite,444136.50731562846,H2LA_Station_Opt_Geotab_FCEV70kg_0To8000mi_30stations_5stDist,30,any,$2.00 - $5.00/kg
30.7,-101.207,107617,9.89528986427132,smr-noCCSExisting,11.367624600621106,9207.168245052677,0.0,0.0,1000.0,Onsite,444136.50731562846,H2LA_Station_Opt_Geotab_FCEV70kg_0To8000mi_30stations_5stDist,30,any,$2.00 - $5.00/kg
30.035,-94.15,108840,9.997258059612085,smr-noCCSExisting,11.48476481654758,9302.045548871689,0.0,0.0,1000.0,Onsite,444136.50731562846,H2LA_Station_Opt_Geotab_FCEV70kg_0To8000mi_30stations_5stDist,30,any,$2.00 - $5.00/kg
30.035,-94.15,108840,9.997258059612085,smr-noCCSExisting,11.48476481654758,9302.045548871689,0.0,0.0,1000.0,Pipeline,444136.50731562846,H2LA_Station_Opt_Geotab_FCEV70kg_0To8000mi_30stations_5stDist,30,any,$2.00 - $5.00/kg
30.209,-95.526,109345,9.998295979934555,smr-noCCS,11.485957151973988,8632.221106396255,93.0362529394388,0.0,1000.0,Onsite,444136.50731562846,H2LA_Station_Opt_Geotab_FCEV70kg_0To8000mi_30stations_5stDist,30,any,$2.00 - $5.00/kg
37.587,-122.364,11279,3.2918855392461026,smr-noCCSExisting,9.999999988783664,11151.580912728778,0.0,0.0,3000.0,Onsite,444136.50731562846,H2LA_Station_Opt_Geotab_FCEV70kg_0To8000mi_30stations_5stDist,30,any,$4.00 - $7.00/kg
37.587,-122.364,11279,3.2918855392461026,smr-noCCSExisting,9.999999988783664,11151.580912728778,0.0,0.0,3000.0,Pipeline,444136.50731562846,H2LA_Station_Opt_Geotab_FCEV70kg_0To8000mi_30stations_5stDist,30,any,$4.00 - $7.00/kg
37.705,-122.407,11323,2.438309003936788,smr-noCCSExisting,10.0,9100.234012229816,0.0,0.0,3000.0,Onsite,444136.50731562846,H2LA_Station_Opt_Geotab_FCEV70kg_0To8000mi_30stations_5stDist,30,any,$4.00 - $7.00/kg
38.525,-121.463,11536,9.999732003800569,smr-noCCSExisting,11.48760684119054,27754.17088841264,0.0,0.0,3000.0,Onsite,444136.50731562846,H2LA_Station_Opt_Geotab_FCEV70kg_0To8000mi_30stations_5stDist,30,any,$4.00 - $7.00/kg
38.525,-121.463,11536,9.999732003800569,smr-noCCSExisting,11.48760684119054,27754.17088841264,0.0,0.0,3000.0,Pipeline,444136.50731562846,H2LA_Station_Opt_Geotab_FCEV70kg_0To8000mi_30stations_5stDist,30,any,$4.00 - $7.00/kg
33.945,-118.291,12678,9.994198701745114,smr-noCCSExisting,11.481250231748378,27738.81323420209,0.0,0.0,3000.0,Onsite,444136.50731562846,H2LA_Station_Opt_Geotab_FCEV70kg_0To8000mi_30stations_5stDist,30,any,$4.00 - $7.00/kg
33.945,-118.291,12678,9.994198701745114,smr-noCCSExisting,11.481250231748378,27738.81323420209,0.0,0.0,3000.0,Pipeline,444136.50731562846,H2LA_Station_Opt_Geotab_FCEV70kg_0To8000mi_30stations_5stDist,30,any,$4.00 - $7.00/kg
37.812,-121.294,14201,10.008496091149013,smr-noCCSExisting,11.497674947484638,27778.495556017697,0.0,0.0,3000.0,Onsite,444136.50731562846,H2LA_Station_Opt_Geotab_FCEV70kg_0To8000mi_30stations_5stDist,30,any,$4.00 - $7.00/kg
37.954,-121.271,14295,9.999816867185777,smr-noCCSExisting,11.487704339720612,27754.40646867932,0.0,0.0,3000.0,Onsite,444136.50731562846,H2LA_Station_Opt_Geotab_FCEV70kg_0To8000mi_30stations_5stDist,30,any,$4.00 - $7.00/kg
37.954,-121.271,14295,9.999816867185777,smr-noCCSExisting,11.487704339720612,27754.40646867932,0.0,0.0,3000.0,Pipeline,444136.50731562846,H2LA_Station_Opt_Geotab_FCEV70kg_0To8000mi_30stations_5stDist,30,any,$4.00 - $7.00/kg
34.07,-117.37,15891,9.998871283836175,smr-noCCSExisting,11.486618056574336,27751.781998003054,0.0,0.0,3000.0,Onsite,444136.50731562846,H2LA_Station_Opt_Geotab_FCEV70kg_0To8000mi_30stations_5stDist,30,any,$4.00 - $7.00/kg
34.257,-110.024,4395,1.1074802611903456,electrolyzerExisting,1.0,1301.490576577515,0.0,0.0,4500.0,Onsite,444136.50731562846,H2LA_Station_Opt_Geotab_FCEV70kg_0To8000mi_30stations_5stDist,30,any,$5.50 - $8.50/kg
34.257,-110.024,4395,1.1074802611903456,smr-noCCS,9.99999963434066,4537.897407968591,10.30533727656121,0.0,4500.0,Onsite,444136.50731562846,H2LA_Station_Opt_Geotab_FCEV70kg_0To8000mi_30stations_5stDist,30,any,$5.50 - $8.50/kg
32.273,-107.714,71615,9.931175645699398,smr-noCCS,11.408849889850384,13819.10936393915,92.41168414581084,0.0,2000.0,Onsite,444136.50731562846,H2LA_Station_Opt_Geotab_FCEV70kg_0To8000mi_30stations_5stDist,30,any,$3.00 - $6.00/kg
34.946,-104.637,72146,9.818882144888,smr-noCCSExisting,11.479058592527029,14338.192235612069,0.0,0.0,1500.0,Onsite,444136.50731562846,H2LA_Station_Opt_Geotab_FCEV70kg_0To8000mi_30stations_5stDist,30,any,$2.50 - $5.50/kg
38.054,-122.155,8266,9.973356340433536,smr-noCCSExisting,11.457311855818288,27680.977925235653,0.0,0.0,3000.0,Onsite,444136.50731562846,H2LA_Station_Opt_Geotab_FCEV70kg_0To8000mi_30stations_5stDist,30,any,$4.00 - $7.00/kg
34.179,-118.857,9130,1.53947475328024,smr-noCCSExisting,10.0,6940.12209996847,0.0,0.0,3000.0,Onsite,444136.50731562846,H2LA_Station_Opt_Geotab_FCEV70kg_0To8000mi_30stations_5stDist,30,any,$4.00 - $7.00/kg
32.801,-115.57,9454,6.145768334689193,smr-noCCSExisting,10.0,18010.138131952157,0.0,0.0,3000.0,Onsite,444136.50731562846,H2LA_Station_Opt_Geotab_FCEV70kg_0To8000mi_30stations_5stDist,30,any,$4.00 - $7.00/kg
33.152,-96.287,95977,7.46549201611862,smr-noCCSExisting,10.0,7407.677037051891,0.0,0.0,1000.0,Onsite,444136.50731562846,H2LA_Station_Opt_Geotab_FCEV70kg_0To8000mi_30stations_5stDist,30,any,$2.00 - $5.00/kg
29.497,-98.399,96569,9.999298921793994,smr-noCCSExisting,11.486880490088303,9303.75914043445,0.0,0.0,1000.0,Onsite,444136.50731562846,H2LA_Station_Opt_Geotab_FCEV70kg_0To8000mi_30stations_5stDist,30,any,$2.00 - $5.00/kg
30.744,-98.233,98497,10.028571780540965,smr-noCCS,11.52073773248092,8658.360300550083,93.3179756457697,0.0,1000.0,Onsite,444136.50731562846,H2LA_Station_Opt_Geotab_FCEV70kg_0To8000mi_30stations_5stDist,30,any,$2.00 - $5.00/kg
32.856,-96.768,99018,10.017126856327891,smr-noCCSExisting,11.507589896183315,9320.53265230442,0.0,0.0,1000.0,Onsite,444136.50731562846,H2LA_Station_Opt_Geotab_FCEV70kg_0To8000mi_30stations_5stDist,30,any,$2.00 - $5.00/kg
32.648,-96.883,99189,9.99880337867006,smr-noCCSExisting,11.486540045277676,9303.48339833707,0.0,0.0,1000.0,Onsite,444136.50731562846,H2LA_Station_Opt_Geotab_FCEV70kg_0To8000mi_30stations_5stDist,30,any,$2.00 - $5.00/kg
32.793,-96.684,99467,10.027143404014042,smr-noCCS,11.519096826899348,8657.127084341846,93.3046842978847,0.0,1000.0,Onsite,444136.50731562846,H2LA_Station_Opt_Geotab_FCEV70kg_0To8000mi_30stations_5stDist,30,any,$2.00 - $5.00/kg
32.793,-96.684,99467,10.027143404014042,smr-noCCS,11.519096826899348,8657.127084341846,93.3046842978847,0.0,1000.0,Pipeline,444136.50731562846,H2LA_Station_Opt_Geotab_FCEV70kg_0To8000mi_30stations_5stDist,30,any,$2.00 - $5.00/kg
29.779,-95.124,100467,9.99759725647088,smr-noCCSExisting,11.485154458411923,9302.361147045413,0.0,0.0,1000.0,Onsite,334453.3563339871,H2LA_Station_Opt_Geotab_FCEV70kg_0To8000mi_20stations_5stDist,20,any,$2.00 - $5.00/kg
29.779,-95.124,100467,9.99759725647088,smr-noCCSExisting,11.485154458411923,9302.361147045413,0.0,0.0,1000.0,Pipeline,334453.3563339871,H2LA_Station_Opt_Geotab_FCEV70kg_0To8000mi_20stations_5stDist,20,any,$2.00 - $5.00/kg
29.93,-95.314,100920,10.00526171640796,smr-noCCS,11.493959328655404,8638.235106945493,93.1010705621088,0.0,2000.0,Onsite,334453.3563339871,H2LA_Station_Opt_Geotab_FCEV70kg_0To8000mi_20stations_5stDist,20,any,$3.00 - $6.00/kg
29.804,-94.981,100951,9.991365022711884,smr-noCCSExisting,11.47960689454413,9297.084651516836,0.0,0.0,1000.0,Onsite,334453.3563339871,H2LA_Station_Opt_Geotab_FCEV70kg_0To8000mi_20stations_5stDist,20,any,$2.00 - $5.00/kg
29.804,-94.981,100951,9.991365022711884,smr-noCCSExisting,11.47960689454413,9297.084651516836,0.0,0.0,1000.0,Pipeline,334453.3563339871,H2LA_Station_Opt_Geotab_FCEV70kg_0To8000mi_20stations_5stDist,20,any,$2.00 - $5.00/kg
29.813,-95.292,101729,9.999965081432238,smr-noCCSExisting,11.487909382268624,9304.575588089614,0.0,0.0,1000.0,Onsite,334453.3563339871,H2LA_Station_Opt_Geotab_FCEV70kg_0To8000mi_20stations_5stDist,20,any,$2.00 - $5.00/kg
29.813,-95.292,101729,9.999965081432238,smr-noCCSExisting,11.487909382268624,9304.575588089614,0.0,0.0,1000.0,Pipeline,334453.3563339871,H2LA_Station_Opt_Geotab_FCEV70kg_0To8000mi_20stations_5stDist,20,any,$2.00 - $5.00/kg
32.319,-102.547,104234,1.4284819624275726,smr-noCCSExisting,10.0,4037.785504513216,0.0,0.0,1000.0,Onsite,334453.3563339871,H2LA_Station_Opt_Geotab_FCEV70kg_0To8000mi_20stations_5stDist,20,any,$2.00 - $5.00/kg
30.7,-101.207,107617,9.89528986412386,smr-noCCSExisting,11.367624600621106,9207.168247339525,0.0,0.0,1000.0,Onsite,334453.3563339871,H2LA_Station_Opt_Geotab_FCEV70kg_0To8000mi_20stations_5stDist,20,any,$2.00 - $5.00/kg
37.587,-122.364,11279,3.2918855391529704,smr-noCCS,9.999999988783664,12116.896652505342,30.63168924803385,0.0,4500.0,Onsite,334453.3563339871,H2LA_Station_Opt_Geotab_FCEV70kg_0To8000mi_20stations_5stDist,20,any,$5.50 - $8.50/kg
38.525,-121.463,11536,9.99973200380057,smr-noCCSExisting,11.48760684119054,27754.17091563797,0.0,0.0,3000.0,Onsite,334453.3563339871,H2LA_Station_Opt_Geotab_FCEV70kg_0To8000mi_20stations_5stDist,20,any,$4.00 - $7.00/kg
38.525,-121.463,11536,9.99973200380057,smr-noCCSExisting,11.48760684119054,27754.17091563797,0.0,0.0,3000.0,Pipeline,334453.3563339871,H2LA_Station_Opt_Geotab_FCEV70kg_0To8000mi_20stations_5stDist,20,any,$4.00 - $7.00/kg
33.945,-118.291,12678,9.994198701732328,smr-noCCSExisting,11.481250231748378,27738.81329034281,0.0,0.0,3000.0,Onsite,334453.3563339871,H2LA_Station_Opt_Geotab_FCEV70kg_0To8000mi_20stations_5stDist,20,any,$4.00 - $7.00/kg
33.945,-118.291,12678,9.994198701732328,smr-noCCSExisting,11.481250231748378,27738.81329034281,0.0,0.0,3000.0,Pipeline,334453.3563339871,H2LA_Station_Opt_Geotab_FCEV70kg_0To8000mi_20stations_5stDist,20,any,$4.00 - $7.00/kg
37.812,-121.294,14201,10.00849608624332,smr-noCCS,11.497674947484638,28888.38424264876,93.13116707462558,0.0,3500.0,Onsite,334453.3563339871,H2LA_Station_Opt_Geotab_FCEV70kg_0To8000mi_20stations_5stDist,20,any,$4.50 - $7.50/kg
37.812,-121.294,14201,10.00849608624332,smr-noCCS,11.497674947484638,28888.38424264876,93.13116707462558,0.0,3500.0,Pipeline,334453.3563339871,H2LA_Station_Opt_Geotab_FCEV70kg_0To8000mi_20stations_5stDist,20,any,$4.50 - $7.50/kg
37.954,-121.271,14295,9.99981687267085,smr-noCCSExisting,11.487704339720612,27754.406479251185,0.0,0.0,3000.0,Onsite,334453.3563339871,H2LA_Station_Opt_Geotab_FCEV70kg_0To8000mi_20stations_5stDist,20,any,$4.00 - $7.00/kg
37.954,-121.271,14295,9.99981687267085,smr-noCCSExisting,11.487704339720612,27754.406479251185,0.0,0.0,3000.0,Pipeline,334453.3563339871,H2LA_Station_Opt_Geotab_FCEV70kg_0To8000mi_20stations_5stDist,20,any,$4.00 - $7.00/kg
34.07,-117.37,15891,3.2,smr-noCCSExisting,11.486618056574336,27751.781993004857,0.0,0.0,3000.0,Onsite,334453.3563339871,H2LA_Station_Opt_Geotab_FCEV70kg_0To8000mi_20stations_5stDist,20,any,$4.00 - $7.00/kg
34.946,-104.637,72146,9.992290922927712,smr-noCCS,11.479058592527029,13904.150516171483,92.98037463749168,0.0,2000.0,Onsite,334453.3563339871,H2LA_Station_Opt_Geotab_FCEV70kg_0To8000mi_20stations_5stDist,20,any,$3.00 - $6.00/kg
38.054,-122.155,8266,9.97335634061358,smr-noCCSExisting,11.457311855818288,27680.97793354869,0.0,0.0,3000.0,Onsite,334453.3563339871,H2LA_Station_Opt_Geotab_FCEV70kg_0To8000mi_20stations_5stDist,20,any,$4.00 - $7.00/kg
32.801,-115.57,9454,6.145768337919667,smr-noCCS,10.0,18975.453931116725,57.18767072680288,0.0,3500.0,Onsite,334453.3563339871,H2LA_Station_Opt_Geotab_FCEV70kg_0To8000mi_20stations_5stDist,20,any,$4.50 - $7.50/kg
32.801,-115.57,9454,6.145768337919667,smr-noCCS,10.0,18975.453931116725,57.18767072680288,0.0,3500.0,Pipeline,334453.3563339871,H2LA_Station_Opt_Geotab_FCEV70kg_0To8000mi_20stations_5stDist,20,any,$4.50 - $7.50/kg
33.152,-96.287,95977,7.465492020916025,smr-noCCSExisting,10.0,7407.677035577541,0.0,0.0,1000.0,Onsite,334453.3563339871,H2LA_Station_Opt_Geotab_FCEV70kg_0To8000mi_20stations_5stDist,20,any,$2.00 - $5.00/kg
29.497,-98.399,96569,9.99909972696898,smr-noCCS,11.486880490088303,8632.915036630444,93.04373196971528,0.0,2000.0,Onsite,334453.3563339871,H2LA_Station_Opt_Geotab_FCEV70kg_0To8000mi_20stations_5stDist,20,any,$3.00 - $6.00/kg
32.856,-96.768,99018,10.017126857114356,smr-noCCS,11.507589896183315,8648.479100645176,93.21147815908483,0.0,2000.0,Onsite,334453.3563339871,H2LA_Station_Opt_Geotab_FCEV70kg_0To8000mi_20stations_5stDist,20,any,$3.00 - $6.00/kg
32.856,-96.768,99018,10.017126857114356,smr-noCCS,11.507589896183315,8648.479100645176,93.21147815908483,0.0,2000.0,Pipeline,334453.3563339871,H2LA_Station_Opt_Geotab_FCEV70kg_0To8000mi_20stations_5stDist,20,any,$3.00 - $6.00/kg
32.648,-96.883,99189,9.998803378657778,smr-noCCSExisting,11.486540045277676,9303.48339833707,0.0,0.0,1000.0,Onsite,334453.3563339871,H2LA_Station_Opt_Geotab_FCEV70kg_0To8000mi_20stations_5stDist,20,any,$2.00 - $5.00/kg
29.779,-95.124,100467,9.99759725647088,electrolyzerExisting,11.02397022032924,50307.8746638055,0.0,0.0,1000.0,Onsite,1236791.5457530397,H2LA_Station_Opt_Geotab_FCEV70kg_0To8000mi_20stations_5stDist,20,electrolysis,$2.00 - $5.00/kg
29.779,-95.124,100467,9.99759725647088,electrolyzerExisting,11.02397022032924,50307.8746638055,0.0,0.0,1000.0,Pipeline,1236791.5457530397,H2LA_Station_Opt_Geotab_FCEV70kg_0To8000mi_20stations_5stDist,20,electrolysis,$2.00 - $5.00/kg
29.93,-95.314,100920,10.00526171640796,electrolyzer,11.032421529674629,47758.62934131181,38.72379956915794,0.0,2000.0,Onsite,1236791.5457530397,H2LA_Station_Opt_Geotab_FCEV70kg_0To8000mi_20stations_5stDist,20,electrolysis,$3.00 - $6.00/kg
29.804,-94.981,100951,9.991365022711884,electrolyzerExisting,11.018645419337217,50278.527811831,0.0,0.0,1000.0,Onsite,1236791.5457530397,H2LA_Station_Opt_Geotab_FCEV70kg_0To8000mi_20stations_5stDist,20,electrolysis,$2.00 - $5.00/kg
29.804,-94.981,100951,9.991365022711884,electrolyzerExisting,11.018645419337217,50278.527811831,0.0,0.0,1000.0,Pipeline,1236791.5457530397,H2LA_Station_Opt_Geotab_FCEV70kg_0To8000mi_20stations_5stDist,20,electrolysis,$2.00 - $5.00/kg
29.813,-95.292,101729,9.999965081432238,electrolyzerExisting,11.026614519137803,50319.83300532871,0.0,0.0,1000.0,Onsite,1236791.5457530397,H2LA_Station_Opt_Geotab_FCEV70kg_0To8000mi_20stations_5stDist,20,electrolysis,$2.00 - $5.00/kg
29.813,-95.292,101729,9.999965081432238,electrolyzerExisting,11.026614519137803,50319.83300532871,0.0,0.0,1000.0,Pipeline,1236791.5457530397,H2LA_Station_Opt_Geotab_FCEV70kg_0To8000mi_20stations_5stDist,20,electrolysis,$2.00 - $5.00/kg
32.319,-102.547,104234,1.4284819624275726,electrolyzerExisting,1.5751327205467234,7188.1162616171,0.0,0.0,1000.0,Onsite,1236791.5457530397,H2LA_Station_Opt_Geotab_FCEV70kg_0To8000mi_20stations_5stDist,20,electrolysis,$2.00 - $5.00/kg
30.7,-101.207,107617,9.89528986412386,electrolyzerExisting,10.911159752174928,49793.06422429912,0.0,0.0,1000.0,Onsite,1236791.5457530397,H2LA_Station_Opt_Geotab_FCEV70kg_0To8000mi_20stations_5stDist,20,electrolysis,$2.00 - $5.00/kg
37.587,-122.364,11279,3.2918855391529704,electrolyzer,3.629836971147008,39398.589019144514,12.740727768725998,0.0,4500.0,Onsite,1236791.5457530397,H2LA_Station_Opt_Geotab_FCEV70kg_0To8000mi_20stations_5stDist,20,electrolysis,$5.50 - $8.50/kg
38.525,-121.463,11536,9.99973200380057,electrolyzerExisting,11.026324127197183,115405.68597558796,0.0,0.0,3000.0,Onsite,1236791.5457530397,H2LA_Station_Opt_Geotab_FCEV70kg_0To8000mi_20stations_5stDist,20,electrolysis,$4.00 - $7.00/kg
38.525,-121.463,11536,9.99973200380057,electrolyzerExisting,11.026324127197183,115405.68597558796,0.0,0.0,3000.0,Pipeline,1236791.5457530397,H2LA_Station_Opt_Geotab_FCEV70kg_0To8000mi_20stations_5stDist,20,electrolysis,$4.00 - $7.00/kg
33.945,-118.291,12678,9.994198701732328,electrolyzerExisting,11.02022276522218,115341.8268088942,0.0,0.0,3000.0,Onsite,1236791.5457530397,H2LA_Station_Opt_Geotab_FCEV70kg_0To8000mi_20stations_5stDist,20,electrolysis,$4.00 - $7.00/kg
33.945,-118.291,12678,9.994198701732328,electrolyzerExisting,11.02022276522218,115341.8268088942,0.0,0.0,3000.0,Pipeline,1236791.5457530397,H2LA_Station_Opt_Geotab_FCEV70kg_0To8000mi_20stations_5stDist,20,electrolysis,$4.00 - $7.00/kg
37.812,-121.294,14201,10.00849608624332,electrolyzer,11.035987946521702,119785.64243557368,38.73631769229118,0.0,3500.0,Onsite,1236791.5457530397,H2LA_Station_Opt_Geotab_FCEV70kg_0To8000mi_20stations_5stDist,20,electrolysis,$4.50 - $7.50/kg
37.812,-121.294,14201,10.00849608624332,electrolyzer,11.035987946521702,119785.64243557368,38.73631769229118,0.0,3500.0,Pipeline,1236791.5457530397,H2LA_Station_Opt_Geotab_FCEV70kg_0To8000mi_20stations_5stDist,20,electrolysis,$4.50 - $7.50/kg
37.954,-121.271,14295,9.99981687267085,electrolyzerExisting,11.02641770860092,115406.66544159596,0.0,0.0,3000.0,Onsite,1236791.5457530397,H2LA_Station_Opt_Geotab_FCEV70kg_0To8000mi_20stations_5stDist,20,electrolysis,$4.00 - $7.00/kg
37.954,-121.271,14295,9.99981687267085,electrolyzerExisting,11.02641770860092,115406.66544159596,0.0,0.0,3000.0,Pipeline,1236791.5457530397,H2LA_Station_Opt_Geotab_FCEV70kg_0To8000mi_20stations_5stDist,20,electrolysis,$4.00 - $7.00/kg
34.946,-104.637,72146,9.992290922927712,electrolyzer,11.018119130281686,43564.44591700503,38.67359814728872,0.0,2000.0,Onsite,1236791.5457530397,H2LA_Station_Opt_Geotab_FCEV70kg_0To8000mi_20stations_5stDist,20,electrolysis,$3.00 - $6.00/kg
38.054,-122.155,8266,9.97335634061358,electrolyzerExisting,10.997240686150658,115101.2876662686,0.0,0.0,3000.0,Onsite,1236791.5457530397,H2LA_Station_Opt_Geotab_FCEV70kg_0To8000mi_20stations_5stDist,20,electrolysis,$4.00 - $7.00/kg
33.152,-96.287,95977,7.465492020916025,electrolyzerExisting,8.231914085574346,37566.32990757248,0.0,0.0,1000.0,Onsite,1236791.5457530397,H2LA_Station_Opt_Geotab_FCEV70kg_0To8000mi_20stations_5stDist,20,electrolysis,$2.00 - $5.00/kg
29.497,-98.399,96569,9.99909972696898,electrolyzer,11.025626936917345,47729.21599482686,38.69995054857987,0.0,2000.0,Onsite,1236791.5457530397,H2LA_Station_Opt_Geotab_FCEV70kg_0To8000mi_20stations_5stDist,20,electrolysis,$3.00 - $6.00/kg
32.856,-96.768,99018,10.017126857114356,electrolyzer,11.045504767976464,47815.26582197572,38.769721735597386,0.0,2000.0,Onsite,1236791.5457530397,H2LA_Station_Opt_Geotab_FCEV70kg_0To8000mi_20stations_5stDist,20,electrolysis,$3.00 - $6.00/kg
32.856,-96.768,99018,10.017126857114356,electrolyzer,11.045504767976464,47815.26582197572,38.769721735597386,0.0,2000.0,Pipeline,1236791.5457530397,H2LA_Station_Opt_Geotab_FCEV70kg_0To8000mi_20stations_5stDist,20,electrolysis,$3.00 - $6.00/kg
32.648,-96.883,99189,9.998803378657778,electrolyzerExisting,11.025300167305778,50313.94387093772,0.0,0.0,1000.0,Onsite,1236791.5457530397,H2LA_Station_Opt_Geotab_FCEV70kg_0To8000mi_20stations_5stDist,20,electrolysis,$2.00 - $5.00/kg
33.73341025,-113.9782551,laPazAZ,,electrolyzerExisting,12.901144976616688,67144.99935628155,0.0,0.0,,Onsite,1236791.5457530397,H2LA_Station_Opt_Geotab_FCEV70kg_0To8000mi_20stations_5stDist,20,electrolysis,
33.73341025,-113.9782551,laPazAZ,,electrolyzerExisting,12.901144976616688,67144.99935628155,0.0,0.0,,Pipeline,1236791.5457530397,H2LA_Station_Opt_Geotab_FCEV70kg_0To8000mi_20stations_5stDist,20,electrolysis,
32.319,-102.547,104234,1.4284819624275726,electrolyzerExisting,1.5751327184748618,7188.1162400077765,0.0,0.0,1000.0,Onsite,692076.6134082853,H2LA_Station_Opt_Geotab_FCEV70kg_0To8000mi_20stations_5stDist,20,low_carbon,$2.00 - $5.00/kg
34.946,-104.637,72146,9.992290922927712,electrolyzer,11.018119132076752,43564.44592410253,38.6735981535894,0.0,2000.0,Onsite,692076.6134082853,H2LA_Station_Opt_Geotab_FCEV70kg_0To8000mi_20stations_5stDist,20,low_carbon,$3.00 - $6.00/kg
37.64275382,-121.8775366,alamedaCA,,smr-CCSExisting,11.48770433337546,33175.9946945256,0.0,0.0,,Onsite,692076.6134082853,H2LA_Station_Opt_Geotab_FCEV70kg_0To8000mi_20stations_5stDist,20,low_carbon,
37.64275382,-121.8775366,alamedaCA,,smr-CCSExisting,11.48770433337546,33175.9946945256,0.0,0.0,,Pipeline,692076.6134082853,H2LA_Station_Opt_Geotab_FCEV70kg_0To8000mi_20stations_5stDist,20,low_carbon,
29.84087424,-97.63039017,caldwellTX,,smr-CCS,11.486880490749844,11483.146609215422,9.304373197507372,83.73935877756637,,Onsite,692076.6134082853,H2LA_Station_Opt_Geotab_FCEV70kg_0To8000mi_20stations_5stDist,20,low_carbon,
29.84087424,-97.63039017,caldwellTX,,smr-CCS,11.486880490749844,11483.146609215422,9.304373197507372,83.73935877756637,,Pipeline,692076.6134082853,H2LA_Station_Opt_Geotab_FCEV70kg_0To8000mi_20stations_5stDist,20,low_carbon,
32.77382278,-96.77460664,dallasTX,,smr-CCS,11.530828998212405,11527.080830943867,9.339971488552044,84.05974339696844,,Onsite,692076.6134082853,H2LA_Station_Opt_Geotab_FCEV70kg_0To8000mi_20stations_5stDist,20,low_carbon,
32.77382278,-96.77460664,dallasTX,,smr-CCS,11.530828998212405,11527.080830943867,9.339971488552044,84.05974339696844,,Pipeline,692076.6134082853,H2LA_Station_Opt_Geotab_FCEV70kg_0To8000mi_20stations_5stDist,20,low_carbon,
32.77382278,-96.77460664,dallasTX,,smr-CCSExisting,20.06283360299137,21818.248059206795,0.0,0.0,,Onsite,692076.6134082853,H2LA_Station_Opt_Geotab_FCEV70kg_0To8000mi_20stations_5stDist,20,low_carbon,
32.77382278,-96.77460664,dallasTX,,smr-CCSExisting,20.06283360299137,21818.248059206795,0.0,0.0,,Pipeline,692076.6134082853,H2LA_Station_Opt_Geotab_FCEV70kg_0To8000mi_20stations_5stDist,20,low_carbon,
33.73341025,-113.9782551,laPazAZ,,smr-CCSExisting,13.44086021505377,17315.707492674257,0.0,0.0,,Onsite,692076.6134082853,H2LA_Station_Opt_Geotab_FCEV70kg_0To8000mi_20stations_5stDist,20,low_carbon,
33.73341025,-113.9782551,laPazAZ,,smr-CCSExisting,13.44086021505377,17315.707492674257,0.0,0.0,,Pipeline,692076.6134082853,H2LA_Station_Opt_Geotab_FCEV70kg_0To8000mi_20stations_5stDist,20,low_carbon,
30.15482974,-94.81749325,libertyTX,,smr-CCS,11.482665128792425,11478.932617487471,9.30095875432186,83.70862878889679,,Onsite,692076.6134082853,H2LA_Station_Opt_Geotab_FCEV70kg_0To8000mi_20stations_5stDist,20,low_carbon,
30.15482974,-94.81749325,libertyTX,,smr-CCS,11.482665128792425,11478.932617487471,9.30095875432186,83.70862878889679,,Pipeline,692076.6134082853,H2LA_Station_Opt_Geotab_FCEV70kg_0To8000mi_20stations_5stDist,20,low_carbon,
30.15482974,-94.81749325,libertyTX,,smr-CCSExisting,34.484474286848005,37501.72229258815,0.0,0.0,,Onsite,692076.6134082853,H2LA_Station_Opt_Geotab_FCEV70kg_0To8000mi_20stations_5stDist,20,low_carbon,
30.15482974,-94.81749325,libertyTX,,smr-CCSExisting,34.484474286848005,37501.72229258815,0.0,0.0,,Pipeline,692076.6134082853,H2LA_Station_Opt_Geotab_FCEV70kg_0To8000mi_20stations_5stDist,20,low_carbon,
34.32209948,-118.2225598,losAngelesCA,,smr-CCS,11.486618060427768,34913.40730592597,9.30416062894649,83.73744566051845,,Onsite,692076.6134082853,H2LA_Station_Opt_Geotab_FCEV70kg_0To8000mi_20stations_5stDist,20,low_carbon,
34.32209948,-118.2225598,losAngelesCA,,smr-CCS,11.486618060427768,34913.40730592597,9.30416062894649,83.73744566051845,,Pipeline,692076.6134082853,H2LA_Station_Opt_Geotab_FCEV70kg_0To8000mi_20stations_5stDist,20,low_carbon,
34.32209948,-118.2225598,losAngelesCA,,smr-CCSExisting,11.481250231748378,33230.47053994472,0.0,0.0,,Onsite,692076.6134082853,H2LA_Station_Opt_Geotab_FCEV70kg_0To8000mi_20stations_5stDist,20,low_carbon,
34.32209948,-118.2225598,losAngelesCA,,smr-CCSExisting,11.481250231748378,33230.47053994472,0.0,0.0,,Pipeline,692076.6134082853,H2LA_Station_Opt_Geotab_FCEV70kg_0To8000mi_20stations_5stDist,20,low_carbon,
30.89254422,-100.5366337,schleicherTX,,smr-CCSExisting,11.367624600662104,12362.24445106335,0.0,0.0,,Onsite,692076.6134082853,H2LA_Station_Opt_Geotab_FCEV70kg_0To8000mi_20stations_5stDist,20,low_carbon,
30.89254422,-100.5366337,schleicherTX,,smr-CCSExisting,11.367624600662104,12362.24445106335,0.0,0.0,,Pipeline,692076.6134082853,H2LA_Station_Opt_Geotab_FCEV70kg_0To8000mi_20stations_5stDist,20,low_carbon,
39.03361022,-121.6882005,sutterCA,,smr-CCS,15.98986423806155,48600.95808644938,12.951790032829852,116.5661102954687,,Onsite,692076.6134082853,H2LA_Station_Opt_Geotab_FCEV70kg_0To8000mi_20stations_5stDist,20,low_carbon,
39.03361022,-121.6882005,sutterCA,,smr-CCS,15.98986423806155,48600.95808644938,12.951790032829852,116.5661102954687,,Pipeline,692076.6134082853,H2LA_Station_Opt_Geotab_FCEV70kg_0To8000mi_20stations_5stDist,20,low_carbon,
39.03361022,-121.6882005,sutterCA,,smr-CCSExisting,22.97530601284632,66498.00450258462,0.0,0.0,,Onsite,692076.6134082853,H2LA_Station_Opt_Geotab_FCEV70kg_0To8000mi_20stations_5stDist,20,low_carbon,
39.03361022,-121.6882005,sutterCA,,smr-CCSExisting,22.97530601284632,66498.00450258462,0.0,0.0,,Pipeline,692076.6134082853,H2LA_Station_Opt_Geotab_FCEV70kg_0To8000mi_20stations_5stDist,20,low_carbon,
32.319,-102.547,104234,1.428481958374061,electrolyzerExisting,1.5751327184748618,7188.116207760068,0.0,0.0,1000.0,Onsite,1342858.9971854163,H2LA_Station_Opt_Geotab_FCEV70kg_0To8000mi_40stations_5stDist,40,low_carbon,$2.00 - $5.00/kg
34.257,-110.024,4395,1.1074802648595614,electrolyzerExisting,1.0,5310.751884577515,0.0,0.0,1500.0,Onsite,1342858.9971854163,H2LA_Station_Opt_Geotab_FCEV70kg_0To8000mi_40stations_5stDist,40,low_carbon,$2.50 - $5.50/kg
34.566,-111.866,4508,4.836807765066232,electrolyzer,5.333363944512051,28115.93293199809,18.72010744523745,0.0,2500.0,Onsite,1342858.9971854163,H2LA_Station_Opt_Geotab_FCEV70kg_0To8000mi_40stations_5stDist,40,low_carbon,$3.50 - $6.50/kg
32.273,-107.714,71615,9.9311756456994,electrolyzerExisting,10.950729640462653,45679.60835807531,0.0,0.0,1500.0,Onsite,1342858.9971854163,H2LA_Station_Opt_Geotab_FCEV70kg_0To8000mi_40stations_5stDist,40,low_carbon,$2.50 - $5.50/kg
34.946,-104.637,72146,9.818882144888002,electrolyzerExisting,11.018119132076752,45411.9608835248,0.0,0.0,1500.0,Onsite,1342858.9971854163,H2LA_Station_Opt_Geotab_FCEV70kg_0To8000mi_40stations_5stDist,40,low_carbon,$2.50 - $5.50/kg
37.64275382,-121.8775366,alamedaCA,,smr-CCSExisting,21.48770433337546,53893.881158509306,0.0,0.0,,Onsite,1342858.9971854163,H2LA_Station_Opt_Geotab_FCEV70kg_0To8000mi_40stations_5stDist,40,low_carbon,
37.64275382,-121.8775366,alamedaCA,,smr-CCSExisting,21.48770433337546,53893.881158509306,0.0,0.0,,Pipeline,1342858.9971854163,H2LA_Station_Opt_Geotab_FCEV70kg_0To8000mi_40stations_5stDist,40,low_carbon,
29.84087424,-97.63039017,caldwellTX,,smr-CCSExisting,46.03876134059065,50066.96138274513,0.0,0.0,,Onsite,1342858.9971854163,H2LA_Station_Opt_Geotab_FCEV70kg_0To8000mi_40stations_5stDist,40,low_carbon,
29.84087424,-97.63039017,caldwellTX,,smr-CCSExisting,46.03876134059065,50066.96138274513,0.0,0.0,,Pipeline,1342858.9971854163,H2LA_Station_Opt_Geotab_FCEV70kg_0To8000mi_40stations_5stDist,40,low_carbon,
32.77382278,-96.77460664,dallasTX,,smr-CCSExisting,66.07973209109244,71861.4336827485,0.0,0.0,,Onsite,1342858.9971854163,H2LA_Station_Opt_Geotab_FCEV70kg_0To8000mi_40stations_5stDist,40,low_carbon,
32.77382278,-96.77460664,dallasTX,,smr-CCSExisting,66.07973209109244,71861.4336827485,0.0,0.0,,Pipeline,1342858.9971854163,H2LA_Station_Opt_Geotab_FCEV70kg_0To8000mi_40stations_5stDist,40,low_carbon,
33.73341025,-113.9782551,laPazAZ,,smr-CCSExisting,13.44086021505377,20012.58793484586,0.0,0.0,,Onsite,1342858.9971854163,H2LA_Station_Opt_Geotab_FCEV70kg_0To8000mi_40stations_5stDist,40,low_carbon,
33.73341025,-113.9782551,laPazAZ,,smr-CCSExisting,13.44086021505377,20012.58793484586,0.0,0.0,,Pipeline,1342858.9971854163,H2LA_Station_Opt_Geotab_FCEV70kg_0To8000mi_40stations_5stDist,40,low_carbon,
30.15482974,-94.81749325,libertyTX,,smr-CCS,22.98127058494321,22973.800380831333,18.614829173804,167.533462564236,,Onsite,1342858.9971854163,H2LA_Station_Opt_Geotab_FCEV70kg_0To8000mi_40stations_5stDist,40,low_carbon,
30.15482974,-94.81749325,libertyTX,,smr-CCS,22.98127058494321,22973.800380831333,18.614829173804,167.533462564236,,Pipeline,1342858.9971854163,H2LA_Station_Opt_Geotab_FCEV70kg_0To8000mi_40stations_5stDist,40,low_carbon,
30.15482974,-94.81749325,libertyTX,,smr-CCSExisting,103.56030769180848,112621.40368700294,0.0,0.0,,Onsite,1342858.9971854163,H2LA_Station_Opt_Geotab_FCEV70kg_0To8000mi_40stations_5stDist,40,low_carbon,
30.15482974,-94.81749325,libertyTX,,smr-CCSExisting,103.56030769180848,112621.40368700294,0.0,0.0,,Pipeline,1342858.9971854163,H2LA_Station_Opt_Geotab_FCEV70kg_0To8000mi_40stations_5stDist,40,low_carbon,
34.32209948,-118.2225598,losAngelesCA,,smr-CCS,23.029008047442264,69996.33256560612,18.65349651842826,167.88146866585436,,Onsite,1342858.9971854163,H2LA_Station_Opt_Geotab_FCEV70kg_0To8000mi_40stations_5stDist,40,low_carbon,
34.32209948,-118.2225598,losAngelesCA,,smr-CCS,23.029008047442264,69996.33256560612,18.65349651842826,167.88146866585436,,Pipeline,1342858.9971854163,H2LA_Station_Opt_Geotab_FCEV70kg_0To8000mi_40stations_5stDist,40,low_carbon,
34.32209948,-118.2225598,losAngelesCA,,smr-CCSExisting,34.4686073190273,99763.3547695472,0.0,0.0,,Onsite,1342858.9971854163,H2LA_Station_Opt_Geotab_FCEV70kg_0To8000mi_40stations_5stDist,40,low_carbon,
34.32209948,-118.2225598,losAngelesCA,,smr-CCSExisting,34.4686073190273,99763.3547695472,0.0,0.0,,Pipeline,1342858.9971854163,H2LA_Station_Opt_Geotab_FCEV70kg_0To8000mi_40stations_5stDist,40,low_carbon,
31.62004685,-94.61748025,nacogdochesTX,,smr-CCSExisting,11.494468895264234,12500.187093627645,0.0,0.0,,Onsite,1342858.9971854163,H2LA_Station_Opt_Geotab_FCEV70kg_0To8000mi_40stations_5stDist,40,low_carbon,
31.62004685,-94.61748025,nacogdochesTX,,smr-CCSExisting,11.494468895264234,12500.187093627645,0.0,0.0,,Pipeline,1342858.9971854163,H2LA_Station_Opt_Geotab_FCEV70kg_0To8000mi_40stations_5stDist,40,low_carbon,
28.00346828,-97.51134264,sanPatricioTX,,smr-CCSExisting,11.48770650490522,12492.678769473108,0.0,0.0,,Onsite,1342858.9971854163,H2LA_Station_Opt_Geotab_FCEV70kg_0To8000mi_40stations_5stDist,40,low_carbon,
28.00346828,-97.51134264,sanPatricioTX,,smr-CCSExisting,11.48770650490522,12492.678769473108,0.0,0.0,,Pipeline,1342858.9971854163,H2LA_Station_Opt_Geotab_FCEV70kg_0To8000mi_40stations_5stDist,40,low_carbon,
30.89254422,-100.5366337,schleicherTX,,smr-CCSExisting,11.367624600662104,12362.24445106335,0.0,0.0,,Onsite,1342858.9971854163,H2LA_Station_Opt_Geotab_FCEV70kg_0To8000mi_40stations_5stDist,40,low_carbon,
30.89254422,-100.5366337,schleicherTX,,smr-CCSExisting,11.367624600662104,12362.24445106335,0.0,0.0,,Pipeline,1342858.9971854163,H2LA_Station_Opt_Geotab_FCEV70kg_0To8000mi_40stations_5stDist,40,low_carbon,
39.03361022,-121.6882005,sutterCA,,smr-CCSExisting,38.96517025090788,102004.67714725698,0.0,0.0,,Onsite,1342858.9971854163,H2LA_Station_Opt_Geotab_FCEV70kg_0To8000mi_40stations_5stDist,40,low_carbon,
39.03361022,-121.6882005,sutterCA,,smr-CCSExisting,38.96517025090788,102004.67714725698,0.0,0.0,,Pipeline,1342858.9971854163,H2LA_Station_Opt_Geotab_FCEV70kg_0To8000mi_40stations_5stDist,40,low_carbon,
29.779,-95.124,100467,9.99759725477449,electrolyzerExisting,11.02397022032924,50307.87465714076,0.0,0.0,1000.0,Onsite,2527153.3226183136,H2LA_Station_Opt_Geotab_FCEV70kg_0To8000mi_40stations_5stDist,40,electrolysis,$2.00 - $5.00/kg
29.779,-95.124,100467,9.99759725477449,electrolyzerExisting,11.02397022032924,50307.87465714076,0.0,0.0,1000.0,Pipeline,2527153.3226183136,H2LA_Station_Opt_Geotab_FCEV70kg_0To8000mi_40stations_5stDist,40,electrolysis,$2.00 - $5.00/kg
29.93,-95.314,100920,10.00526172104052,electrolyzerExisting,11.032421529674629,50346.4421974873,0.0,0.0,1000.0,Onsite,2527153.3226183136,H2LA_Station_Opt_Geotab_FCEV70kg_0To8000mi_40stations_5stDist,40,electrolysis,$2.00 - $5.00/kg
29.93,-95.314,100920,10.00526172104052,electrolyzerExisting,11.032421529674629,50346.4421974873,0.0,0.0,1000.0,Pipeline,2527153.3226183136,H2LA_Station_Opt_Geotab_FCEV70kg_0To8000mi_40stations_5stDist,40,electrolysis,$2.00 - $5.00/kg
29.804,-94.981,100951,9.992768212339875,electrolyzerExisting,11.018645419337217,50283.57493476141,0.0,0.0,1000.0,Onsite,2527153.3226183136,H2LA_Station_Opt_Geotab_FCEV70kg_0To8000mi_40stations_5stDist,40,electrolysis,$2.00 - $5.00/kg
29.804,-94.981,100951,9.992768212339875,electrolyzerExisting,11.018645419337217,50283.57493476141,0.0,0.0,1000.0,Pipeline,2527153.3226183136,H2LA_Station_Opt_Geotab_FCEV70kg_0To8000mi_40stations_5stDist,40,electrolysis,$2.00 - $5.00/kg
29.931,-95.508,101402,10.018607195224114,electrolyzerExisting,11.064237876431909,50491.63605711656,0.0,0.0,1000.0,Onsite,2527153.3226183136,H2LA_Station_Opt_Geotab_FCEV70kg_0To8000mi_40stations_5stDist,40,electrolysis,$2.00 - $5.00/kg
29.931,-95.508,101402,10.018607195224114,electrolyzerExisting,11.064237876431909,50491.63605711656,0.0,0.0,1000.0,Pipeline,2527153.3226183136,H2LA_Station_Opt_Geotab_FCEV70kg_0To8000mi_40stations_5stDist,40,electrolysis,$2.00 - $5.00/kg
29.604,-95.266,101649,10.00453569018453,electrolyzer,10.998801263180043,47613.089412335015,38.60579243376196,0.0,1000.0,Onsite,2527153.3226183136,H2LA_Station_Opt_Geotab_FCEV70kg_0To8000mi_40stations_5stDist,40,electrolysis,$2.00 - $5.00/kg
29.813,-95.292,101729,9.999975109812304,electrolyzerExisting,11.026614519137803,50319.94191198368,0.0,0.0,1000.0,Onsite,2527153.3226183136,H2LA_Station_Opt_Geotab_FCEV70kg_0To8000mi_40stations_5stDist,40,electrolysis,$2.00 - $5.00/kg
29.813,-95.292,101729,9.999975109812304,electrolyzerExisting,11.026614519137803,50319.94191198368,0.0,0.0,1000.0,Pipeline,2527153.3226183136,H2LA_Station_Opt_Geotab_FCEV70kg_0To8000mi_40stations_5stDist,40,electrolysis,$2.00 - $5.00/kg
27.799,-97.659,102754,9.99959504646125,electrolyzerExisting,11.026419788605606,50318.24858771145,0.0,0.0,1000.0,Onsite,2527153.3226183136,H2LA_Station_Opt_Geotab_FCEV70kg_0To8000mi_40stations_5stDist,40,electrolysis,$2.00 - $5.00/kg
30.022,-93.845,102997,9.999190264728163,electrolyzerExisting,11.02572675479665,50315.8906004954,0.0,0.0,1000.0,Onsite,2527153.3226183136,H2LA_Station_Opt_Geotab_FCEV70kg_0To8000mi_40stations_5stDist,40,electrolysis,$2.00 - $5.00/kg
30.022,-93.845,102997,9.999190264728163,electrolyzerExisting,11.02572675479665,50315.8906004954,0.0,0.0,1000.0,Pipeline,2527153.3226183136,H2LA_Station_Opt_Geotab_FCEV70kg_0To8000mi_40stations_5stDist,40,electrolysis,$2.00 - $5.00/kg
30.376,-97.726,103539,9.998204633291891,electrolyzerExisting,11.025411230151992,50311.93480880658,0.0,0.0,1000.0,Onsite,2527153.3226183136,H2LA_Station_Opt_Geotab_FCEV70kg_0To8000mi_40stations_5stDist,40,electrolysis,$2.00 - $5.00/kg
30.376,-97.726,103539,9.998204633291891,electrolyzerExisting,11.025411230151992,50311.93480880658,0.0,0.0,1000.0,Pipeline,2527153.3226183136,H2LA_Station_Opt_Geotab_FCEV70kg_0To8000mi_40stations_5stDist,40,electrolysis,$2.00 - $5.00/kg
29.78,-95.882,104122,9.985663603913062,electrolyzerExisting,11.026507994660768,50319.45578766264,0.0,0.0,1000.0,Onsite,2527153.3226183136,H2LA_Station_Opt_Geotab_FCEV70kg_0To8000mi_40stations_5stDist,40,electrolysis,$2.00 - $5.00/kg
29.78,-95.882,104122,9.985663603913062,electrolyzerExisting,11.026507994660768,50319.45578766264,0.0,0.0,1000.0,Pipeline,2527153.3226183136,H2LA_Station_Opt_Geotab_FCEV70kg_0To8000mi_40stations_5stDist,40,electrolysis,$2.00 - $5.00/kg
32.319,-102.547,104234,1.428481958374061,electrolyzerExisting,1.5751327205467234,7188.116249462715,0.0,0.0,1000.0,Onsite,2527153.3226183136,H2LA_Station_Opt_Geotab_FCEV70kg_0To8000mi_40stations_5stDist,40,electrolysis,$2.00 - $5.00/kg
32.456,-97.385,105358,10.03231983011097,electrolyzerExisting,11.062257484534529,50482.59852333178,0.0,0.0,1000.0,Onsite,2527153.3226183136,H2LA_Station_Opt_Geotab_FCEV70kg_0To8000mi_40stations_5stDist,40,electrolysis,$2.00 - $5.00/kg
32.731,-97.276,106176,10.011936703214047,electrolyzerExisting,11.03978178592687,50380.03070086506,0.0,0.0,1000.0,Onsite,2527153.3226183136,H2LA_Station_Opt_Geotab_FCEV70kg_0To8000mi_40stations_5stDist,40,electrolysis,$2.00 - $5.00/kg
32.731,-97.276,106176,10.011936703214047,electrolyzerExisting,11.03978178592687,50380.03070086506,0.0,0.0,1000.0,Pipeline,2527153.3226183136,H2LA_Station_Opt_Geotab_FCEV70kg_0To8000mi_40stations_5stDist,40,electrolysis,$2.00 - $5.00/kg
30.7,-101.207,107617,9.89528986390954,electrolyzerExisting,10.911159752174928,49793.06422373674,0.0,0.0,1000.0,Onsite,2527153.3226183136,H2LA_Station_Opt_Geotab_FCEV70kg_0To8000mi_40stations_5stDist,40,electrolysis,$2.00 - $5.00/kg
30.035,-94.15,108840,9.9972580794037,electrolyzerExisting,11.02359620759738,50306.16785094956,0.0,0.0,1000.0,Onsite,2527153.3226183136,H2LA_Station_Opt_Geotab_FCEV70kg_0To8000mi_40stations_5stDist,40,electrolysis,$2.00 - $5.00/kg
30.035,-94.15,108840,9.9972580794037,electrolyzerExisting,11.02359620759738,50306.16785094956,0.0,0.0,1000.0,Pipeline,2527153.3226183136,H2LA_Station_Opt_Geotab_FCEV70kg_0To8000mi_40stations_5stDist,40,electrolysis,$2.00 - $5.00/kg
30.209,-95.526,109345,9.9982959817626,electrolyzerExisting,11.024740677487632,50311.39063789813,0.0,0.0,1000.0,Onsite,2527153.3226183136,H2LA_Station_Opt_Geotab_FCEV70kg_0To8000mi_40stations_5stDist,40,electrolysis,$2.00 - $5.00/kg
37.587,-122.364,11279,3.291885543628044,electrolyzerExisting,3.629836971147008,37991.2490122442,0.0,0.0,3000.0,Onsite,2527153.3226183136,H2LA_Station_Opt_Geotab_FCEV70kg_0To8000mi_40stations_5stDist,40,electrolysis,$4.00 - $7.00/kg
37.587,-122.364,11279,3.291885543628044,electrolyzerExisting,3.629836971147008,37991.2490122442,0.0,0.0,3000.0,Pipeline,2527153.3226183136,H2LA_Station_Opt_Geotab_FCEV70kg_0To8000mi_40stations_5stDist,40,electrolysis,$4.00 - $7.00/kg
37.705,-122.407,11323,2.438309004464081,electrolyzerExisting,2.688630592416012,28140.226405354028,0.0,0.0,3000.0,Onsite,2527153.3226183136,H2LA_Station_Opt_Geotab_FCEV70kg_0To8000mi_40stations_5stDist,40,electrolysis,$4.00 - $7.00/kg
38.525,-121.463,11536,9.998355381417907,electrolyzerExisting,11.026324127197183,115391.77400596878,0.0,0.0,3000.0,Onsite,2527153.3226183136,H2LA_Station_Opt_Geotab_FCEV70kg_0To8000mi_40stations_5stDist,40,electrolysis,$4.00 - $7.00/kg
38.525,-121.463,11536,9.998355381417907,electrolyzerExisting,11.026324127197183,115391.77400596878,0.0,0.0,3000.0,Pipeline,2527153.3226183136,H2LA_Station_Opt_Geotab_FCEV70kg_0To8000mi_40stations_5stDist,40,electrolysis,$4.00 - $7.00/kg
33.945,-118.291,12678,9.994198703094389,electrolyzerExisting,11.02022276522218,14342.716080721668,0.0,0.0,3000.0,Onsite,2527153.3226183136,H2LA_Station_Opt_Geotab_FCEV70kg_0To8000mi_40stations_5stDist,40,electrolysis,$4.00 - $7.00/kg
33.945,-118.291,12678,9.994198703094389,electrolyzerExisting,11.02022276522218,14342.716080721668,0.0,0.0,3000.0,Pipeline,2527153.3226183136,H2LA_Station_Opt_Geotab_FCEV70kg_0To8000mi_40stations_5stDist,40,electrolysis,$4.00 - $7.00/kg
37.812,-121.294,14201,10.008496089875498,electrolyzerExisting,11.035987946521702,115506.83116978276,0.0,0.0,3000.0,Onsite,2527153.3226183136,H2LA_Station_Opt_Geotab_FCEV70kg_0To8000mi_40stations_5stDist,40,electrolysis,$4.00 - $7.00/kg
37.954,-121.271,14295,9.9998168757509,electrolyzerExisting,11.02641770860092,115406.66543372658,0.0,0.0,3000.0,Onsite,2527153.3226183136,H2LA_Station_Opt_Geotab_FCEV70kg_0To8000mi_40stations_5stDist,40,electrolysis,$4.00 - $7.00/kg
37.954,-121.271,14295,9.9998168757509,electrolyzerExisting,11.02641770860092,115406.66543372658,0.0,0.0,3000.0,Pipeline,2527153.3226183136,H2LA_Station_Opt_Geotab_FCEV70kg_0To8000mi_40stations_5stDist,40,electrolysis,$4.00 - $7.00/kg
34.07,-117.37,15891,9.998622510738052,electrolyzerExisting,11.025375048854064,14349.42172931642,0.0,0.0,3000.0,Onsite,2527153.3226183136,H2LA_Station_Opt_Geotab_FCEV70kg_0To8000mi_40stations_5stDist,40,electrolysis,$4.00 - $7.00/kg
34.07,-117.37,15891,9.998622510738052,electrolyzerExisting,11.025375048854064,14349.42172931642,0.0,0.0,3000.0,Pipeline,2527153.3226183136,H2LA_Station_Opt_Geotab_FCEV70kg_0To8000mi_40stations_5stDist,40,electrolysis,$4.00 - $7.00/kg
34.257,-110.024,4395,1.1074802648595614,electrolyzerExisting,1.999999980492884,7498.996232519158,0.0,0.0,1500.0,Onsite,2527153.3226183136,H2LA_Station_Opt_Geotab_FCEV70kg_0To8000mi_40stations_5stDist,40,electrolysis,$2.50 - $5.50/kg
34.566,-111.866,4508,4.836807765066232,electrolyzer,5.333363947442075,28115.93292829567,18.720107438757704,0.0,2500.0,Onsite,2527153.3226183136,H2LA_Station_Opt_Geotab_FCEV70kg_0To8000mi_40stations_5stDist,40,electrolysis,$3.50 - $6.50/kg
31.974,-94.002,45870,10.005705265851496,electrolyzerExisting,11.032910638110389,50348.674243237445,0.0,0.0,1000.0,Onsite,2527153.3226183136,H2LA_Station_Opt_Geotab_FCEV70kg_0To8000mi_40stations_5stDist,40,electrolysis,$2.00 - $5.00/kg
30.191,-93.571,46430,10.043651288778143,electrolyzer,11.074752251687984,47941.87626103422,38.87238040342542,0.0,1000.0,Onsite,2527153.3226183136,H2LA_Station_Opt_Geotab_FCEV70kg_0To8000mi_40stations_5stDist,40,electrolysis,$2.00 - $5.00/kg
32.273,-107.714,71615,9.9311756456994,electrolyzerExisting,10.95072964345297,45679.60837054904,0.0,0.0,1500.0,Onsite,2527153.3226183136,H2LA_Station_Opt_Geotab_FCEV70kg_0To8000mi_40stations_5stDist,40,electrolysis,$2.50 - $5.50/kg
34.946,-104.637,72146,9.818882144888002,electrolyzerExisting,11.018119130281686,45411.960867019625,0.0,0.0,1500.0,Onsite,2527153.3226183136,H2LA_Station_Opt_Geotab_FCEV70kg_0To8000mi_40stations_5stDist,40,electrolysis,$2.50 - $5.50/kg
38.054,-122.155,8266,9.973360824933732,electrolyzerExisting,10.997240686150658,115101.28766215502,0.0,0.0,3000.0,Onsite,2527153.3226183136,H2LA_Station_Opt_Geotab_FCEV70kg_0To8000mi_40stations_5stDist,40,electrolysis,$4.00 - $7.00/kg
34.179,-118.857,9130,1.5394747560745037,electrolyzerExisting,1.6975202562427292,17766.890025230463,0.0,0.0,3000.0,Onsite,2527153.3226183136,H2LA_Station_Opt_Geotab_FCEV70kg_0To8000mi_40stations_5stDist,40,electrolysis,$4.00 - $7.00/kg
31.051,-97.484,95509,10.03916528235957,electrolyzerExisting,11.06980570806805,50517.04483482501,0.0,0.0,1000.0,Onsite,2527153.3226183136,H2LA_Station_Opt_Geotab_FCEV70kg_0To8000mi_40stations_5stDist,40,electrolysis,$2.00 - $5.00/kg
33.152,-96.287,95977,7.46549202054844,electrolyzerExisting,8.231914085574346,37566.32989052083,0.0,0.0,1000.0,Onsite,2527153.3226183136,H2LA_Station_Opt_Geotab_FCEV70kg_0To8000mi_40stations_5stDist,40,electrolysis,$2.00 - $5.00/kg
29.497,-98.399,96569,9.99909973098997,electrolyzerExisting,11.025626936917345,50315.4350817249,0.0,0.0,1000.0,Onsite,2527153.3226183136,H2LA_Station_Opt_Geotab_FCEV70kg_0To8000mi_40stations_5stDist,40,electrolysis,$2.00 - $5.00/kg
30.744,-98.233,98497,10.02857178336918,electrolyzerExisting,11.058124651772337,50463.73836333964,0.0,0.0,1000.0,Onsite,2527153.3226183136,H2LA_Station_Opt_Geotab_FCEV70kg_0To8000mi_40stations_5stDist,40,electrolysis,$2.00 - $5.00/kg
32.856,-96.768,99018,9.99992175795083,electrolyzerExisting,11.045504767976464,50344.262642533504,0.0,0.0,1000.0,Onsite,2527153.3226183136,H2LA_Station_Opt_Geotab_FCEV70kg_0To8000mi_40stations_5stDist,40,electrolysis,$2.00 - $5.00/kg
32.648,-96.883,99189,9.998652251613684,electrolyzerExisting,11.025300167305778,50313.40028165293,0.0,0.0,1000.0,Onsite,2527153.3226183136,H2LA_Station_Opt_Geotab_FCEV70kg_0To8000mi_40stations_5stDist,40,electrolysis,$2.00 - $5.00/kg
32.648,-96.883,99189,9.998652251613684,electrolyzerExisting,11.025300167305778,50313.40028165293,0.0,0.0,1000.0,Pipeline,2527153.3226183136,H2LA_Station_Opt_Geotab_FCEV70kg_0To8000mi_40stations_5stDist,40,electrolysis,$2.00 - $5.00/kg
32.793,-96.684,99467,10.010937516437268,electrolyzerExisting,11.056549635303904,50398.259912261725,0.0,0.0,1000.0,Onsite,2527153.3226183136,H2LA_Station_Opt_Geotab_FCEV70kg_0To8000mi_40stations_5stDist,40,electrolysis,$2.00 - $5.00/kg
32.793,-96.684,99467,10.010937516437268,electrolyzerExisting,11.056549635303904,50398.259912261725,0.0,0.0,1000.0,Pipeline,2527153.3226183136,H2LA_Station_Opt_Geotab_FCEV70kg_0To8000mi_40stations_5stDist,40,electrolysis,$2.00 - $5.00/kg
33.73341025,-113.9782551,laPazAZ,,electrolyzer,49.06436933844611,258652.9874995688,172.2159363779459,0.0,,Onsite,2527153.3226183136,H2LA_Station_Opt_Geotab_FCEV70kg_0To8000mi_40stations_5stDist,40,electrolysis,
33.73341025,-113.9782551,laPazAZ,,electrolyzer,49.06436933844611,258652.9874995688,172.2159363779459,0.0,,Pipeline,2527153.3226183136,H2LA_Station_Opt_Geotab_FCEV70kg_0To8000mi_40stations_5stDist,40,electrolysis,
33.73341025,-113.9782551,laPazAZ,,electrolyzerExisting,12.901144976616688,68514.77999777476,0.0,0.0,,Onsite,2527153.3226183136,H2LA_Station_Opt_Geotab_FCEV70kg_0To8000mi_40stations_5stDist,40,electrolysis,
33.73341025,-113.9782551,laPazAZ,,electrolyzerExisting,12.901144976616688,68514.77999777476,0.0,0.0,,Pipeline,2527153.3226183136,H2LA_Station_Opt_Geotab_FCEV70kg_0To8000mi_40stations_5stDist,40,electrolysis,
29.779,-95.124,100467,9.99759725477449,smr-noCCSExisting,11.485154458411923,9302.361147045413,0.0,0.0,1000.0,Onsite,637788.6596815259,H2LA_Station_Opt_Geotab_FCEV70kg_0To8000mi_40stations_5stDist,40,any,$2.00 - $5.00/kg
29.779,-95.124,100467,9.99759725477449,smr-noCCSExisting,11.485154458411923,9302.361147045413,0.0,0.0,1000.0,Pipeline,637788.6596815259,H2LA_Station_Opt_Geotab_FCEV70kg_0To8000mi_40stations_5stDist,40,any,$2.00 - $5.00/kg
29.93,-95.314,100920,10.00526172104052,smr-noCCSExisting,11.493959328655404,9309.492622831043,0.0,0.0,1000.0,Onsite,637788.6596815259,H2LA_Station_Opt_Geotab_FCEV70kg_0To8000mi_40stations_5stDist,40,any,$2.00 - $5.00/kg
29.93,-95.314,100920,10.00526172104052,smr-noCCSExisting,11.493959328655404,9309.492622831043,0.0,0.0,1000.0,Pipeline,637788.6596815259,H2LA_Station_Opt_Geotab_FCEV70kg_0To8000mi_40stations_5stDist,40,any,$2.00 - $5.00/kg
29.804,-94.981,100951,9.992768212339875,smr-noCCSExisting,11.47960689454413,9297.867917406213,0.0,0.0,1000.0,Onsite,637788.6596815259,H2LA_Station_Opt_Geotab_FCEV70kg_0To8000mi_40stations_5stDist,40,any,$2.00 - $5.00/kg
29.804,-94.981,100951,9.992768212339875,smr-noCCSExisting,11.47960689454413,9297.867917406213,0.0,0.0,1000.0,Pipeline,637788.6596815259,H2LA_Station_Opt_Geotab_FCEV70kg_0To8000mi_40stations_5stDist,40,any,$2.00 - $5.00/kg
29.931,-95.508,101402,10.018607195224114,smr-noCCSExisting,11.527106696367998,9327.683208843564,0.0,0.0,1000.0,Onsite,637788.6596815259,H2LA_Station_Opt_Geotab_FCEV70kg_0To8000mi_40stations_5stDist,40,any,$2.00 - $5.00/kg
29.931,-95.508,101402,10.018607195224114,smr-noCCSExisting,11.527106696367998,9327.683208843564,0.0,0.0,1000.0,Pipeline,637788.6596815259,H2LA_Station_Opt_Geotab_FCEV70kg_0To8000mi_40stations_5stDist,40,any,$2.00 - $5.00/kg
29.604,-95.266,101649,10.00453569018453,smr-noCCS,11.49312527435722,8637.60827706784,93.09431472229348,0.0,1000.0,Onsite,637788.6596815259,H2LA_Station_Opt_Geotab_FCEV70kg_0To8000mi_40stations_5stDist,40,any,$2.00 - $5.00/kg
29.813,-95.292,101729,9.999975109812304,smr-noCCSExisting,11.487909382268624,9304.581183836324,0.0,0.0,1000.0,Onsite,637788.6596815259,H2LA_Station_Opt_Geotab_FCEV70kg_0To8000mi_40stations_5stDist,40,any,$2.00 - $5.00/kg
29.813,-95.292,101729,9.999975109812304,smr-noCCSExisting,11.487909382268624,9304.581183836324,0.0,0.0,1000.0,Pipeline,637788.6596815259,H2LA_Station_Opt_Geotab_FCEV70kg_0To8000mi_40stations_5stDist,40,any,$2.00 - $5.00/kg
27.799,-97.659,102754,9.99959504646125,smr-noCCSExisting,11.48770652102606,9304.303295317804,0.0,0.0,1000.0,Onsite,637788.6596815259,H2LA_Station_Opt_Geotab_FCEV70kg_0To8000mi_40stations_5stDist,40,any,$2.00 - $5.00/kg
30.022,-93.845,102997,9.999190264728163,smr-noCCSExisting,11.486984494240874,9303.843378410484,0.0,0.0,1000.0,Onsite,637788.6596815259,H2LA_Station_Opt_Geotab_FCEV70kg_0To8000mi_40stations_5stDist,40,any,$2.00 - $5.00/kg
30.022,-93.845,102997,9.999190264728163,smr-noCCSExisting,11.486984494240874,9303.843378410484,0.0,0.0,1000.0,Pipeline,637788.6596815259,H2LA_Station_Opt_Geotab_FCEV70kg_0To8000mi_40stations_5stDist,40,any,$2.00 - $5.00/kg
30.376,-97.726,103539,9.998204633291891,smr-noCCSExisting,11.4866557593684,9303.18667058666,0.0,0.0,1000.0,Onsite,637788.6596815259,H2LA_Station_Opt_Geotab_FCEV70kg_0To8000mi_40stations_5stDist,40,any,$2.00 - $5.00/kg
30.376,-97.726,103539,9.998204633291891,smr-noCCSExisting,11.4866557593684,9303.18667058666,0.0,0.0,1000.0,Pipeline,637788.6596815259,H2LA_Station_Opt_Geotab_FCEV70kg_0To8000mi_40stations_5stDist,40,any,$2.00 - $5.00/kg
29.78,-95.882,104122,9.985663603913062,smr-noCCSExisting,11.48779839512167,9296.55646023432,0.0,0.0,1000.0,Onsite,637788.6596815259,H2LA_Station_Opt_Geotab_FCEV70kg_0To8000mi_40stations_5stDist,40,any,$2.00 - $5.00/kg
29.78,-95.882,104122,9.985663603913062,smr-noCCSExisting,11.48779839512167,9296.55646023432,0.0,0.0,1000.0,Pipeline,637788.6596815259,H2LA_Station_Opt_Geotab_FCEV70kg_0To8000mi_40stations_5stDist,40,any,$2.00 - $5.00/kg
32.319,-102.547,104234,1.428481958374061,smr-noCCSExisting,10.0,4037.7855010126273,0.0,0.0,1000.0,Onsite,637788.6596815259,H2LA_Station_Opt_Geotab_FCEV70kg_0To8000mi_40stations_5stDist,40,any,$2.00 - $5.00/kg
32.456,-97.385,105358,10.03231983011097,smr-noCCSExisting,11.525043428619208,9334.66909448636,0.0,0.0,1000.0,Onsite,637788.6596815259,H2LA_Station_Opt_Geotab_FCEV70kg_0To8000mi_40stations_5stDist,40,any,$2.00 - $5.00/kg
32.731,-97.276,106176,10.011936703214047,smr-noCCSExisting,11.501627483754708,9315.703422469447,0.0,0.0,1000.0,Onsite,637788.6596815259,H2LA_Station_Opt_Geotab_FCEV70kg_0To8000mi_40stations_5stDist,40,any,$2.00 - $5.00/kg
32.731,-97.276,106176,10.011936703214047,smr-noCCSExisting,11.501627483754708,9315.703422469447,0.0,0.0,1000.0,Pipeline,637788.6596815259,H2LA_Station_Opt_Geotab_FCEV70kg_0To8000mi_40stations_5stDist,40,any,$2.00 - $5.00/kg
30.7,-101.207,107617,9.89528986390954,smr-noCCSExisting,11.367624600621106,9207.168245052775,0.0,0.0,1000.0,Onsite,637788.6596815259,H2LA_Station_Opt_Geotab_FCEV70kg_0To8000mi_40stations_5stDist,40,any,$2.00 - $5.00/kg
30.035,-94.15,108840,9.9972580794037,smr-noCCSExisting,11.48476481654758,9302.045558040396,0.0,0.0,1000.0,Onsite,637788.6596815259,H2LA_Station_Opt_Geotab_FCEV70kg_0To8000mi_40stations_5stDist,40,any,$2.00 - $5.00/kg
30.035,-94.15,108840,9.9972580794037,smr-noCCSExisting,11.48476481654758,9302.045558040396,0.0,0.0,1000.0,Pipeline,637788.6596815259,H2LA_Station_Opt_Geotab_FCEV70kg_0To8000mi_40stations_5stDist,40,any,$2.00 - $5.00/kg
30.209,-95.526,109345,9.9982959817626,smr-noCCSExisting,11.485957151973988,9303.011285983608,0.0,0.0,1000.0,Onsite,637788.6596815259,H2LA_Station_Opt_Geotab_FCEV70kg_0To8000mi_40stations_5stDist,40,any,$2.00 - $5.00/kg
37.587,-122.364,11279,3.291885543628044,smr-noCCSExisting,10.0,11151.580903184004,0.0,0.0,3000.0,Onsite,637788.6596815259,H2LA_Station_Opt_Geotab_FCEV70kg_0To8000mi_40stations_5stDist,40,any,$4.00 - $7.00/kg
37.587,-122.364,11279,3.291885543628044,smr-noCCSExisting,10.0,11151.580903184004,0.0,0.0,3000.0,Pipeline,637788.6596815259,H2LA_Station_Opt_Geotab_FCEV70kg_0To8000mi_40stations_5stDist,40,any,$4.00 - $7.00/kg
37.705,-122.407,11323,2.438309004464081,smr-noCCSExisting,10.0,9100.234016273303,0.0,0.0,3000.0,Onsite,637788.6596815259,H2LA_Station_Opt_Geotab_FCEV70kg_0To8000mi_40stations_5stDist,40,any,$4.00 - $7.00/kg
38.525,-121.463,11536,9.998355381417907,smr-noCCSExisting,11.48760684119054,27750.862558930887,0.0,0.0,3000.0,Onsite,637788.6596815259,H2LA_Station_Opt_Geotab_FCEV70kg_0To8000mi_40stations_5stDist,40,any,$4.00 - $7.00/kg
38.525,-121.463,11536,9.998355381417907,smr-noCCSExisting,11.48760684119054,27750.862558930887,0.0,0.0,3000.0,Pipeline,637788.6596815259,H2LA_Station_Opt_Geotab_FCEV70kg_0To8000mi_40stations_5stDist,40,any,$4.00 - $7.00/kg
34.796,-118.853,12389,9.994997244991266,smr-noCCS,11.482167589608258,28849.421364069636,93.0055574758269,0.0,3500.0,Onsite,637788.6596815259,H2LA_Station_Opt_Geotab_FCEV70kg_0To8000mi_40stations_5stDist,40,any,$4.50 - $7.50/kg
33.945,-118.291,12678,9.994198703094389,smr-noCCSExisting,11.481250231748378,27738.813280453294,0.0,0.0,3000.0,Onsite,637788.6596815259,H2LA_Station_Opt_Geotab_FCEV70kg_0To8000mi_40stations_5stDist,40,any,$4.00 - $7.00/kg
33.945,-118.291,12678,9.994198703094389,smr-noCCSExisting,11.481250231748378,27738.813280453294,0.0,0.0,3000.0,Pipeline,637788.6596815259,H2LA_Station_Opt_Geotab_FCEV70kg_0To8000mi_40stations_5stDist,40,any,$4.00 - $7.00/kg
33.902,-118.06,13548,9.999073012522532,smr-noCCS,11.486849796717866,28861.18560324876,93.04348335341471,0.0,3500.0,Onsite,637788.6596815259,H2LA_Station_Opt_Geotab_FCEV70kg_0To8000mi_40stations_5stDist,40,any,$4.50 - $7.50/kg
33.902,-118.06,13548,9.999073012522532,smr-noCCS,11.486849796717866,28861.18560324876,93.04348335341471,0.0,3500.0,Pipeline,637788.6596815259,H2LA_Station_Opt_Geotab_FCEV70kg_0To8000mi_40stations_5stDist,40,any,$4.50 - $7.50/kg
37.812,-121.294,14201,10.008496089875498,smr-noCCSExisting,11.497674947484638,27778.49555492658,0.0,0.0,3000.0,Onsite,637788.6596815259,H2LA_Station_Opt_Geotab_FCEV70kg_0To8000mi_40stations_5stDist,40,any,$4.00 - $7.00/kg
37.954,-121.271,14295,9.9998168757509,smr-noCCSExisting,11.487704339720612,27754.40646966063,0.0,0.0,3000.0,Onsite,637788.6596815259,H2LA_Station_Opt_Geotab_FCEV70kg_0To8000mi_40stations_5stDist,40,any,$4.00 - $7.00/kg
37.954,-121.271,14295,9.9998168757509,smr-noCCSExisting,11.487704339720612,27754.40646966063,0.0,0.0,3000.0,Pipeline,637788.6596815259,H2LA_Station_Opt_Geotab_FCEV70kg_0To8000mi_40stations_5stDist,40,any,$4.00 - $7.00/kg
34.058,-117.181,15834,10.011163275281431,smr-noCCSExisting,11.500738987201151,27785.898304963783,0.0,0.0,3000.0,Onsite,637788.6596815259,H2LA_Station_Opt_Geotab_FCEV70kg_0To8000mi_40stations_5stDist,40,any,$4.00 - $7.00/kg
34.058,-117.181,15834,10.011163275281431,smr-noCCSExisting,11.500738987201151,27785.898304963783,0.0,0.0,3000.0,Pipeline,637788.6596815259,H2LA_Station_Opt_Geotab_FCEV70kg_0To8000mi_40stations_5stDist,40,any,$4.00 - $7.00/kg
34.07,-117.37,15891,9.998622510738052,smr-noCCSExisting,11.486618056574336,27751.18412873196,0.0,0.0,3000.0,Onsite,637788.6596815259,H2LA_Station_Opt_Geotab_FCEV70kg_0To8000mi_40stations_5stDist,40,any,$4.00 - $7.00/kg
34.07,-117.37,15891,9.998622510738052,smr-noCCSExisting,11.486618056574336,27751.18412873196,0.0,0.0,3000.0,Pipeline,637788.6596815259,H2LA_Station_Opt_Geotab_FCEV70kg_0To8000mi_40stations_5stDist,40,any,$4.00 - $7.00/kg
34.257,-110.024,4395,1.1074802648595614,electrolyzerExisting,1.0,1301.490576577515,0.0,0.0,1500.0,Onsite,637788.6596815259,H2LA_Station_Opt_Geotab_FCEV70kg_0To8000mi_40stations_5stDist,40,any,$2.50 - $5.50/kg
34.257,-110.024,4395,1.1074802648595614,smr-noCCSExisting,9.99999963434066,4635.109401812019,0.0,0.0,1500.0,Onsite,637788.6596815259,H2LA_Station_Opt_Geotab_FCEV70kg_0To8000mi_40stations_5stDist,40,any,$2.50 - $5.50/kg
34.566,-111.866,4508,4.836807765066232,smr-noCCS,10.0,9234.443215245166,45.0075164243713,0.0,2500.0,Onsite,637788.6596815259,H2LA_Station_Opt_Geotab_FCEV70kg_0To8000mi_40stations_5stDist,40,any,$3.50 - $6.50/kg
31.974,-94.002,45870,10.005705265851496,smr-noCCSExisting,11.49446887447306,9309.905326180358,0.0,0.0,1000.0,Onsite,637788.6596815259,H2LA_Station_Opt_Geotab_FCEV70kg_0To8000mi_40stations_5stDist,40,any,$2.00 - $5.00/kg
30.191,-93.571,46430,10.043651288778143,smr-noCCS,11.538060940027997,8671.37948102395,93.45829361422676,0.0,1000.0,Onsite,637788.6596815259,H2LA_Station_Opt_Geotab_FCEV70kg_0To8000mi_40stations_5stDist,40,any,$2.00 - $5.00/kg
32.273,-107.714,71615,9.9311756456994,smr-noCCSExisting,11.408849889850384,14436.880349325384,0.0,0.0,1500.0,Onsite,637788.6596815259,H2LA_Station_Opt_Geotab_FCEV70kg_0To8000mi_40stations_5stDist,40,any,$2.50 - $5.50/kg
34.946,-104.637,72146,9.818882144888002,smr-noCCSExisting,11.479058592527029,14338.192235253196,0.0,0.0,1500.0,Onsite,637788.6596815259,H2LA_Station_Opt_Geotab_FCEV70kg_0To8000mi_40stations_5stDist,40,any,$2.50 - $5.50/kg
38.054,-122.155,8266,9.973360824933732,smr-noCCSExisting,11.457311855818288,27680.97793614681,0.0,0.0,3000.0,Onsite,637788.6596815259,H2LA_Station_Opt_Geotab_FCEV70kg_0To8000mi_40stations_5stDist,40,any,$4.00 - $7.00/kg
34.179,-118.857,9130,1.5394747560745037,smr-noCCSExisting,10.0,6940.122135001125,0.0,0.0,3000.0,Onsite,637788.6596815259,H2LA_Station_Opt_Geotab_FCEV70kg_0To8000mi_40stations_5stDist,40,any,$4.00 - $7.00/kg
32.801,-115.57,9454,6.145768338337603,smr-noCCSExisting,10.0,18010.138141908454,0.0,0.0,3000.0,Onsite,637788.6596815259,H2LA_Station_Opt_Geotab_FCEV70kg_0To8000mi_40stations_5stDist,40,any,$4.00 - $7.00/kg
32.801,-115.57,9454,6.145768338337603,smr-noCCSExisting,10.0,18010.138141908454,0.0,0.0,3000.0,Pipeline,637788.6596815259,H2LA_Station_Opt_Geotab_FCEV70kg_0To8000mi_40stations_5stDist,40,any,$4.00 - $7.00/kg
31.051,-97.484,95509,10.03916528235957,smr-noCCSExisting,11.53290745606972,9341.038521519366,0.0,0.0,1000.0,Onsite,637788.6596815259,H2LA_Station_Opt_Geotab_FCEV70kg_0To8000mi_40stations_5stDist,40,any,$2.00 - $5.00/kg
33.152,-96.287,95977,7.46549202054844,smr-noCCSExisting,10.0,7407.677037084063,0.0,0.0,1000.0,Onsite,637788.6596815259,H2LA_Station_Opt_Geotab_FCEV70kg_0To8000mi_40stations_5stDist,40,any,$2.00 - $5.00/kg
29.497,-98.399,96569,9.99909973098997,smr-noCCSExisting,11.486880490088303,9303.75914063566,0.0,0.0,1000.0,Onsite,637788.6596815259,H2LA_Station_Opt_Geotab_FCEV70kg_0To8000mi_40stations_5stDist,40,any,$2.00 - $5.00/kg
30.744,-98.233,98497,10.02857178336918,smr-noCCSExisting,11.52073773248092,9331.181697135336,0.0,0.0,1000.0,Onsite,637788.6596815259,H2LA_Station_Opt_Geotab_FCEV70kg_0To8000mi_40stations_5stDist,40,any,$2.00 - $5.00/kg
32.856,-96.768,99018,9.99992175795083,smr-noCCSExisting,11.507589896183315,9310.92867477764,0.0,0.0,1000.0,Onsite,637788.6596815259,H2LA_Station_Opt_Geotab_FCEV70kg_0To8000mi_40stations_5stDist,40,any,$2.00 - $5.00/kg
32.648,-96.883,99189,9.998652251613684,smr-noCCSExisting,11.486540045277676,9303.399037671496,0.0,0.0,1000.0,Onsite,637788.6596815259,H2LA_Station_Opt_Geotab_FCEV70kg_0To8000mi_40stations_5stDist,40,any,$2.00 - $5.00/kg
32.648,-96.883,99189,9.998652251613684,smr-noCCSExisting,11.486540045277676,9303.399037671496,0.0,0.0,1000.0,Pipeline,637788.6596815259,H2LA_Station_Opt_Geotab_FCEV70kg_0To8000mi_40stations_5stDist,40,any,$2.00 - $5.00/kg
32.793,-96.684,99467,10.010937516437268,smr-noCCSExisting,11.519096826899348,9320.806435386454,0.0,0.0,1000.0,Onsite,637788.6596815259,H2LA_Station_Opt_Geotab_FCEV70kg_0To8000mi_40stations_5stDist,40,any,$2.00 - $5.00/kg
32.793,-96.684,99467,10.010937516437268,smr-noCCSExisting,11.519096826899348,9320.806435386454,0.0,0.0,1000.0,Pipeline,637788.6596815259,H2LA_Station_Opt_Geotab_FCEV70kg_0To8000mi_40stations_5stDist,40,any,$2.00 - $5.00/kg
33.01,-97.036,100175,10.030258195022002,smr-noCCS,11.522675066897593,8659.816295039005,93.33366804187834,0.0,5000.0,Onsite,783166.7896018117,H2LA_Station_Opt_Geotab_FCEV70kg_0To8000mi_50stations_5stDist,50,any,$6.00 - $9.00/kg
29.779,-95.124,100467,10.015169364680885,smr-noCCSExisting,11.485154458411923,9302.361147045413,0.0,0.0,4000.0,Onsite,783166.7896018117,H2LA_Station_Opt_Geotab_FCEV70kg_0To8000mi_50stations_5stDist,50,any,$5.00 - $8.00/kg
29.779,-95.124,100467,10.015169364680885,smr-noCCSExisting,11.485154458411923,9302.361147045413,0.0,0.0,4000.0,Pipeline,783166.7896018117,H2LA_Station_Opt_Geotab_FCEV70kg_0To8000mi_50stations_5stDist,50,any,$5.00 - $8.00/kg
29.816,-95.809,100639,10.044447990849743,smr-noCCS,11.53897618652898,8672.06733054823,93.46570711088472,0.0,5000.0,Onsite,783166.7896018117,H2LA_Station_Opt_Geotab_FCEV70kg_0To8000mi_50stations_5stDist,50,any,$6.00 - $9.00/kg
29.816,-95.809,100639,10.044447990849743,smr-noCCS,11.53897618652898,8672.06733054823,93.46570711088472,0.0,5000.0,Pipeline,783166.7896018117,H2LA_Station_Opt_Geotab_FCEV70kg_0To8000mi_50stations_5stDist,50,any,$6.00 - $9.00/kg
29.93,-95.314,100920,10.026763454935548,smr-noCCSExisting,11.493959328655404,9309.492621258869,0.0,0.0,4000.0,Onsite,783166.7896018117,H2LA_Station_Opt_Geotab_FCEV70kg_0To8000mi_50stations_5stDist,50,any,$5.00 - $8.00/kg
29.93,-95.314,100920,10.026763454935548,smr-noCCSExisting,11.493959328655404,9309.492621258869,0.0,0.0,4000.0,Pipeline,783166.7896018117,H2LA_Station_Opt_Geotab_FCEV70kg_0To8000mi_50stations_5stDist,50,any,$5.00 - $8.00/kg
29.804,-94.981,100951,9.988860091696374,smr-noCCSExisting,11.47960689454413,9295.686382569598,0.0,0.0,4000.0,Onsite,783166.7896018117,H2LA_Station_Opt_Geotab_FCEV70kg_0To8000mi_50stations_5stDist,50,any,$5.00 - $8.00/kg
29.804,-94.981,100951,9.988860091696374,smr-noCCSExisting,11.47960689454413,9295.686382569598,0.0,0.0,4000.0,Pipeline,783166.7896018117,H2LA_Station_Opt_Geotab_FCEV70kg_0To8000mi_50stations_5stDist,50,any,$5.00 - $8.00/kg
29.931,-95.508,101402,10.015236062020492,smr-noCCSExisting,11.527106696367998,9325.801425270538,0.0,0.0,4000.0,Onsite,783166.7896018117,H2LA_Station_Opt_Geotab_FCEV70kg_0To8000mi_50stations_5stDist,50,any,$5.00 - $8.00/kg
29.931,-95.508,101402,10.015236062020492,smr-noCCSExisting,11.527106696367998,9325.801425270538,0.0,0.0,4000.0,Pipeline,783166.7896018117,H2LA_Station_Opt_Geotab_FCEV70kg_0To8000mi_50stations_5stDist,50,any,$5.00 - $8.00/kg
29.604,-95.266,101649,10.016275997397912,smr-noCCSExisting,11.49312527435722,9308.817081863552,0.0,0.0,4000.0,Onsite,783166.7896018117,H2LA_Station_Opt_Geotab_FCEV70kg_0To8000mi_50stations_5stDist,50,any,$5.00 - $8.00/kg
29.813,-95.292,101729,10.035738597340064,smr-noCCSExisting,11.487909382268624,9304.592488098808,0.0,0.0,4000.0,Onsite,783166.7896018117,H2LA_Station_Opt_Geotab_FCEV70kg_0To8000mi_50stations_5stDist,50,any,$5.00 - $8.00/kg
29.813,-95.292,101729,10.035738597340064,smr-noCCSExisting,11.487909382268624,9304.592488098808,0.0,0.0,4000.0,Pipeline,783166.7896018117,H2LA_Station_Opt_Geotab_FCEV70kg_0To8000mi_50stations_5stDist,50,any,$5.00 - $8.00/kg
27.799,-97.659,102754,9.999917847024562,smr-noCCSExisting,11.48770652102606,9304.428181336723,0.0,0.0,4000.0,Onsite,783166.7896018117,H2LA_Station_Opt_Geotab_FCEV70kg_0To8000mi_50stations_5stDist,50,any,$5.00 - $8.00/kg
30.022,-93.845,102997,10.037198083796651,smr-noCCSExisting,11.486984494240874,9303.843378238258,0.0,0.0,4000.0,Onsite,783166.7896018117,H2LA_Station_Opt_Geotab_FCEV70kg_0To8000mi_50stations_5stDist,50,any,$5.00 - $8.00/kg
30.022,-93.845,102997,10.037198083796651,smr-noCCSExisting,11.486984494240874,9303.843378238258,0.0,0.0,4000.0,Pipeline,783166.7896018117,H2LA_Station_Opt_Geotab_FCEV70kg_0To8000mi_50stations_5stDist,50,any,$5.00 - $8.00/kg
30.376,-97.726,103539,10.029549239769226,smr-noCCSExisting,11.4866557593684,9303.577120564803,0.0,0.0,4000.0,Onsite,783166.7896018117,H2LA_Station_Opt_Geotab_FCEV70kg_0To8000mi_50stations_5stDist,50,any,$5.00 - $8.00/kg
30.376,-97.726,103539,10.029549239769226,smr-noCCSExisting,11.4866557593684,9303.577120564803,0.0,0.0,4000.0,Pipeline,783166.7896018117,H2LA_Station_Opt_Geotab_FCEV70kg_0To8000mi_50stations_5stDist,50,any,$5.00 - $8.00/kg
29.78,-95.882,104122,9.997662984249295,smr-noCCSExisting,11.48779839512167,9303.254578330228,0.0,0.0,4000.0,Onsite,783166.7896018117,H2LA_Station_Opt_Geotab_FCEV70kg_0To8000mi_50stations_5stDist,50,any,$5.00 - $8.00/kg
32.319,-102.547,104234,1.428481958374061,smr-noCCSExisting,10.0,4037.785500486699,0.0,0.0,5000.0,Onsite,783166.7896018117,H2LA_Station_Opt_Geotab_FCEV70kg_0To8000mi_50stations_5stDist,50,any,$6.00 - $9.00/kg
32.456,-97.385,105358,10.03424126538576,smr-noCCSExisting,11.525043428619208,9334.669080560414,0.0,0.0,4000.0,Onsite,783166.7896018117,H2LA_Station_Opt_Geotab_FCEV70kg_0To8000mi_50stations_5stDist,50,any,$5.00 - $8.00/kg
32.731,-97.276,106176,10.014590881085136,smr-noCCSExisting,11.501627483754708,9315.703416971155,0.0,0.0,4000.0,Onsite,783166.7896018117,H2LA_Station_Opt_Geotab_FCEV70kg_0To8000mi_50stations_5stDist,50,any,$5.00 - $8.00/kg
32.731,-97.276,106176,10.014590881085136,smr-noCCSExisting,11.501627483754708,9315.703416971155,0.0,0.0,4000.0,Pipeline,783166.7896018117,H2LA_Station_Opt_Geotab_FCEV70kg_0To8000mi_50stations_5stDist,50,any,$5.00 - $8.00/kg
30.7,-101.207,107617,9.89528986236462,smr-noCCSExisting,11.367624600621106,9207.168245052677,0.0,0.0,4000.0,Onsite,783166.7896018117,H2LA_Station_Opt_Geotab_FCEV70kg_0To8000mi_50stations_5stDist,50,any,$5.00 - $8.00/kg
31.507,-97.146,107884,10.039493401326586,smr-noCCSExisting,11.52541105061624,9334.966834725965,0.0,0.0,4000.0,Onsite,783166.7896018117,H2LA_Station_Opt_Geotab_FCEV70kg_0To8000mi_50stations_5stDist,50,any,$5.00 - $8.00/kg
29.649,-98.112,108692,10.028176496510971,smr-noCCSExisting,11.524811341063325,9332.281057260449,0.0,0.0,4000.0,Onsite,783166.7896018117,H2LA_Station_Opt_Geotab_FCEV70kg_0To8000mi_50stations_5stDist,50,any,$5.00 - $8.00/kg
29.649,-98.112,108692,10.028176496510971,smr-noCCSExisting,11.524811341063325,9332.281057260449,0.0,0.0,4000.0,Pipeline,783166.7896018117,H2LA_Station_Opt_Geotab_FCEV70kg_0To8000mi_50stations_5stDist,50,any,$5.00 - $8.00/kg
30.035,-94.15,108840,9.992688544951491,smr-noCCSExisting,11.48476481654758,9299.494817689816,0.0,0.0,4000.0,Onsite,783166.7896018117,H2LA_Station_Opt_Geotab_FCEV70kg_0To8000mi_50stations_5stDist,50,any,$5.00 - $8.00/kg
30.035,-94.15,108840,9.992688544951491,smr-noCCSExisting,11.48476481654758,9299.494817689816,0.0,0.0,4000.0,Pipeline,783166.7896018117,H2LA_Station_Opt_Geotab_FCEV70kg_0To8000mi_50stations_5stDist,50,any,$5.00 - $8.00/kg
30.209,-95.526,109345,10.010337086913756,smr-noCCSExisting,11.485957151973988,9303.011285920931,0.0,0.0,4000.0,Onsite,783166.7896018117,H2LA_Station_Opt_Geotab_FCEV70kg_0To8000mi_50stations_5stDist,50,any,$5.00 - $8.00/kg
37.587,-122.364,11279,3.291885542267757,smr-noCCSExisting,10.0,11151.580888022336,0.0,0.0,10500.0,Onsite,783166.7896018117,H2LA_Station_Opt_Geotab_FCEV70kg_0To8000mi_50stations_5stDist,50,any,$11.50 - $14.50/kg
37.587,-122.364,11279,3.291885542267757,smr-noCCSExisting,10.0,11151.580888022336,0.0,0.0,10500.0,Pipeline,783166.7896018117,H2LA_Station_Opt_Geotab_FCEV70kg_0To8000mi_50stations_5stDist,50,any,$11.50 - $14.50/kg
37.705,-122.407,11323,2.438309002379175,smr-noCCSExisting,10.0,9100.234018404391,0.0,0.0,10500.0,Onsite,783166.7896018117,H2LA_Station_Opt_Geotab_FCEV70kg_0To8000mi_50stations_5stDist,50,any,$11.50 - $14.50/kg
38.525,-121.463,11536,9.998355383895165,smr-noCCSExisting,11.48760684119054,27750.862561726877,0.0,0.0,10500.0,Onsite,783166.7896018117,H2LA_Station_Opt_Geotab_FCEV70kg_0To8000mi_50stations_5stDist,50,any,$11.50 - $14.50/kg
38.525,-121.463,11536,9.998355383895165,smr-noCCSExisting,11.48760684119054,27750.862561726877,0.0,0.0,10500.0,Pipeline,783166.7896018117,H2LA_Station_Opt_Geotab_FCEV70kg_0To8000mi_50stations_5stDist,50,any,$11.50 - $14.50/kg
34.796,-118.853,12389,9.997588411972869,smr-noCCSExisting,11.482167589608258,27741.0296260492,0.0,0.0,9000.0,Onsite,783166.7896018117,H2LA_Station_Opt_Geotab_FCEV70kg_0To8000mi_50stations_5stDist,50,any,$10.00 - $13.00/kg
34.796,-118.853,12389,9.997588411972869,smr-noCCSExisting,11.482167589608258,27741.0296260492,0.0,0.0,9000.0,Pipeline,783166.7896018117,H2LA_Station_Opt_Geotab_FCEV70kg_0To8000mi_50stations_5stDist,50,any,$10.00 - $13.00/kg
33.945,-118.291,12678,10.032385718526314,smr-noCCSExisting,11.481250231748378,27738.813280453294,0.0,0.0,8500.0,Onsite,783166.7896018117,H2LA_Station_Opt_Geotab_FCEV70kg_0To8000mi_50stations_5stDist,50,any,$9.50 - $12.50/kg
33.945,-118.291,12678,10.032385718526314,smr-noCCSExisting,11.481250231748378,27738.813280453294,0.0,0.0,8500.0,Pipeline,783166.7896018117,H2LA_Station_Opt_Geotab_FCEV70kg_0To8000mi_50stations_5stDist,50,any,$9.50 - $12.50/kg
33.902,-118.06,13548,9.999073015238451,smr-noCCSExisting,11.486849796717866,27752.34188439496,0.0,0.0,8500.0,Onsite,783166.7896018117,H2LA_Station_Opt_Geotab_FCEV70kg_0To8000mi_50stations_5stDist,50,any,$9.50 - $12.50/kg
33.902,-118.06,13548,9.999073015238451,smr-noCCSExisting,11.486849796717866,27752.34188439496,0.0,0.0,8500.0,Pipeline,783166.7896018117,H2LA_Station_Opt_Geotab_FCEV70kg_0To8000mi_50stations_5stDist,50,any,$9.50 - $12.50/kg
37.812,-121.294,14201,10.00566895294824,smr-noCCSExisting,11.497674947484638,27771.70126962768,0.0,0.0,10500.0,Onsite,783166.7896018117,H2LA_Station_Opt_Geotab_FCEV70kg_0To8000mi_50stations_5stDist,50,any,$11.50 - $14.50/kg
37.954,-121.271,14295,9.999343495918495,smr-noCCSExisting,11.487704339720612,27753.2688230392,0.0,0.0,10500.0,Onsite,783166.7896018117,H2LA_Station_Opt_Geotab_FCEV70kg_0To8000mi_50stations_5stDist,50,any,$11.50 - $14.50/kg
37.954,-121.271,14295,9.999343495918495,smr-noCCSExisting,11.487704339720612,27753.2688230392,0.0,0.0,10500.0,Pipeline,783166.7896018117,H2LA_Station_Opt_Geotab_FCEV70kg_0To8000mi_50stations_5stDist,50,any,$11.50 - $14.50/kg
34.058,-117.181,15834,10.003772773501623,smr-noCCSExisting,11.500738987201151,27771.2506349026,0.0,0.0,8500.0,Onsite,783166.7896018117,H2LA_Station_Opt_Geotab_FCEV70kg_0To8000mi_50stations_5stDist,50,any,$9.50 - $12.50/kg
34.058,-117.181,15834,10.003772773501623,smr-noCCSExisting,11.500738987201151,27771.2506349026,0.0,0.0,8500.0,Pipeline,783166.7896018117,H2LA_Station_Opt_Geotab_FCEV70kg_0To8000mi_50stations_5stDist,50,any,$9.50 - $12.50/kg
34.07,-117.37,15891,9.999864979831097,smr-noCCSExisting,11.486618056574336,27751.781997251062,0.0,0.0,8500.0,Onsite,783166.7896018117,H2LA_Station_Opt_Geotab_FCEV70kg_0To8000mi_50stations_5stDist,50,any,$9.50 - $12.50/kg
34.07,-117.37,15891,9.999864979831097,smr-noCCSExisting,11.486618056574336,27751.781997251062,0.0,0.0,8500.0,Pipeline,783166.7896018117,H2LA_Station_Opt_Geotab_FCEV70kg_0To8000mi_50stations_5stDist,50,any,$9.50 - $12.50/kg
34.091,-117.294,15955,10.004715977278911,smr-noCCSExisting,11.49482081755636,27771.59994374653,0.0,0.0,8500.0,Onsite,783166.7896018117,H2LA_Station_Opt_Geotab_FCEV70kg_0To8000mi_50stations_5stDist,50,any,$9.50 - $12.50/kg
34.091,-117.294,15955,10.004715977278911,smr-noCCSExisting,11.49482081755636,27771.59994374653,0.0,0.0,8500.0,Pipeline,783166.7896018117,H2LA_Station_Opt_Geotab_FCEV70kg_0To8000mi_50stations_5stDist,50,any,$9.50 - $12.50/kg
35.63,-120.692,16130,1.1492314090151927,smr-noCCSExisting,10.0,6002.27482275008,0.0,0.0,10500.0,Onsite,783166.7896018117,H2LA_Station_Opt_Geotab_FCEV70kg_0To8000mi_50stations_5stDist,50,any,$11.50 - $14.50/kg
34.257,-110.024,4395,0.9068962511641524,electrolyzerExisting,1.0,1301.490576577515,0.0,0.0,5000.0,Onsite,783166.7896018117,H2LA_Station_Opt_Geotab_FCEV70kg_0To8000mi_50stations_5stDist,50,any,$6.00 - $9.00/kg
34.257,-110.024,4395,0.9068962511641524,smr-noCCSExisting,9.99999963434066,4635.109397689437,0.0,0.0,5000.0,Onsite,783166.7896018117,H2LA_Station_Opt_Geotab_FCEV70kg_0To8000mi_50stations_5stDist,50,any,$6.00 - $9.00/kg
34.566,-111.866,4508,4.836807761163239,smr-noCCSExisting,10.0,9331.655185088504,0.0,0.0,5000.0,Onsite,783166.7896018117,H2LA_Station_Opt_Geotab_FCEV70kg_0To8000mi_50stations_5stDist,50,any,$6.00 - $9.00/kg
31.974,-94.002,45870,10.012896082627494,smr-noCCSExisting,11.49446887447306,9309.905326132275,0.0,0.0,4000.0,Onsite,783166.7896018117,H2LA_Station_Opt_Geotab_FCEV70kg_0To8000mi_50stations_5stDist,50,any,$5.00 - $8.00/kg
30.191,-93.571,46430,10.04365128877814,smr-noCCSExisting,11.538060940027997,9345.212568921745,0.0,0.0,4000.0,Onsite,783166.7896018117,H2LA_Station_Opt_Geotab_FCEV70kg_0To8000mi_50stations_5stDist,50,any,$5.00 - $8.00/kg
37.098,-120.217,7086,9.969763231932944,smr-noCCS,11.453178968770588,28776.586254254304,92.77074964704248,0.0,12000.0,Onsite,783166.7896018117,H2LA_Station_Opt_Geotab_FCEV70kg_0To8000mi_50stations_5stDist,50,any,$13.00 - $16.00/kg
32.273,-107.714,71615,9.931175648349567,smr-noCCSExisting,11.408849889850384,14436.88035108185,0.0,0.0,3500.0,Onsite,783166.7896018117,H2LA_Station_Opt_Geotab_FCEV70kg_0To8000mi_50stations_5stDist,50,any,$4.50 - $7.50/kg
34.946,-104.637,72146,9.8188821473259,smr-noCCSExisting,11.479058592527029,14338.192235033948,0.0,0.0,3500.0,Onsite,783166.7896018117,H2LA_Station_Opt_Geotab_FCEV70kg_0To8000mi_50stations_5stDist,50,any,$4.50 - $7.50/kg
38.054,-122.155,8266,9.973360827720086,smr-noCCSExisting,11.457311855818288,27680.97792918416,0.0,0.0,10500.0,Onsite,783166.7896018117,H2LA_Station_Opt_Geotab_FCEV70kg_0To8000mi_50stations_5stDist,50,any,$11.50 - $14.50/kg
34.179,-118.857,9130,1.5394747533828537,smr-noCCSExisting,10.0,6940.122139563262,0.0,0.0,10500.0,Onsite,783166.7896018117,H2LA_Station_Opt_Geotab_FCEV70kg_0To8000mi_50stations_5stDist,50,any,$11.50 - $14.50/kg
32.801,-115.57,9454,6.145768337057908,smr-noCCSExisting,10.0,18010.138137021862,0.0,0.0,8500.0,Onsite,783166.7896018117,H2LA_Station_Opt_Geotab_FCEV70kg_0To8000mi_50stations_5stDist,50,any,$9.50 - $12.50/kg
32.801,-115.57,9454,6.145768337057908,smr-noCCSExisting,10.0,18010.138137021862,0.0,0.0,8500.0,Pipeline,783166.7896018117,H2LA_Station_Opt_Geotab_FCEV70kg_0To8000mi_50stations_5stDist,50,any,$9.50 - $12.50/kg
31.051,-97.484,95509,10.032684722531734,smr-noCCSExisting,11.53290745606972,9337.42103914829,0.0,0.0,4000.0,Onsite,783166.7896018117,H2LA_Station_Opt_Geotab_FCEV70kg_0To8000mi_50stations_5stDist,50,any,$5.00 - $8.00/kg
31.051,-97.484,95509,10.032684722531734,smr-noCCSExisting,11.53290745606972,9337.42103914829,0.0,0.0,4000.0,Pipeline,783166.7896018117,H2LA_Station_Opt_Geotab_FCEV70kg_0To8000mi_50stations_5stDist,50,any,$5.00 - $8.00/kg
31.104,-97.511,95545,10.00300758993963,smr-noCCS,11.48580650244515,8632.107885891675,93.03503266980572,0.0,5000.0,Onsite,783166.7896018117,H2LA_Station_Opt_Geotab_FCEV70kg_0To8000mi_50stations_5stDist,50,any,$6.00 - $9.00/kg
33.152,-96.287,95977,7.611193568883578,smr-noCCSExisting,10.0,7489.0084256738655,0.0,0.0,4000.0,Onsite,783166.7896018117,H2LA_Station_Opt_Geotab_FCEV70kg_0To8000mi_50stations_5stDist,50,any,$5.00 - $8.00/kg
29.511,-98.309,96543,10.011409858638768,smr-noCCSExisting,11.496422792787698,9311.487895516117,0.0,0.0,4000.0,Onsite,783166.7896018117,H2LA_Station_Opt_Geotab_FCEV70kg_0To8000mi_50stations_5stDist,50,any,$5.00 - $8.00/kg
29.511,-98.309,96543,10.011409858638768,smr-noCCSExisting,11.496422792787698,9311.487895516117,0.0,0.0,4000.0,Pipeline,783166.7896018117,H2LA_Station_Opt_Geotab_FCEV70kg_0To8000mi_50stations_5stDist,50,any,$5.00 - $8.00/kg
29.497,-98.399,96569,10.047363840137956,smr-noCCSExisting,11.486880490088303,9303.75914043445,0.0,0.0,4000.0,Onsite,783166.7896018117,H2LA_Station_Opt_Geotab_FCEV70kg_0To8000mi_50stations_5stDist,50,any,$5.00 - $8.00/kg
29.497,-98.399,96569,10.047363840137956,smr-noCCSExisting,11.486880490088303,9303.75914043445,0.0,0.0,4000.0,Pipeline,783166.7896018117,H2LA_Station_Opt_Geotab_FCEV70kg_0To8000mi_50stations_5stDist,50,any,$5.00 - $8.00/kg
29.53,-98.562,97041,10.026569550567189,smr-noCCS,11.518437583378338,8656.631632734317,93.29934442522088,0.0,5000.0,Onsite,783166.7896018117,H2LA_Station_Opt_Geotab_FCEV70kg_0To8000mi_50stations_5stDist,50,any,$6.00 - $9.00/kg
30.744,-98.233,98497,10.023729042029125,smr-noCCSExisting,11.52073773248092,9331.181696858886,0.0,0.0,4000.0,Onsite,783166.7896018117,H2LA_Station_Opt_Geotab_FCEV70kg_0To8000mi_50stations_5stDist,50,any,$5.00 - $8.00/kg
30.744,-98.233,98497,10.023729042029125,smr-noCCSExisting,11.52073773248092,9331.181696858886,0.0,0.0,4000.0,Pipeline,783166.7896018117,H2LA_Station_Opt_Geotab_FCEV70kg_0To8000mi_50stations_5stDist,50,any,$5.00 - $8.00/kg
32.856,-96.768,99018,10.001257539213675,smr-noCCSExisting,11.507589896183315,9311.674316417915,0.0,0.0,4000.0,Onsite,783166.7896018117,H2LA_Station_Opt_Geotab_FCEV70kg_0To8000mi_50stations_5stDist,50,any,$5.00 - $8.00/kg
32.856,-96.768,99018,10.001257539213675,smr-noCCSExisting,11.507589896183315,9311.674316417915,0.0,0.0,4000.0,Pipeline,783166.7896018117,H2LA_Station_Opt_Geotab_FCEV70kg_0To8000mi_50stations_5stDist,50,any,$5.00 - $8.00/kg
32.648,-96.883,99189,10.016655243759857,smr-noCCSExisting,11.486540045277676,9303.48339833707,0.0,0.0,4000.0,Onsite,783166.7896018117,H2LA_Station_Opt_Geotab_FCEV70kg_0To8000mi_50stations_5stDist,50,any,$5.00 - $8.00/kg
32.648,-96.883,99189,10.016655243759857,smr-noCCSExisting,11.486540045277676,9303.48339833707,0.0,0.0,4000.0,Pipeline,783166.7896018117,H2LA_Station_Opt_Geotab_FCEV70kg_0To8000mi_50stations_5stDist,50,any,$5.00 - $8.00/kg
32.793,-96.684,99467,10.005085588416664,smr-noCCSExisting,11.519096826899348,9317.539857552092,0.0,0.0,4000.0,Onsite,783166.7896018117,H2LA_Station_Opt_Geotab_FCEV70kg_0To8000mi_50stations_5stDist,50,any,$5.00 - $8.00/kg
32.793,-96.684,99467,10.005085588416664,smr-noCCSExisting,11.519096826899348,9317.539857552092,0.0,0.0,4000.0,Pipeline,783166.7896018117,H2LA_Station_Opt_Geotab_FCEV70kg_0To8000mi_50stations_5stDist,50,any,$5.00 - $8.00/kg
32.736,-101.95,99923,1.0315570596723778,smr-noCCSExisting,10.0,3816.21988158926,0.0,0.0,5000.0,Onsite,783166.7896018117,H2LA_Station_Opt_Geotab_FCEV70kg_0To8000mi_50stations_5stDist,50,any,$6.00 - $9.00/kg
32.319,-102.547,104234,1.428481958374061,electrolyzerExisting,1.5751327184748618,7188.116249852123,0.0,0.0,5000.0,Onsite,1585199.7317546797,H2LA_Station_Opt_Geotab_FCEV70kg_0To8000mi_50stations_5stDist,50,low_carbon,$6.00 - $9.00/kg
34.257,-110.024,4395,0.9068962511641524,electrolyzerExisting,1.0,5310.7518845775385,0.0,0.0,5000.0,Onsite,1585199.7317546797,H2LA_Station_Opt_Geotab_FCEV70kg_0To8000mi_50stations_5stDist,50,low_carbon,$6.00 - $9.00/kg
34.566,-111.866,4508,4.836807761163239,electrolyzerExisting,5.333363944512051,28324.17261945891,0.0,0.0,5000.0,Onsite,1585199.7317546797,H2LA_Station_Opt_Geotab_FCEV70kg_0To8000mi_50stations_5stDist,50,low_carbon,$6.00 - $9.00/kg
32.273,-107.714,71615,9.931175648349567,electrolyzerExisting,10.950729640462653,45679.60836645064,0.0,0.0,3500.0,Onsite,1585199.7317546797,H2LA_Station_Opt_Geotab_FCEV70kg_0To8000mi_50stations_5stDist,50,low_carbon,$4.50 - $7.50/kg
34.946,-104.637,72146,9.8188821473259,electrolyzerExisting,11.018119132076752,45411.96088281766,0.0,0.0,3500.0,Onsite,1585199.7317546797,H2LA_Station_Opt_Geotab_FCEV70kg_0To8000mi_50stations_5stDist,50,low_carbon,$4.50 - $7.50/kg
32.736,-101.95,99923,1.0315570596723778,electrolyzerExisting,1.1374587318309048,5190.791535665892,0.0,0.0,5000.0,Onsite,1585199.7317546797,H2LA_Station_Opt_Geotab_FCEV70kg_0To8000mi_50stations_5stDist,50,low_carbon,$6.00 - $9.00/kg
37.64275382,-121.8775366,alamedaCA,,smr-CCSExisting,21.48770433337546,53893.88116938624,0.0,0.0,,Onsite,1585199.7317546797,H2LA_Station_Opt_Geotab_FCEV70kg_0To8000mi_50stations_5stDist,50,low_carbon,
37.64275382,-121.8775366,alamedaCA,,smr-CCSExisting,21.48770433337546,53893.88116938624,0.0,0.0,,Pipeline,1585199.7317546797,H2LA_Station_Opt_Geotab_FCEV70kg_0To8000mi_50stations_5stDist,50,low_carbon,
29.84087424,-97.63039017,caldwellTX,,smr-CCS,23.09284729060696,23085.340817796947,18.70520630539163,168.34685674852474,,Onsite,1585199.7317546797,H2LA_Station_Opt_Geotab_FCEV70kg_0To8000mi_50stations_5stDist,50,low_carbon,
29.84087424,-97.63039017,caldwellTX,,smr-CCS,23.09284729060696,23085.340817796947,18.70520630539163,168.34685674852474,,Pipeline,1585199.7317546797,H2LA_Station_Opt_Geotab_FCEV70kg_0To8000mi_50stations_5stDist,50,low_carbon,
29.84087424,-97.63039017,caldwellTX,,smr-CCSExisting,80.57637398918706,87626.47142452393,0.0,0.0,,Onsite,1585199.7317546797,H2LA_Station_Opt_Geotab_FCEV70kg_0To8000mi_50stations_5stDist,50,low_carbon,
29.84087424,-97.63039017,caldwellTX,,smr-CCSExisting,80.57637398918706,87626.47142452393,0.0,0.0,,Pipeline,1585199.7317546797,H2LA_Station_Opt_Geotab_FCEV70kg_0To8000mi_50stations_5stDist,50,low_carbon,
32.77382278,-96.77460664,dallasTX,,smr-CCS,11.708709090727464,11704.903102434908,9.484054363489244,85.3564892714032,,Onsite,1585199.7317546797,H2LA_Station_Opt_Geotab_FCEV70kg_0To8000mi_50stations_5stDist,50,low_carbon,
32.77382278,-96.77460664,dallasTX,,smr-CCS,11.708709090727464,11704.903102434908,9.484054363489244,85.3564892714032,,Pipeline,1585199.7317546797,H2LA_Station_Opt_Geotab_FCEV70kg_0To8000mi_50stations_5stDist,50,low_carbon,
32.77382278,-96.77460664,dallasTX,,smr-CCSExisting,66.07973209109244,71861.4336827485,0.0,0.0,,Onsite,1585199.7317546797,H2LA_Station_Opt_Geotab_FCEV70kg_0To8000mi_50stations_5stDist,50,low_carbon,
32.77382278,-96.77460664,dallasTX,,smr-CCSExisting,66.07973209109244,71861.4336827485,0.0,0.0,,Pipeline,1585199.7317546797,H2LA_Station_Opt_Geotab_FCEV70kg_0To8000mi_50stations_5stDist,50,low_carbon,
36.7542967,-119.641139,fresnoCA,,smr-CCS,11.45317897206492,34811.769686758234,9.277074967372585,83.49367470635327,,Onsite,1585199.7317546797,H2LA_Station_Opt_Geotab_FCEV70kg_0To8000mi_50stations_5stDist,50,low_carbon,
36.7542967,-119.641139,fresnoCA,,smr-CCS,11.45317897206492,34811.769686758234,9.277074967372585,83.49367470635327,,Pipeline,1585199.7317546797,H2LA_Station_Opt_Geotab_FCEV70kg_0To8000mi_50stations_5stDist,50,low_carbon,
33.73341025,-113.9782551,laPazAZ,,smr-CCSExisting,13.44086021505377,22025.83285231109,0.0,0.0,,Onsite,1585199.7317546797,H2LA_Station_Opt_Geotab_FCEV70kg_0To8000mi_50stations_5stDist,50,low_carbon,
33.73341025,-113.9782551,laPazAZ,,smr-CCSExisting,13.44086021505377,22025.83285231109,0.0,0.0,,Pipeline,1585199.7317546797,H2LA_Station_Opt_Geotab_FCEV70kg_0To8000mi_50stations_5stDist,50,low_carbon,
30.15482974,-94.81749325,libertyTX,,smr-CCS,11.579022237338558,11575.258404559634,9.37900801224423,84.41107211019809,,Onsite,1585199.7317546797,H2LA_Station_Opt_Geotab_FCEV70kg_0To8000mi_50stations_5stDist,50,low_carbon,
30.15482974,-94.81749325,libertyTX,,smr-CCS,11.579022237338558,11575.258404559634,9.37900801224423,84.41107211019809,,Pipeline,1585199.7317546797,H2LA_Station_Opt_Geotab_FCEV70kg_0To8000mi_50stations_5stDist,50,low_carbon,
30.15482974,-94.81749325,libertyTX,,smr-CCSExisting,126.5415782767517,137613.4398200885,0.0,0.0,,Onsite,1585199.7317546797,H2LA_Station_Opt_Geotab_FCEV70kg_0To8000mi_50stations_5stDist,50,low_carbon,
30.15482974,-94.81749325,libertyTX,,smr-CCSExisting,126.5415782767517,137613.4398200885,0.0,0.0,,Pipeline,1585199.7317546797,H2LA_Station_Opt_Geotab_FCEV70kg_0To8000mi_50stations_5stDist,50,low_carbon,
34.32209948,-118.2225598,losAngelesCA,,smr-CCSExisting,68.97045408383998,199622.91530080503,0.0,0.0,,Onsite,1585199.7317546797,H2LA_Station_Opt_Geotab_FCEV70kg_0To8000mi_50stations_5stDist,50,low_carbon,
34.32209948,-118.2225598,losAngelesCA,,smr-CCSExisting,68.97045408383998,199622.91530080503,0.0,0.0,,Pipeline,1585199.7317546797,H2LA_Station_Opt_Geotab_FCEV70kg_0To8000mi_50stations_5stDist,50,low_carbon,
31.62004685,-94.61748025,nacogdochesTX,,smr-CCSExisting,11.494468895264234,12500.187093627645,0.0,0.0,,Onsite,1585199.7317546797,H2LA_Station_Opt_Geotab_FCEV70kg_0To8000mi_50stations_5stDist,50,low_carbon,
31.62004685,-94.61748025,nacogdochesTX,,smr-CCSExisting,11.494468895264234,12500.187093627645,0.0,0.0,,Pipeline,1585199.7317546797,H2LA_Station_Opt_Geotab_FCEV70kg_0To8000mi_50stations_5stDist,50,low_carbon,
28.00346828,-97.51134264,sanPatricioTX,,smr-CCSExisting,11.48770650490522,12492.833022251398,0.0,0.0,,Onsite,1585199.7317546797,H2LA_Station_Opt_Geotab_FCEV70kg_0To8000mi_50stations_5stDist,50,low_carbon,
28.00346828,-97.51134264,sanPatricioTX,,smr-CCSExisting,11.48770650490522,12492.833022251398,0.0,0.0,,Pipeline,1585199.7317546797,H2LA_Station_Opt_Geotab_FCEV70kg_0To8000mi_50stations_5stDist,50,low_carbon,
30.89254422,-100.5366337,schleicherTX,,smr-CCSExisting,11.367624600662104,12362.244451018298,0.0,0.0,,Onsite,1585199.7317546797,H2LA_Station_Opt_Geotab_FCEV70kg_0To8000mi_50stations_5stDist,50,low_carbon,
30.89254422,-100.5366337,schleicherTX,,smr-CCSExisting,11.367624600662104,12362.244451018298,0.0,0.0,,Pipeline,1585199.7317546797,H2LA_Station_Opt_Geotab_FCEV70kg_0To8000mi_50stations_5stDist,50,low_carbon,
39.03361022,-121.6882005,sutterCA,,smr-CCSExisting,38.96517025090788,101952.03810172678,0.0,0.0,,Onsite,1585199.7317546797,H2LA_Station_Opt_Geotab_FCEV70kg_0To8000mi_50stations_5stDist,50,low_carbon,
39.03361022,-121.6882005,sutterCA,,smr-CCSExisting,38.96517025090788,101952.03810172678,0.0,0.0,,Pipeline,1585199.7317546797,H2LA_Station_Opt_Geotab_FCEV70kg_0To8000mi_50stations_5stDist,50,low_carbon,
33.01,-97.036,100175,10.030258195022002,electrolyzer,11.059984191575916,47877.94629723693,38.82054451243147,0.0,5000.0,Onsite,3094295.7718732674,H2LA_Station_Opt_Geotab_FCEV70kg_0To8000mi_50stations_5stDist,50,electrolysis,$6.00 - $9.00/kg
29.779,-95.124,100467,10.015169364680885,electrolyzerExisting,11.02397022032924,50307.87465759532,0.0,0.0,4000.0,Onsite,3094295.7718732674,H2LA_Station_Opt_Geotab_FCEV70kg_0To8000mi_50stations_5stDist,50,electrolysis,$5.00 - $8.00/kg
29.779,-95.124,100467,10.015169364680885,electrolyzerExisting,11.02397022032924,50307.87465759532,0.0,0.0,4000.0,Pipeline,3094295.7718732674,H2LA_Station_Opt_Geotab_FCEV70kg_0To8000mi_50stations_5stDist,50,electrolysis,$5.00 - $8.00/kg
29.816,-95.809,100639,10.044447990849743,electrolyzer,11.07563074408975,47945.67919703321,38.87546391175523,0.0,5000.0,Onsite,3094295.7718732674,H2LA_Station_Opt_Geotab_FCEV70kg_0To8000mi_50stations_5stDist,50,electrolysis,$6.00 - $9.00/kg
29.816,-95.809,100639,10.044447990849743,electrolyzer,11.07563074408975,47945.67919703321,38.87546391175523,0.0,5000.0,Pipeline,3094295.7718732674,H2LA_Station_Opt_Geotab_FCEV70kg_0To8000mi_50stations_5stDist,50,electrolysis,$6.00 - $9.00/kg
29.93,-95.314,100920,10.026763454935548,electrolyzerExisting,11.032421529674629,50346.4421974873,0.0,0.0,4000.0,Onsite,3094295.7718732674,H2LA_Station_Opt_Geotab_FCEV70kg_0To8000mi_50stations_5stDist,50,electrolysis,$5.00 - $8.00/kg
29.93,-95.314,100920,10.026763454935548,electrolyzerExisting,11.032421529674629,50346.4421974873,0.0,0.0,4000.0,Pipeline,3094295.7718732674,H2LA_Station_Opt_Geotab_FCEV70kg_0To8000mi_50stations_5stDist,50,electrolysis,$5.00 - $8.00/kg
29.804,-94.981,100951,9.988860091696374,electrolyzerExisting,11.018645419337217,50269.517835930346,0.0,0.0,4000.0,Onsite,3094295.7718732674,H2LA_Station_Opt_Geotab_FCEV70kg_0To8000mi_50stations_5stDist,50,electrolysis,$5.00 - $8.00/kg
29.804,-94.981,100951,9.988860091696374,electrolyzerExisting,11.018645419337217,50269.517835930346,0.0,0.0,4000.0,Pipeline,3094295.7718732674,H2LA_Station_Opt_Geotab_FCEV70kg_0To8000mi_50stations_5stDist,50,electrolysis,$5.00 - $8.00/kg
29.931,-95.508,101402,10.015236062020492,electrolyzerExisting,11.064237876431909,50423.727523900096,0.0,0.0,4000.0,Onsite,3094295.7718732674,H2LA_Station_Opt_Geotab_FCEV70kg_0To8000mi_50stations_5stDist,50,electrolysis,$5.00 - $8.00/kg
29.931,-95.508,101402,10.015236062020492,electrolyzerExisting,11.064237876431909,50423.727523900096,0.0,0.0,4000.0,Pipeline,3094295.7718732674,H2LA_Station_Opt_Geotab_FCEV70kg_0To8000mi_50stations_5stDist,50,electrolysis,$5.00 - $8.00/kg
29.604,-95.266,101649,10.016275997397912,electrolyzerExisting,10.998801263180043,50193.01615233655,0.0,0.0,4000.0,Onsite,3094295.7718732674,H2LA_Station_Opt_Geotab_FCEV70kg_0To8000mi_50stations_5stDist,50,electrolysis,$5.00 - $8.00/kg
29.813,-95.292,101729,10.035738597340064,electrolyzerExisting,11.026614519137803,50319.94191198368,0.0,0.0,4000.0,Onsite,3094295.7718732674,H2LA_Station_Opt_Geotab_FCEV70kg_0To8000mi_50stations_5stDist,50,electrolysis,$5.00 - $8.00/kg
29.813,-95.292,101729,10.035738597340064,electrolyzerExisting,11.026614519137803,50319.94191198368,0.0,0.0,4000.0,Pipeline,3094295.7718732674,H2LA_Station_Opt_Geotab_FCEV70kg_0To8000mi_50stations_5stDist,50,electrolysis,$5.00 - $8.00/kg
27.799,-97.659,102754,9.999917847024562,electrolyzerExisting,11.026419788605606,50319.05325943746,0.0,0.0,4000.0,Onsite,3094295.7718732674,H2LA_Station_Opt_Geotab_FCEV70kg_0To8000mi_50stations_5stDist,50,electrolysis,$5.00 - $8.00/kg
30.022,-93.845,102997,10.037198083796651,electrolyzerExisting,11.02572675479665,50315.8906004954,0.0,0.0,4000.0,Onsite,3094295.7718732674,H2LA_Station_Opt_Geotab_FCEV70kg_0To8000mi_50stations_5stDist,50,electrolysis,$5.00 - $8.00/kg
30.022,-93.845,102997,10.037198083796651,electrolyzerExisting,11.02572675479665,50315.8906004954,0.0,0.0,4000.0,Pipeline,3094295.7718732674,H2LA_Station_Opt_Geotab_FCEV70kg_0To8000mi_50stations_5stDist,50,electrolysis,$5.00 - $8.00/kg
30.376,-97.726,103539,10.029549239769226,electrolyzerExisting,11.025411230151992,50314.45070416425,0.0,0.0,4000.0,Onsite,3094295.7718732674,H2LA_Station_Opt_Geotab_FCEV70kg_0To8000mi_50stations_5stDist,50,electrolysis,$5.00 - $8.00/kg
30.376,-97.726,103539,10.029549239769226,electrolyzerExisting,11.025411230151992,50314.45070416425,0.0,0.0,4000.0,Pipeline,3094295.7718732674,H2LA_Station_Opt_Geotab_FCEV70kg_0To8000mi_50stations_5stDist,50,electrolysis,$5.00 - $8.00/kg
29.78,-95.882,104122,9.997662984249295,electrolyzerExisting,11.026507994660768,50311.413975444746,0.0,0.0,4000.0,Onsite,3094295.7718732674,H2LA_Station_Opt_Geotab_FCEV70kg_0To8000mi_50stations_5stDist,50,electrolysis,$5.00 - $8.00/kg
32.319,-102.547,104234,1.428481958374061,electrolyzerExisting,1.5751327205467234,7188.116249462715,0.0,0.0,5000.0,Onsite,3094295.7718732674,H2LA_Station_Opt_Geotab_FCEV70kg_0To8000mi_50stations_5stDist,50,electrolysis,$6.00 - $9.00/kg
32.456,-97.385,105358,10.03424126538576,electrolyzerExisting,11.062257484534529,50482.5985411078,0.0,0.0,4000.0,Onsite,3094295.7718732674,H2LA_Station_Opt_Geotab_FCEV70kg_0To8000mi_50stations_5stDist,50,electrolysis,$5.00 - $8.00/kg
32.731,-97.276,106176,10.014590881085136,electrolyzerExisting,11.03978178592687,50380.03071791912,0.0,0.0,4000.0,Onsite,3094295.7718732674,H2LA_Station_Opt_Geotab_FCEV70kg_0To8000mi_50stations_5stDist,50,electrolysis,$5.00 - $8.00/kg
32.731,-97.276,106176,10.014590881085136,electrolyzerExisting,11.03978178592687,50380.03071791912,0.0,0.0,4000.0,Pipeline,3094295.7718732674,H2LA_Station_Opt_Geotab_FCEV70kg_0To8000mi_50stations_5stDist,50,electrolysis,$5.00 - $8.00/kg
30.7,-101.207,107617,9.89528986236462,electrolyzerExisting,10.911159752174928,49793.06422373674,0.0,0.0,4000.0,Onsite,3094295.7718732674,H2LA_Station_Opt_Geotab_FCEV70kg_0To8000mi_50stations_5stDist,50,electrolysis,$5.00 - $8.00/kg
31.507,-97.146,107884,10.039493401326586,electrolyzerExisting,11.062610309169424,50484.20865589891,0.0,0.0,4000.0,Onsite,3094295.7718732674,H2LA_Station_Opt_Geotab_FCEV70kg_0To8000mi_50stations_5stDist,50,electrolysis,$5.00 - $8.00/kg
29.649,-98.112,108692,10.028176496510971,electrolyzerExisting,11.062034689261353,50481.58181515035,0.0,0.0,4000.0,Onsite,3094295.7718732674,H2LA_Station_Opt_Geotab_FCEV70kg_0To8000mi_50stations_5stDist,50,electrolysis,$5.00 - $8.00/kg
29.649,-98.112,108692,10.028176496510971,electrolyzerExisting,11.062034689261353,50481.58181515035,0.0,0.0,4000.0,Pipeline,3094295.7718732674,H2LA_Station_Opt_Geotab_FCEV70kg_0To8000mi_50stations_5stDist,50,electrolysis,$5.00 - $8.00/kg
30.035,-94.15,108840,9.992688544951491,electrolyzerExisting,11.02359620759738,50289.73177193218,0.0,0.0,4000.0,Onsite,3094295.7718732674,H2LA_Station_Opt_Geotab_FCEV70kg_0To8000mi_50stations_5stDist,50,electrolysis,$5.00 - $8.00/kg
30.035,-94.15,108840,9.992688544951491,electrolyzerExisting,11.02359620759738,50289.73177193218,0.0,0.0,4000.0,Pipeline,3094295.7718732674,H2LA_Station_Opt_Geotab_FCEV70kg_0To8000mi_50stations_5stDist,50,electrolysis,$5.00 - $8.00/kg
30.209,-95.526,109345,10.010337086913756,electrolyzerExisting,11.024740677487632,50311.39063789813,0.0,0.0,4000.0,Onsite,3094295.7718732674,H2LA_Station_Opt_Geotab_FCEV70kg_0To8000mi_50stations_5stDist,50,electrolysis,$5.00 - $8.00/kg
37.587,-122.364,11279,3.291885542267757,electrolyzerExisting,3.629836971147008,37991.2490147525,0.0,0.0,10500.0,Onsite,3094295.7718732674,H2LA_Station_Opt_Geotab_FCEV70kg_0To8000mi_50stations_5stDist,50,electrolysis,$11.50 - $14.50/kg
37.587,-122.364,11279,3.291885542267757,electrolyzerExisting,3.629836971147008,37991.2490147525,0.0,0.0,10500.0,Pipeline,3094295.7718732674,H2LA_Station_Opt_Geotab_FCEV70kg_0To8000mi_50stations_5stDist,50,electrolysis,$11.50 - $14.50/kg
37.705,-122.407,11323,2.438309002379175,electrolyzerExisting,2.688630592416012,28140.22645013756,0.0,0.0,10500.0,Onsite,3094295.7718732674,H2LA_Station_Opt_Geotab_FCEV70kg_0To8000mi_50stations_5stDist,50,electrolysis,$11.50 - $14.50/kg
38.525,-121.463,11536,9.998355383895165,electrolyzerExisting,11.026324127197183,115391.77418406573,0.0,0.0,10500.0,Onsite,3094295.7718732674,H2LA_Station_Opt_Geotab_FCEV70kg_0To8000mi_50stations_5stDist,50,electrolysis,$11.50 - $14.50/kg
38.525,-121.463,11536,9.998355383895165,electrolyzerExisting,11.026324127197183,115391.77418406573,0.0,0.0,10500.0,Pipeline,3094295.7718732674,H2LA_Station_Opt_Geotab_FCEV70kg_0To8000mi_50stations_5stDist,50,electrolysis,$11.50 - $14.50/kg
33.945,-118.291,12678,10.032385718526314,electrolyzerExisting,11.02022276522218,14368.901908504662,0.0,0.0,8500.0,Onsite,3094295.7718732674,H2LA_Station_Opt_Geotab_FCEV70kg_0To8000mi_50stations_5stDist,50,electrolysis,$9.50 - $12.50/kg
33.945,-118.291,12678,10.032385718526314,electrolyzerExisting,11.02022276522218,14368.901908504662,0.0,0.0,8500.0,Pipeline,3094295.7718732674,H2LA_Station_Opt_Geotab_FCEV70kg_0To8000mi_50stations_5stDist,50,electrolysis,$9.50 - $12.50/kg
37.812,-121.294,14201,10.00566895294824,electrolyzerExisting,11.035987946521702,115478.260825634,0.0,0.0,10500.0,Onsite,3094295.7718732674,H2LA_Station_Opt_Geotab_FCEV70kg_0To8000mi_50stations_5stDist,50,electrolysis,$11.50 - $14.50/kg
37.954,-121.271,14295,9.999343495918495,electrolyzerExisting,11.02641770860092,115401.88154060132,0.0,0.0,10500.0,Onsite,3094295.7718732674,H2LA_Station_Opt_Geotab_FCEV70kg_0To8000mi_50stations_5stDist,50,electrolysis,$11.50 - $14.50/kg
37.954,-121.271,14295,9.999343495918495,electrolyzerExisting,11.02641770860092,115401.88154060132,0.0,0.0,10500.0,Pipeline,3094295.7718732674,H2LA_Station_Opt_Geotab_FCEV70kg_0To8000mi_50stations_5stDist,50,electrolysis,$11.50 - $14.50/kg
34.07,-117.37,15891,9.999864979831097,electrolyzerExisting,11.025375048854064,14349.42172931642,0.0,0.0,8500.0,Onsite,3094295.7718732674,H2LA_Station_Opt_Geotab_FCEV70kg_0To8000mi_50stations_5stDist,50,electrolysis,$9.50 - $12.50/kg
34.07,-117.37,15891,9.999864979831097,electrolyzerExisting,11.025375048854064,14349.42172931642,0.0,0.0,8500.0,Pipeline,3094295.7718732674,H2LA_Station_Opt_Geotab_FCEV70kg_0To8000mi_50stations_5stDist,50,electrolysis,$9.50 - $12.50/kg
35.63,-120.692,16130,1.1492314090151927,electrolyzerExisting,1.2672137624953288,13263.13936095828,0.0,0.0,10500.0,Onsite,3094295.7718732674,H2LA_Station_Opt_Geotab_FCEV70kg_0To8000mi_50stations_5stDist,50,electrolysis,$11.50 - $14.50/kg
34.257,-110.024,4395,0.9068962511641524,electrolyzerExisting,2.0,7498.996276026914,0.0,0.0,5000.0,Onsite,3094295.7718732674,H2LA_Station_Opt_Geotab_FCEV70kg_0To8000mi_50stations_5stDist,50,electrolysis,$6.00 - $9.00/kg
34.566,-111.866,4508,4.836807761163239,electrolyzerExisting,5.333363947442075,28324.1726159928,0.0,0.0,5000.0,Onsite,3094295.7718732674,H2LA_Station_Opt_Geotab_FCEV70kg_0To8000mi_50stations_5stDist,50,electrolysis,$6.00 - $9.00/kg
31.974,-94.002,45870,10.012896082627494,electrolyzerExisting,11.032910638110389,50348.674243237445,0.0,0.0,4000.0,Onsite,3094295.7718732674,H2LA_Station_Opt_Geotab_FCEV70kg_0To8000mi_50stations_5stDist,50,electrolysis,$5.00 - $8.00/kg
30.191,-93.571,46430,10.04365128877814,electrolyzerExisting,11.074752251687984,50539.61839577621,0.0,0.0,4000.0,Onsite,3094295.7718732674,H2LA_Station_Opt_Geotab_FCEV70kg_0To8000mi_50stations_5stDist,50,electrolysis,$5.00 - $8.00/kg
37.098,-120.217,7086,9.969763231932944,electrolyzer,10.99327870432603,119322.0723375334,38.58640825218454,0.0,12000.0,Onsite,3094295.7718732674,H2LA_Station_Opt_Geotab_FCEV70kg_0To8000mi_50stations_5stDist,50,electrolysis,$13.00 - $16.00/kg
32.273,-107.714,71615,9.931175648349567,electrolyzerExisting,10.95072964345297,45679.60836196732,0.0,0.0,3500.0,Onsite,3094295.7718732674,H2LA_Station_Opt_Geotab_FCEV70kg_0To8000mi_50stations_5stDist,50,electrolysis,$4.50 - $7.50/kg
34.946,-104.637,72146,9.8188821473259,electrolyzerExisting,11.018119130281686,45411.96088046456,0.0,0.0,3500.0,Onsite,3094295.7718732674,H2LA_Station_Opt_Geotab_FCEV70kg_0To8000mi_50stations_5stDist,50,electrolysis,$4.50 - $7.50/kg
38.054,-122.155,8266,9.973360827720086,electrolyzerExisting,10.997240686150658,115101.28766215502,0.0,0.0,10500.0,Onsite,3094295.7718732674,H2LA_Station_Opt_Geotab_FCEV70kg_0To8000mi_50stations_5stDist,50,electrolysis,$11.50 - $14.50/kg
34.179,-118.857,9130,1.5394747533828537,electrolyzerExisting,1.6975202562427292,17766.89011459715,0.0,0.0,10500.0,Onsite,3094295.7718732674,H2LA_Station_Opt_Geotab_FCEV70kg_0To8000mi_50stations_5stDist,50,electrolysis,$11.50 - $14.50/kg
31.051,-97.484,95509,10.032684722531734,electrolyzerExisting,11.06980570806805,50493.734958204455,0.0,0.0,4000.0,Onsite,3094295.7718732674,H2LA_Station_Opt_Geotab_FCEV70kg_0To8000mi_50stations_5stDist,50,electrolysis,$5.00 - $8.00/kg
31.051,-97.484,95509,10.032684722531734,electrolyzerExisting,11.06980570806805,50493.734958204455,0.0,0.0,4000.0,Pipeline,3094295.7718732674,H2LA_Station_Opt_Geotab_FCEV70kg_0To8000mi_50stations_5stDist,50,electrolysis,$5.00 - $8.00/kg
31.104,-97.511,95545,10.00300758993963,electrolyzer,11.029935988432188,47747.86959482308,38.71507531784563,0.0,5000.0,Onsite,3094295.7718732674,H2LA_Station_Opt_Geotab_FCEV70kg_0To8000mi_50stations_5stDist,50,electrolysis,$6.00 - $9.00/kg
33.152,-96.287,95977,7.611193568883578,electrolyzer,1.0,4328.934424126902,3.5099999999976057,0.0,4000.0,Onsite,3094295.7718732674,H2LA_Station_Opt_Geotab_FCEV70kg_0To8000mi_50stations_5stDist,50,electrolysis,$5.00 - $8.00/kg
33.152,-96.287,95977,7.611193568883578,electrolyzerExisting,8.231914085574346,34828.394497610505,0.0,0.0,4000.0,Onsite,3094295.7718732674,H2LA_Station_Opt_Geotab_FCEV70kg_0To8000mi_50stations_5stDist,50,electrolysis,$5.00 - $8.00/kg
29.511,-98.309,96543,10.011409858638768,electrolyzerExisting,11.034786082222558,50357.232830156376,0.0,0.0,4000.0,Onsite,3094295.7718732674,H2LA_Station_Opt_Geotab_FCEV70kg_0To8000mi_50stations_5stDist,50,electrolysis,$5.00 - $8.00/kg
29.511,-98.309,96543,10.011409858638768,electrolyzerExisting,11.034786082222558,50357.232830156376,0.0,0.0,4000.0,Pipeline,3094295.7718732674,H2LA_Station_Opt_Geotab_FCEV70kg_0To8000mi_50stations_5stDist,50,electrolysis,$5.00 - $8.00/kg
29.497,-98.399,96569,10.047363840137956,electrolyzerExisting,11.025626936917345,50315.4350817249,0.0,0.0,4000.0,Onsite,3094295.7718732674,H2LA_Station_Opt_Geotab_FCEV70kg_0To8000mi_50stations_5stDist,50,electrolysis,$5.00 - $8.00/kg
29.497,-98.399,96569,10.047363840137956,electrolyzerExisting,11.025626936917345,50315.4350817249,0.0,0.0,4000.0,Pipeline,3094295.7718732674,H2LA_Station_Opt_Geotab_FCEV70kg_0To8000mi_50stations_5stDist,50,electrolysis,$5.00 - $8.00/kg
29.53,-98.562,97041,10.026569550567189,electrolyzer,11.05157096098822,47841.52597372772,38.79101407306865,0.0,5000.0,Onsite,3094295.7718732674,H2LA_Station_Opt_Geotab_FCEV70kg_0To8000mi_50stations_5stDist,50,electrolysis,$6.00 - $9.00/kg
30.744,-98.233,98497,10.023729042029125,electrolyzerExisting,11.058124651772337,50446.31954603428,0.0,0.0,4000.0,Onsite,3094295.7718732674,H2LA_Station_Opt_Geotab_FCEV70kg_0To8000mi_50stations_5stDist,50,electrolysis,$5.00 - $8.00/kg
30.744,-98.233,98497,10.023729042029125,electrolyzerExisting,11.058124651772337,50446.31954603428,0.0,0.0,4000.0,Pipeline,3094295.7718732674,H2LA_Station_Opt_Geotab_FCEV70kg_0To8000mi_50stations_5stDist,50,electrolysis,$5.00 - $8.00/kg
32.856,-96.768,99018,10.001257539213675,electrolyzerExisting,11.045504767976464,50349.067320661,0.0,0.0,4000.0,Onsite,3094295.7718732674,H2LA_Station_Opt_Geotab_FCEV70kg_0To8000mi_50stations_5stDist,50,electrolysis,$5.00 - $8.00/kg
32.856,-96.768,99018,10.001257539213675,electrolyzerExisting,11.045504767976464,50349.067320661,0.0,0.0,4000.0,Pipeline,3094295.7718732674,H2LA_Station_Opt_Geotab_FCEV70kg_0To8000mi_50stations_5stDist,50,electrolysis,$5.00 - $8.00/kg
32.648,-96.883,99189,10.016655243759857,electrolyzerExisting,11.025300167305778,50313.943869000905,0.0,0.0,4000.0,Onsite,3094295.7718732674,H2LA_Station_Opt_Geotab_FCEV70kg_0To8000mi_50stations_5stDist,50,electrolysis,$5.00 - $8.00/kg
32.648,-96.883,99189,10.016655243759857,electrolyzerExisting,11.025300167305778,50313.943869000905,0.0,0.0,4000.0,Pipeline,3094295.7718732674,H2LA_Station_Opt_Geotab_FCEV70kg_0To8000mi_50stations_5stDist,50,electrolysis,$5.00 - $8.00/kg
32.793,-96.684,99467,10.005085588416664,electrolyzerExisting,11.056549635303904,50377.21118150804,0.0,0.0,4000.0,Onsite,3094295.7718732674,H2LA_Station_Opt_Geotab_FCEV70kg_0To8000mi_50stations_5stDist,50,electrolysis,$5.00 - $8.00/kg
32.793,-96.684,99467,10.005085588416664,electrolyzerExisting,11.056549635303904,50377.21118150804,0.0,0.0,4000.0,Pipeline,3094295.7718732674,H2LA_Station_Opt_Geotab_FCEV70kg_0To8000mi_50stations_5stDist,50,electrolysis,$5.00 - $8.00/kg
32.736,-101.95,99923,1.0315570596723778,electrolyzerExisting,1.137458734794356,5190.791549191286,0.0,0.0,5000.0,Onsite,3094295.7718732674,H2LA_Station_Opt_Geotab_FCEV70kg_0To8000mi_50stations_5stDist,50,electrolysis,$6.00 - $9.00/kg
33.73341025,-113.9782551,laPazAZ,,electrolyzerExisting,72.97766334190892,387566.2631251062,0.0,0.0,,Onsite,3094295.7718732674,H2LA_Station_Opt_Geotab_FCEV70kg_0To8000mi_50stations_5stDist,50,electrolysis,
33.73341025,-113.9782551,laPazAZ,,electrolyzerExisting,72.97766334190892,387566.2631251062,0.0,0.0,,Pipeline,3094295.7718732674,H2LA_Station_Opt_Geotab_FCEV70kg_0To8000mi_50stations_5stDist,50,electrolysis,
32.319,-102.547,104234,1.428481958374061,electrolyzerExisting,1.5751327184748618,7188.1162400039975,0.0,0.0,1000.0,Onsite,1950332.09765511,H2LA_Station_Opt_Geotab_FCEV70kg_0To8000mi_60stations_5stDist,60,low_carbon,$2.00 - $5.00/kg
34.257,-110.024,4395,1.1074802648956967,electrolyzerExisting,2.0000000114457865,7498.996297193974,0.0,0.0,1500.0,Onsite,1950332.09765511,H2LA_Station_Opt_Geotab_FCEV70kg_0To8000mi_60stations_5stDist,60,low_carbon,$2.50 - $5.50/kg
34.566,-111.866,4508,4.836807765857294,electrolyzerExisting,5.333363944512051,28324.172619449808,0.0,0.0,1500.0,Onsite,1950332.09765511,H2LA_Station_Opt_Geotab_FCEV70kg_0To8000mi_60stations_5stDist,60,low_carbon,$2.50 - $5.50/kg
32.273,-107.714,71615,9.93117565005224,electrolyzerExisting,10.950729640462653,45679.60835807331,0.0,0.0,1500.0,Onsite,1950332.09765511,H2LA_Station_Opt_Geotab_FCEV70kg_0To8000mi_60stations_5stDist,60,low_carbon,$2.50 - $5.50/kg
35.176,-103.103,71633,2.971837536531363,electrolyzer,3.2769322141687818,12956.633934496678,11.50203207171991,0.0,2500.0,Onsite,1950332.09765511,H2LA_Station_Opt_Geotab_FCEV70kg_0To8000mi_60stations_5stDist,60,low_carbon,$3.50 - $6.50/kg
32.296,-106.81,72089,9.998327180072698,electrolyzer,11.024775078565986,43590.76281333876,38.696960525754,0.0,2000.0,Onsite,1950332.09765511,H2LA_Station_Opt_Geotab_FCEV70kg_0To8000mi_60stations_5stDist,60,low_carbon,$3.00 - $6.00/kg
34.946,-104.637,72146,9.58509479281671,electrolyzerExisting,11.018119132076752,44672.13768768929,0.0,0.0,1500.0,Onsite,1950332.09765511,H2LA_Station_Opt_Geotab_FCEV70kg_0To8000mi_60stations_5stDist,60,low_carbon,$2.50 - $5.50/kg
27.432,-99.479,96222,1.2633400574406333,electrolyzer,1.3930370238238492,6030.365926505328,4.889559953608671,0.0,3000.0,Onsite,1950332.09765511,H2LA_Station_Opt_Geotab_FCEV70kg_0To8000mi_60stations_5stDist,60,low_carbon,$4.00 - $7.00/kg
32.736,-101.95,99923,1.0315570584267313,electrolyzerExisting,1.1374587318309048,5190.791535664123,0.0,0.0,1000.0,Onsite,1950332.09765511,H2LA_Station_Opt_Geotab_FCEV70kg_0To8000mi_60stations_5stDist,60,low_carbon,$2.00 - $5.00/kg
37.64275382,-121.8775366,alamedaCA,,smr-CCSExisting,21.48770433337546,53893.8811434442,0.0,0.0,,Onsite,1950332.09765511,H2LA_Station_Opt_Geotab_FCEV70kg_0To8000mi_60stations_5stDist,60,low_carbon,
37.64275382,-121.8775366,alamedaCA,,smr-CCSExisting,21.48770433337546,53893.8811434442,0.0,0.0,,Pipeline,1950332.09765511,H2LA_Station_Opt_Geotab_FCEV70kg_0To8000mi_60stations_5stDist,60,low_carbon,
29.84087424,-97.63039017,caldwellTX,,smr-CCSExisting,103.66922127979402,112709.57915033234,0.0,0.0,,Onsite,1950332.09765511,H2LA_Station_Opt_Geotab_FCEV70kg_0To8000mi_60stations_5stDist,60,low_carbon,
29.84087424,-97.63039017,caldwellTX,,smr-CCSExisting,103.66922127979402,112709.57915033234,0.0,0.0,,Pipeline,1950332.09765511,H2LA_Station_Opt_Geotab_FCEV70kg_0To8000mi_60stations_5stDist,60,low_carbon,
32.77382278,-96.77460664,dallasTX,,smr-CCS,11.502039552724666,11498.30074363734,9.31665203769879,83.84986833928913,,Onsite,1950332.09765511,H2LA_Station_Opt_Geotab_FCEV70kg_0To8000mi_60stations_5stDist,60,low_carbon,
32.77382278,-96.77460664,dallasTX,,smr-CCS,11.502039552724666,11498.30074363734,9.31665203769879,83.84986833928913,,Pipeline,1950332.09765511,H2LA_Station_Opt_Geotab_FCEV70kg_0To8000mi_60stations_5stDist,60,low_carbon,
32.77382278,-96.77460664,dallasTX,,smr-CCSExisting,89.31510764211419,97129.80790905202,0.0,0.0,,Onsite,1950332.09765511,H2LA_Station_Opt_Geotab_FCEV70kg_0To8000mi_60stations_5stDist,60,low_carbon,
32.77382278,-96.77460664,dallasTX,,smr-CCSExisting,89.31510764211419,97129.80790905202,0.0,0.0,,Pipeline,1950332.09765511,H2LA_Station_Opt_Geotab_FCEV70kg_0To8000mi_60stations_5stDist,60,low_carbon,
36.7542967,-119.641139,fresnoCA,,smr-CCSExisting,24.535741516050813,71014.41212126701,0.0,0.0,,Onsite,1950332.09765511,H2LA_Station_Opt_Geotab_FCEV70kg_0To8000mi_60stations_5stDist,60,low_carbon,
36.7542967,-119.641139,fresnoCA,,smr-CCSExisting,24.535741516050813,71014.41212126701,0.0,0.0,,Pipeline,1950332.09765511,H2LA_Station_Opt_Geotab_FCEV70kg_0To8000mi_60stations_5stDist,60,low_carbon,
30.7171973,-104.1414386,jeffDavisTX,,smr-CCSExisting,11.476371781674592,12480.506557903056,0.0,0.0,,Onsite,1950332.09765511,H2LA_Station_Opt_Geotab_FCEV70kg_0To8000mi_60stations_5stDist,60,low_carbon,
30.7171973,-104.1414386,jeffDavisTX,,smr-CCSExisting,11.476371781674592,12480.506557903056,0.0,0.0,,Pipeline,1950332.09765511,H2LA_Station_Opt_Geotab_FCEV70kg_0To8000mi_60stations_5stDist,60,low_carbon,
33.73341025,-113.9782551,laPazAZ,,smr-CCSExisting,13.44086021505377,20012.58793497542,0.0,0.0,,Onsite,1950332.09765511,H2LA_Station_Opt_Geotab_FCEV70kg_0To8000mi_60stations_5stDist,60,low_carbon,
33.73341025,-113.9782551,laPazAZ,,smr-CCSExisting,13.44086021505377,20012.58793497542,0.0,0.0,,Pipeline,1950332.09765511,H2LA_Station_Opt_Geotab_FCEV70kg_0To8000mi_60stations_5stDist,60,low_carbon,
30.15482974,-94.81749325,libertyTX,,smr-CCS,11.466378065140493,11462.650847979989,9.287766232674317,83.58989609406885,,Onsite,1950332.09765511,H2LA_Station_Opt_Geotab_FCEV70kg_0To8000mi_60stations_5stDist,60,low_carbon,
30.15482974,-94.81749325,libertyTX,,smr-CCS,11.466378065140493,11462.650847979989,9.287766232674317,83.58989609406885,,Pipeline,1950332.09765511,H2LA_Station_Opt_Geotab_FCEV70kg_0To8000mi_60stations_5stDist,60,low_carbon,
30.15482974,-94.81749325,libertyTX,,smr-CCSExisting,138.12060051409026,150205.57832136416,0.0,0.0,,Onsite,1950332.09765511,H2LA_Station_Opt_Geotab_FCEV70kg_0To8000mi_60stations_5stDist,60,low_carbon,
30.15482974,-94.81749325,libertyTX,,smr-CCSExisting,138.12060051409026,150205.57832136416,0.0,0.0,,Pipeline,1950332.09765511,H2LA_Station_Opt_Geotab_FCEV70kg_0To8000mi_60stations_5stDist,60,low_carbon,
34.32209948,-118.2225598,losAngelesCA,,smr-CCSExisting,80.44252507535184,232750.30961007575,0.0,0.0,,Onsite,1950332.09765511,H2LA_Station_Opt_Geotab_FCEV70kg_0To8000mi_60stations_5stDist,60,low_carbon,
34.32209948,-118.2225598,losAngelesCA,,smr-CCSExisting,80.44252507535184,232750.30961007575,0.0,0.0,,Pipeline,1950332.09765511,H2LA_Station_Opt_Geotab_FCEV70kg_0To8000mi_60stations_5stDist,60,low_carbon,
31.62004685,-94.61748025,nacogdochesTX,,smr-CCSExisting,11.494468895264234,12500.18709362732,0.0,0.0,,Onsite,1950332.09765511,H2LA_Station_Opt_Geotab_FCEV70kg_0To8000mi_60stations_5stDist,60,low_carbon,
31.62004685,-94.61748025,nacogdochesTX,,smr-CCSExisting,11.494468895264234,12500.18709362732,0.0,0.0,,Pipeline,1950332.09765511,H2LA_Station_Opt_Geotab_FCEV70kg_0To8000mi_60stations_5stDist,60,low_carbon,
32.91428377,-111.3483757,pinalAZ,,smr-CCSExisting,11.479363873935071,19956.839207563127,0.0,0.0,,Onsite,1950332.09765511,H2LA_Station_Opt_Geotab_FCEV70kg_0To8000mi_60stations_5stDist,60,low_carbon,
32.91428377,-111.3483757,pinalAZ,,smr-CCSExisting,11.479363873935071,19956.839207563127,0.0,0.0,,Pipeline,1950332.09765511,H2LA_Station_Opt_Geotab_FCEV70kg_0To8000mi_60stations_5stDist,60,low_carbon,
28.00346828,-97.51134264,sanPatricioTX,,smr-CCSExisting,11.48770650490522,12492.83302225127,0.0,0.0,,Onsite,1950332.09765511,H2LA_Station_Opt_Geotab_FCEV70kg_0To8000mi_60stations_5stDist,60,low_carbon,
28.00346828,-97.51134264,sanPatricioTX,,smr-CCSExisting,11.48770650490522,12492.83302225127,0.0,0.0,,Pipeline,1950332.09765511,H2LA_Station_Opt_Geotab_FCEV70kg_0To8000mi_60stations_5stDist,60,low_carbon,
30.89254422,-100.5366337,schleicherTX,,smr-CCSExisting,11.367624600662104,12362.244451063116,0.0,0.0,,Onsite,1950332.09765511,H2LA_Station_Opt_Geotab_FCEV70kg_0To8000mi_60stations_5stDist,60,low_carbon,
30.89254422,-100.5366337,schleicherTX,,smr-CCSExisting,11.367624600662104,12362.244451063116,0.0,0.0,,Pipeline,1950332.09765511,H2LA_Station_Opt_Geotab_FCEV70kg_0To8000mi_60stations_5stDist,60,low_carbon,
39.03361022,-121.6882005,sutterCA,,smr-CCS,10.000000000028336,28179.309258622965,7.354442966971611,66.1899867027445,,Onsite,1950332.09765511,H2LA_Station_Opt_Geotab_FCEV70kg_0To8000mi_60stations_5stDist,60,low_carbon,
39.03361022,-121.6882005,sutterCA,,smr-CCS,10.000000000028336,28179.309258622965,7.354442966971611,66.1899867027445,,Pipeline,1950332.09765511,H2LA_Station_Opt_Geotab_FCEV70kg_0To8000mi_60stations_5stDist,60,low_carbon,
39.03361022,-121.6882005,sutterCA,,smr-CCSExisting,38.96517025090788,107842.53570761593,0.0,0.0,,Onsite,1950332.09765511,H2LA_Station_Opt_Geotab_FCEV70kg_0To8000mi_60stations_5stDist,60,low_carbon,
39.03361022,-121.6882005,sutterCA,,smr-CCSExisting,38.96517025090788,107842.53570761593,0.0,0.0,,Pipeline,1950332.09765511,H2LA_Station_Opt_Geotab_FCEV70kg_0To8000mi_60stations_5stDist,60,low_carbon,
33.01,-97.036,100175,10.030258190215523,electrolyzerExisting,11.059984191575916,50472.22437146328,0.0,0.0,1000.0,Onsite,3738429.8488182174,H2LA_Station_Opt_Geotab_FCEV70kg_0To8000mi_60stations_5stDist,60,electrolysis,$2.00 - $5.00/kg
33.01,-97.036,100175,10.030258190215523,electrolyzerExisting,11.059984191575916,50472.22437146328,0.0,0.0,1000.0,Pipeline,3738429.8488182174,H2LA_Station_Opt_Geotab_FCEV70kg_0To8000mi_60stations_5stDist,60,electrolysis,$2.00 - $5.00/kg
33.235,-97.016,100178,10.040713566246596,electrolyzerExisting,11.071512937293024,50524.835787668366,0.0,0.0,1000.0,Onsite,3738429.8488182174,H2LA_Station_Opt_Geotab_FCEV70kg_0To8000mi_60stations_5stDist,60,electrolysis,$2.00 - $5.00/kg
29.779,-95.124,100467,9.997597254074847,electrolyzerExisting,11.02397022032924,50307.87465759532,0.0,0.0,1000.0,Onsite,3738429.8488182174,H2LA_Station_Opt_Geotab_FCEV70kg_0To8000mi_60stations_5stDist,60,electrolysis,$2.00 - $5.00/kg
29.779,-95.124,100467,9.997597254074847,electrolyzerExisting,11.02397022032924,50307.87465759532,0.0,0.0,1000.0,Pipeline,3738429.8488182174,H2LA_Station_Opt_Geotab_FCEV70kg_0To8000mi_60stations_5stDist,60,electrolysis,$2.00 - $5.00/kg
29.816,-95.809,100639,10.044447990849743,electrolyzerExisting,11.07563074408975,50543.62739778009,0.0,0.0,1000.0,Onsite,3738429.8488182174,H2LA_Station_Opt_Geotab_FCEV70kg_0To8000mi_60stations_5stDist,60,electrolysis,$2.00 - $5.00/kg
29.816,-95.809,100639,10.044447990849743,electrolyzerExisting,11.07563074408975,50543.62739778009,0.0,0.0,1000.0,Pipeline,3738429.8488182174,H2LA_Station_Opt_Geotab_FCEV70kg_0To8000mi_60stations_5stDist,60,electrolysis,$2.00 - $5.00/kg
29.93,-95.314,100920,10.005261715497262,electrolyzerExisting,11.032421529674629,50346.4421974873,0.0,0.0,1000.0,Onsite,3738429.8488182174,H2LA_Station_Opt_Geotab_FCEV70kg_0To8000mi_60stations_5stDist,60,electrolysis,$2.00 - $5.00/kg
29.93,-95.314,100920,10.005261715497262,electrolyzerExisting,11.032421529674629,50346.4421974873,0.0,0.0,1000.0,Pipeline,3738429.8488182174,H2LA_Station_Opt_Geotab_FCEV70kg_0To8000mi_60stations_5stDist,60,electrolysis,$2.00 - $5.00/kg
29.804,-94.981,100951,9.988860094338024,electrolyzerExisting,11.018645419337217,50269.517857786064,0.0,0.0,1000.0,Onsite,3738429.8488182174,H2LA_Station_Opt_Geotab_FCEV70kg_0To8000mi_60stations_5stDist,60,electrolysis,$2.00 - $5.00/kg
29.804,-94.981,100951,9.988860094338024,electrolyzerExisting,11.018645419337217,50269.517857786064,0.0,0.0,1000.0,Pipeline,3738429.8488182174,H2LA_Station_Opt_Geotab_FCEV70kg_0To8000mi_60stations_5stDist,60,electrolysis,$2.00 - $5.00/kg
29.931,-95.508,101402,10.017834783900213,electrolyzerExisting,11.064237876431909,50433.0748468067,0.0,0.0,1000.0,Onsite,3738429.8488182174,H2LA_Station_Opt_Geotab_FCEV70kg_0To8000mi_60stations_5stDist,60,electrolysis,$2.00 - $5.00/kg
29.931,-95.508,101402,10.017834783900213,electrolyzerExisting,11.064237876431909,50433.0748468067,0.0,0.0,1000.0,Pipeline,3738429.8488182174,H2LA_Station_Opt_Geotab_FCEV70kg_0To8000mi_60stations_5stDist,60,electrolysis,$2.00 - $5.00/kg
29.604,-95.266,101649,9.974771620850143,electrolyzerExisting,10.998801263180043,50193.01615513099,0.0,0.0,1000.0,Onsite,3738429.8488182174,H2LA_Station_Opt_Geotab_FCEV70kg_0To8000mi_60stations_5stDist,60,electrolysis,$2.00 - $5.00/kg
29.604,-95.266,101649,9.974771620850143,electrolyzerExisting,10.998801263180043,50193.01615513099,0.0,0.0,1000.0,Pipeline,3738429.8488182174,H2LA_Station_Opt_Geotab_FCEV70kg_0To8000mi_60stations_5stDist,60,electrolysis,$2.00 - $5.00/kg
29.813,-95.292,101729,9.999746865331568,electrolyzerExisting,11.026614519137803,50319.048105500726,0.0,0.0,1000.0,Onsite,3738429.8488182174,H2LA_Station_Opt_Geotab_FCEV70kg_0To8000mi_60stations_5stDist,60,electrolysis,$2.00 - $5.00/kg
29.813,-95.292,101729,9.999746865331568,electrolyzerExisting,11.026614519137803,50319.048105500726,0.0,0.0,1000.0,Pipeline,3738429.8488182174,H2LA_Station_Opt_Geotab_FCEV70kg_0To8000mi_60stations_5stDist,60,electrolysis,$2.00 - $5.00/kg
27.799,-97.659,102754,9.99981875941226,electrolyzerExisting,11.026419788605606,50319.05326000201,0.0,0.0,1000.0,Onsite,3738429.8488182174,H2LA_Station_Opt_Geotab_FCEV70kg_0To8000mi_60stations_5stDist,60,electrolysis,$2.00 - $5.00/kg
30.022,-93.845,102997,9.999190247728192,electrolyzerExisting,11.02572675479665,50315.89060149692,0.0,0.0,1000.0,Onsite,3738429.8488182174,H2LA_Station_Opt_Geotab_FCEV70kg_0To8000mi_60stations_5stDist,60,electrolysis,$2.00 - $5.00/kg
30.022,-93.845,102997,9.999190247728192,electrolyzerExisting,11.02572675479665,50315.89060149692,0.0,0.0,1000.0,Pipeline,3738429.8488182174,H2LA_Station_Opt_Geotab_FCEV70kg_0To8000mi_60stations_5stDist,60,electrolysis,$2.00 - $5.00/kg
30.376,-97.726,103539,9.99890410140152,electrolyzerExisting,11.025411230151992,50314.45070416425,0.0,0.0,1000.0,Onsite,3738429.8488182174,H2LA_Station_Opt_Geotab_FCEV70kg_0To8000mi_60stations_5stDist,60,electrolysis,$2.00 - $5.00/kg
30.376,-97.726,103539,9.99890410140152,electrolyzerExisting,11.025411230151992,50314.45070416425,0.0,0.0,1000.0,Pipeline,3738429.8488182174,H2LA_Station_Opt_Geotab_FCEV70kg_0To8000mi_60stations_5stDist,60,electrolysis,$2.00 - $5.00/kg
29.78,-95.882,104122,9.997662981902652,electrolyzerExisting,11.026507994660768,50311.41396048768,0.0,0.0,1000.0,Onsite,3738429.8488182174,H2LA_Station_Opt_Geotab_FCEV70kg_0To8000mi_60stations_5stDist,60,electrolysis,$2.00 - $5.00/kg
32.319,-102.547,104234,1.428481958374061,electrolyzerExisting,1.5751327205467234,7188.1162471335365,0.0,0.0,1000.0,Onsite,3738429.8488182174,H2LA_Station_Opt_Geotab_FCEV70kg_0To8000mi_60stations_5stDist,60,electrolysis,$2.00 - $5.00/kg
32.456,-97.385,105358,10.016764058328732,electrolyzerExisting,11.062257484534529,50426.64609954876,0.0,0.0,1000.0,Onsite,3738429.8488182174,H2LA_Station_Opt_Geotab_FCEV70kg_0To8000mi_60stations_5stDist,60,electrolysis,$2.00 - $5.00/kg
32.731,-97.276,106176,10.00294001688126,electrolyzerExisting,11.03978178592687,50347.67059808343,0.0,0.0,1000.0,Onsite,3738429.8488182174,H2LA_Station_Opt_Geotab_FCEV70kg_0To8000mi_60stations_5stDist,60,electrolysis,$2.00 - $5.00/kg
32.731,-97.276,106176,10.00294001688126,electrolyzerExisting,11.03978178592687,50347.67059808343,0.0,0.0,1000.0,Pipeline,3738429.8488182174,H2LA_Station_Opt_Geotab_FCEV70kg_0To8000mi_60stations_5stDist,60,electrolysis,$2.00 - $5.00/kg
32.713,-97.068,106428,10.024635708805327,electrolyzer,11.053784495182608,47851.1082181008,38.79878357809096,0.0,2000.0,Onsite,3738429.8488182174,H2LA_Station_Opt_Geotab_FCEV70kg_0To8000mi_60stations_5stDist,60,electrolysis,$3.00 - $6.00/kg
32.713,-97.068,106428,10.024635708805327,electrolyzer,11.053784495182608,47851.1082181008,38.79878357809096,0.0,2000.0,Pipeline,3738429.8488182174,H2LA_Station_Opt_Geotab_FCEV70kg_0To8000mi_60stations_5stDist,60,electrolysis,$3.00 - $6.00/kg
29.064,-95.427,107230,10.020352400404834,electrolyzer,11.049061453679789,47830.66248115264,38.78220570241605,0.0,2000.0,Onsite,3738429.8488182174,H2LA_Station_Opt_Geotab_FCEV70kg_0To8000mi_60stations_5stDist,60,electrolysis,$3.00 - $6.00/kg
30.7,-101.207,107617,9.895289862398371,electrolyzerExisting,10.911159752174928,49793.06422373674,0.0,0.0,1000.0,Onsite,3738429.8488182174,H2LA_Station_Opt_Geotab_FCEV70kg_0To8000mi_60stations_5stDist,60,electrolysis,$2.00 - $5.00/kg
31.507,-97.146,107884,10.032639806640178,electrolyzerExisting,11.062610309169424,50484.20865589891,0.0,0.0,1000.0,Onsite,3738429.8488182174,H2LA_Station_Opt_Geotab_FCEV70kg_0To8000mi_60stations_5stDist,60,electrolysis,$2.00 - $5.00/kg
31.04,-104.82,108208,9.989952112605136,electrolyzerExisting,11.015540213009547,50269.40432947159,0.0,0.0,1000.0,Onsite,3738429.8488182174,H2LA_Station_Opt_Geotab_FCEV70kg_0To8000mi_60stations_5stDist,60,electrolysis,$2.00 - $5.00/kg
29.649,-98.112,108692,10.028176494042802,electrolyzerExisting,11.062034689261353,50467.40543697662,0.0,0.0,1000.0,Onsite,3738429.8488182174,H2LA_Station_Opt_Geotab_FCEV70kg_0To8000mi_60stations_5stDist,60,electrolysis,$2.00 - $5.00/kg
29.649,-98.112,108692,10.028176494042802,electrolyzerExisting,11.062034689261353,50467.40543697662,0.0,0.0,1000.0,Pipeline,3738429.8488182174,H2LA_Station_Opt_Geotab_FCEV70kg_0To8000mi_60stations_5stDist,60,electrolysis,$2.00 - $5.00/kg
30.035,-94.15,108840,9.994172737145828,electrolyzerExisting,11.02359620759738,50295.0702615042,0.0,0.0,1000.0,Onsite,3738429.8488182174,H2LA_Station_Opt_Geotab_FCEV70kg_0To8000mi_60stations_5stDist,60,electrolysis,$2.00 - $5.00/kg
30.035,-94.15,108840,9.994172737145828,electrolyzerExisting,11.02359620759738,50295.0702615042,0.0,0.0,1000.0,Pipeline,3738429.8488182174,H2LA_Station_Opt_Geotab_FCEV70kg_0To8000mi_60stations_5stDist,60,electrolysis,$2.00 - $5.00/kg
30.209,-95.526,109345,9.998295979792609,electrolyzerExisting,11.024740677487632,50311.39063914834,0.0,0.0,1000.0,Onsite,3738429.8488182174,H2LA_Station_Opt_Geotab_FCEV70kg_0To8000mi_60stations_5stDist,60,electrolysis,$2.00 - $5.00/kg
37.587,-122.364,11279,3.2918855422659843,electrolyzerExisting,3.629836971147008,37991.24904255658,0.0,0.0,3000.0,Onsite,3738429.8488182174,H2LA_Station_Opt_Geotab_FCEV70kg_0To8000mi_60stations_5stDist,60,electrolysis,$4.00 - $7.00/kg
37.587,-122.364,11279,3.2918855422659843,electrolyzerExisting,3.629836971147008,37991.24904255658,0.0,0.0,3000.0,Pipeline,3738429.8488182174,H2LA_Station_Opt_Geotab_FCEV70kg_0To8000mi_60stations_5stDist,60,electrolysis,$4.00 - $7.00/kg
37.705,-122.407,11323,2.438309002372968,electrolyzerExisting,2.688630592416012,28140.22645013756,0.0,0.0,3000.0,Onsite,3738429.8488182174,H2LA_Station_Opt_Geotab_FCEV70kg_0To8000mi_60stations_5stDist,60,electrolysis,$4.00 - $7.00/kg
38.525,-121.463,11536,9.999732002239648,electrolyzerExisting,11.026324127197183,115405.6859752989,0.0,0.0,3000.0,Onsite,3738429.8488182174,H2LA_Station_Opt_Geotab_FCEV70kg_0To8000mi_60stations_5stDist,60,electrolysis,$4.00 - $7.00/kg
38.525,-121.463,11536,9.999732002239648,electrolyzerExisting,11.026324127197183,115405.6859752989,0.0,0.0,3000.0,Pipeline,3738429.8488182174,H2LA_Station_Opt_Geotab_FCEV70kg_0To8000mi_60stations_5stDist,60,electrolysis,$4.00 - $7.00/kg
33.945,-118.291,12678,9.993091409841467,electrolyzerExisting,11.02022276522218,14342.716080721668,0.0,0.0,3000.0,Onsite,3738429.8488182174,H2LA_Station_Opt_Geotab_FCEV70kg_0To8000mi_60stations_5stDist,60,electrolysis,$4.00 - $7.00/kg
33.945,-118.291,12678,9.993091409841467,electrolyzerExisting,11.02022276522218,14342.716080721668,0.0,0.0,3000.0,Pipeline,3738429.8488182174,H2LA_Station_Opt_Geotab_FCEV70kg_0To8000mi_60stations_5stDist,60,electrolysis,$4.00 - $7.00/kg
37.812,-121.294,14201,10.005668954535537,electrolyzerExisting,11.035987946521702,115478.26082304207,0.0,0.0,3000.0,Onsite,3738429.8488182174,H2LA_Station_Opt_Geotab_FCEV70kg_0To8000mi_60stations_5stDist,60,electrolysis,$4.00 - $7.00/kg
37.954,-121.271,14295,9.999343497505793,electrolyzerExisting,11.02641770860092,115401.88161159444,0.0,0.0,3000.0,Onsite,3738429.8488182174,H2LA_Station_Opt_Geotab_FCEV70kg_0To8000mi_60stations_5stDist,60,electrolysis,$4.00 - $7.00/kg
37.954,-121.271,14295,9.999343497505793,electrolyzerExisting,11.02641770860092,115401.88161159444,0.0,0.0,3000.0,Pipeline,3738429.8488182174,H2LA_Station_Opt_Geotab_FCEV70kg_0To8000mi_60stations_5stDist,60,electrolysis,$4.00 - $7.00/kg
34.07,-117.37,15891,9.999864981645402,electrolyzerExisting,11.025375048854064,14349.42172931642,0.0,0.0,3000.0,Onsite,3738429.8488182174,H2LA_Station_Opt_Geotab_FCEV70kg_0To8000mi_60stations_5stDist,60,electrolysis,$4.00 - $7.00/kg
34.07,-117.37,15891,9.999864981645402,electrolyzerExisting,11.025375048854064,14349.42172931642,0.0,0.0,3000.0,Pipeline,3738429.8488182174,H2LA_Station_Opt_Geotab_FCEV70kg_0To8000mi_60stations_5stDist,60,electrolysis,$4.00 - $7.00/kg
35.63,-120.692,16130,1.1492314083077697,electrolyzerExisting,1.2672137624953288,13263.139337804088,0.0,0.0,3000.0,Onsite,3738429.8488182174,H2LA_Station_Opt_Geotab_FCEV70kg_0To8000mi_60stations_5stDist,60,electrolysis,$4.00 - $7.00/kg
34.257,-110.024,4395,1.1074802648956967,electrolyzerExisting,2.0,7498.996292407752,0.0,0.0,1500.0,Onsite,3738429.8488182174,H2LA_Station_Opt_Geotab_FCEV70kg_0To8000mi_60stations_5stDist,60,electrolysis,$2.50 - $5.50/kg
34.566,-111.866,4508,4.836807765857294,electrolyzerExisting,5.333363947442075,28324.172635991905,0.0,0.0,1500.0,Onsite,3738429.8488182174,H2LA_Station_Opt_Geotab_FCEV70kg_0To8000mi_60stations_5stDist,60,electrolysis,$2.50 - $5.50/kg
31.974,-94.002,45870,10.005705284410672,electrolyzerExisting,11.032910638110389,50348.67424368078,0.0,0.0,1000.0,Onsite,3738429.8488182174,H2LA_Station_Opt_Geotab_FCEV70kg_0To8000mi_60stations_5stDist,60,electrolysis,$2.00 - $5.00/kg
30.191,-93.571,46430,10.043651288778143,electrolyzerExisting,11.074752251687984,50539.6183957768,0.0,0.0,1000.0,Onsite,3738429.8488182174,H2LA_Station_Opt_Geotab_FCEV70kg_0To8000mi_60stations_5stDist,60,electrolysis,$2.00 - $5.00/kg
33.399,-112.074,5475,9.99255666900604,electrolyzerExisting,11.018412158496083,58516.05313578488,0.0,0.0,1500.0,Onsite,3738429.8488182174,H2LA_Station_Opt_Geotab_FCEV70kg_0To8000mi_60stations_5stDist,60,electrolysis,$2.50 - $5.50/kg
38.564,-121.581,6449,10.019783462568334,electrolyzer,11.04843410781802,119920.73423106676,38.78000371844125,0.0,3500.0,Onsite,3738429.8488182174,H2LA_Station_Opt_Geotab_FCEV70kg_0To8000mi_60stations_5stDist,60,electrolysis,$4.50 - $7.50/kg
38.564,-121.581,6449,10.019783462568334,electrolyzer,11.04843410781802,119920.73423106676,38.78000371844125,0.0,3500.0,Pipeline,3738429.8488182174,H2LA_Station_Opt_Geotab_FCEV70kg_0To8000mi_60stations_5stDist,60,electrolysis,$4.50 - $7.50/kg
37.098,-120.217,7086,9.969763234201224,electrolyzerExisting,10.99327870432603,115059.82005926051,0.0,0.0,3000.0,Onsite,3738429.8488182174,H2LA_Station_Opt_Geotab_FCEV70kg_0To8000mi_60stations_5stDist,60,electrolysis,$4.00 - $7.00/kg
37.098,-120.217,7086,9.969763234201224,electrolyzerExisting,10.99327870432603,115059.82005926051,0.0,0.0,3000.0,Pipeline,3738429.8488182174,H2LA_Station_Opt_Geotab_FCEV70kg_0To8000mi_60stations_5stDist,60,electrolysis,$4.00 - $7.00/kg
37.074,-120.834,7148,9.97616837181154,electrolyzerExisting,11.00034140253,115133.7409647052,0.0,0.0,3000.0,Onsite,3738429.8488182174,H2LA_Station_Opt_Geotab_FCEV70kg_0To8000mi_60stations_5stDist,60,electrolysis,$4.00 - $7.00/kg
32.273,-107.714,71615,9.93117565005224,electrolyzerExisting,10.95072964345297,45679.608370343725,0.0,0.0,1500.0,Onsite,3738429.8488182174,H2LA_Station_Opt_Geotab_FCEV70kg_0To8000mi_60stations_5stDist,60,electrolysis,$2.50 - $5.50/kg
35.176,-103.103,71633,2.971837536531363,electrolyzer,3.2769322123512383,12956.63392732054,11.502032065352848,0.0,2500.0,Onsite,3738429.8488182174,H2LA_Station_Opt_Geotab_FCEV70kg_0To8000mi_60stations_5stDist,60,electrolysis,$3.50 - $6.50/kg
32.296,-106.81,72089,9.998327180072698,electrolyzer,11.024775082241051,43590.76282787987,38.6969605386661,0.0,2000.0,Onsite,3738429.8488182174,H2LA_Station_Opt_Geotab_FCEV70kg_0To8000mi_60stations_5stDist,60,electrolysis,$3.00 - $6.00/kg
34.946,-104.637,72146,9.58509479281671,electrolyzerExisting,11.018119130281686,44672.13769348855,0.0,0.0,1500.0,Onsite,3738429.8488182174,H2LA_Station_Opt_Geotab_FCEV70kg_0To8000mi_60stations_5stDist,60,electrolysis,$2.50 - $5.50/kg
38.054,-122.155,8266,9.973356340744498,electrolyzerExisting,10.997240686150658,115101.28768960384,0.0,0.0,3000.0,Onsite,3738429.8488182174,H2LA_Station_Opt_Geotab_FCEV70kg_0To8000mi_60stations_5stDist,60,electrolysis,$4.00 - $7.00/kg
34.179,-118.857,9130,1.539474753291357,electrolyzerExisting,1.6975202562427292,17766.89011572322,0.0,0.0,3000.0,Onsite,3738429.8488182174,H2LA_Station_Opt_Geotab_FCEV70kg_0To8000mi_60stations_5stDist,60,electrolysis,$4.00 - $7.00/kg
31.051,-97.484,95509,10.001162608924238,electrolyzerExisting,11.06980570806805,50380.35332362718,0.0,0.0,1000.0,Onsite,3738429.8488182174,H2LA_Station_Opt_Geotab_FCEV70kg_0To8000mi_60stations_5stDist,60,electrolysis,$2.00 - $5.00/kg
31.051,-97.484,95509,10.001162608924238,electrolyzerExisting,11.06980570806805,50380.35332362718,0.0,0.0,1000.0,Pipeline,3738429.8488182174,H2LA_Station_Opt_Geotab_FCEV70kg_0To8000mi_60stations_5stDist,60,electrolysis,$2.00 - $5.00/kg
31.104,-97.511,95545,10.00300759175039,electrolyzerExisting,11.029935988432188,50335.099433058334,0.0,0.0,1000.0,Onsite,3738429.8488182174,H2LA_Station_Opt_Geotab_FCEV70kg_0To8000mi_60stations_5stDist,60,electrolysis,$2.00 - $5.00/kg
33.152,-96.287,95977,7.61119357210943,electrolyzerExisting,9.231914085574346,39391.89328164258,0.0,0.0,1000.0,Onsite,3738429.8488182174,H2LA_Station_Opt_Geotab_FCEV70kg_0To8000mi_60stations_5stDist,60,electrolysis,$2.00 - $5.00/kg
27.432,-99.479,96222,1.2633400574406333,electrolyzer,1.3930370266990897,6030.365938964175,4.889559963713805,0.0,3000.0,Onsite,3738429.8488182174,H2LA_Station_Opt_Geotab_FCEV70kg_0To8000mi_60stations_5stDist,60,electrolysis,$4.00 - $7.00/kg
29.511,-98.309,96543,10.00740612121534,electrolyzerExisting,11.034786082222558,50357.232830156376,0.0,0.0,1000.0,Onsite,3738429.8488182174,H2LA_Station_Opt_Geotab_FCEV70kg_0To8000mi_60stations_5stDist,60,electrolysis,$2.00 - $5.00/kg
29.511,-98.309,96543,10.00740612121534,electrolyzerExisting,11.034786082222558,50357.232830156376,0.0,0.0,1000.0,Pipeline,3738429.8488182174,H2LA_Station_Opt_Geotab_FCEV70kg_0To8000mi_60stations_5stDist,60,electrolysis,$2.00 - $5.00/kg
29.497,-98.399,96569,9.9990997248054,electrolyzerExisting,11.025626936917345,50315.43508147746,0.0,0.0,1000.0,Onsite,3738429.8488182174,H2LA_Station_Opt_Geotab_FCEV70kg_0To8000mi_60stations_5stDist,60,electrolysis,$2.00 - $5.00/kg
29.497,-98.399,96569,9.9990997248054,electrolyzerExisting,11.025626936917345,50315.43508147746,0.0,0.0,1000.0,Pipeline,3738429.8488182174,H2LA_Station_Opt_Geotab_FCEV70kg_0To8000mi_60stations_5stDist,60,electrolysis,$2.00 - $5.00/kg
29.53,-98.562,97041,10.01267793038228,electrolyzerExisting,11.05157096098822,50398.04032864004,0.0,0.0,1000.0,Onsite,3738429.8488182174,H2LA_Station_Opt_Geotab_FCEV70kg_0To8000mi_60stations_5stDist,60,electrolysis,$2.00 - $5.00/kg
30.744,-98.233,98497,10.013810696370234,electrolyzerExisting,11.058124651772337,50410.64433155334,0.0,0.0,1000.0,Onsite,3738429.8488182174,H2LA_Station_Opt_Geotab_FCEV70kg_0To8000mi_60stations_5stDist,60,electrolysis,$2.00 - $5.00/kg
32.856,-96.768,99018,10.002404564754722,electrolyzerExisting,11.045504767976464,50353.19304513618,0.0,0.0,1000.0,Onsite,3738429.8488182174,H2LA_Station_Opt_Geotab_FCEV70kg_0To8000mi_60stations_5stDist,60,electrolysis,$2.00 - $5.00/kg
32.648,-96.883,99189,9.998803378670033,electrolyzerExisting,11.025300167305778,50313.943869000985,0.0,0.0,1000.0,Onsite,3738429.8488182174,H2LA_Station_Opt_Geotab_FCEV70kg_0To8000mi_60stations_5stDist,60,electrolysis,$2.00 - $5.00/kg
32.648,-96.883,99189,9.998803378670033,electrolyzerExisting,11.025300167305778,50313.943869000985,0.0,0.0,1000.0,Pipeline,3738429.8488182174,H2LA_Station_Opt_Geotab_FCEV70kg_0To8000mi_60stations_5stDist,60,electrolysis,$2.00 - $5.00/kg
32.793,-96.684,99467,10.008387683851794,electrolyzerExisting,11.056549635303904,50389.08847132448,0.0,0.0,1000.0,Onsite,3738429.8488182174,H2LA_Station_Opt_Geotab_FCEV70kg_0To8000mi_60stations_5stDist,60,electrolysis,$2.00 - $5.00/kg
32.793,-96.684,99467,10.008387683851794,electrolyzerExisting,11.056549635303904,50389.08847132448,0.0,0.0,1000.0,Pipeline,3738429.8488182174,H2LA_Station_Opt_Geotab_FCEV70kg_0To8000mi_60stations_5stDist,60,electrolysis,$2.00 - $5.00/kg
32.736,-101.95,99923,1.0315570584267313,electrolyzerExisting,1.137458734794356,5190.791533953797,0.0,0.0,1000.0,Onsite,3738429.8488182174,H2LA_Station_Opt_Geotab_FCEV70kg_0To8000mi_60stations_5stDist,60,electrolysis,$2.00 - $5.00/kg
33.73341025,-113.9782551,laPazAZ,,electrolyzerExisting,83.98907545915013,445922.8226528588,0.0,0.0,,Onsite,3738429.8488182174,H2LA_Station_Opt_Geotab_FCEV70kg_0To8000mi_60stations_5stDist,60,electrolysis,
33.73341025,-113.9782551,laPazAZ,,electrolyzerExisting,83.98907545915013,445922.8226528588,0.0,0.0,,Pipeline,3738429.8488182174,H2LA_Station_Opt_Geotab_FCEV70kg_0To8000mi_60stations_5stDist,60,electrolysis,
33.01,-97.036,100175,10.030258190215523,smr-noCCSExisting,11.522675066897593,9332.750834171906,0.0,0.0,1000.0,Onsite,963721.059300004,H2LA_Station_Opt_Geotab_FCEV70kg_0To8000mi_60stations_5stDist,60,any,$2.00 - $5.00/kg
33.01,-97.036,100175,10.030258190215523,smr-noCCSExisting,11.522675066897593,9332.750834171906,0.0,0.0,1000.0,Pipeline,963721.059300004,H2LA_Station_Opt_Geotab_FCEV70kg_0To8000mi_60stations_5stDist,60,any,$2.00 - $5.00/kg
33.235,-97.016,100178,10.040713566246596,smr-noCCSExisting,11.534686109308096,9342.479136447644,0.0,0.0,1000.0,Onsite,963721.059300004,H2LA_Station_Opt_Geotab_FCEV70kg_0To8000mi_60stations_5stDist,60,any,$2.00 - $5.00/kg
29.779,-95.124,100467,9.997597254074847,smr-noCCSExisting,11.485154458411923,9302.361147045413,0.0,0.0,1000.0,Onsite,963721.059300004,H2LA_Station_Opt_Geotab_FCEV70kg_0To8000mi_60stations_5stDist,60,any,$2.00 - $5.00/kg
29.779,-95.124,100467,9.997597254074847,smr-noCCSExisting,11.485154458411923,9302.361147045413,0.0,0.0,1000.0,Pipeline,963721.059300004,H2LA_Station_Opt_Geotab_FCEV70kg_0To8000mi_60stations_5stDist,60,any,$2.00 - $5.00/kg
29.816,-95.809,100639,10.044447990849743,smr-noCCSExisting,11.53897618652898,9345.953943524524,0.0,0.0,1000.0,Onsite,963721.059300004,H2LA_Station_Opt_Geotab_FCEV70kg_0To8000mi_60stations_5stDist,60,any,$2.00 - $5.00/kg
29.816,-95.809,100639,10.044447990849743,smr-noCCSExisting,11.53897618652898,9345.953943524524,0.0,0.0,1000.0,Pipeline,963721.059300004,H2LA_Station_Opt_Geotab_FCEV70kg_0To8000mi_60stations_5stDist,60,any,$2.00 - $5.00/kg
29.93,-95.314,100920,10.005261715497262,smr-noCCSExisting,11.493959328655404,9309.492621258869,0.0,0.0,1000.0,Onsite,963721.059300004,H2LA_Station_Opt_Geotab_FCEV70kg_0To8000mi_60stations_5stDist,60,any,$2.00 - $5.00/kg
29.93,-95.314,100920,10.005261715497262,smr-noCCSExisting,11.493959328655404,9309.492621258869,0.0,0.0,1000.0,Pipeline,963721.059300004,H2LA_Station_Opt_Geotab_FCEV70kg_0To8000mi_60stations_5stDist,60,any,$2.00 - $5.00/kg
29.804,-94.981,100951,9.988860094338024,smr-noCCSExisting,11.47960689454413,9295.686384421975,0.0,0.0,1000.0,Onsite,963721.059300004,H2LA_Station_Opt_Geotab_FCEV70kg_0To8000mi_60stations_5stDist,60,any,$2.00 - $5.00/kg
29.804,-94.981,100951,9.988860094338024,smr-noCCSExisting,11.47960689454413,9295.686384421975,0.0,0.0,1000.0,Pipeline,963721.059300004,H2LA_Station_Opt_Geotab_FCEV70kg_0To8000mi_60stations_5stDist,60,any,$2.00 - $5.00/kg
29.931,-95.508,101402,10.017834783900213,smr-noCCSExisting,11.527106696367998,9327.252044555136,0.0,0.0,1000.0,Onsite,963721.059300004,H2LA_Station_Opt_Geotab_FCEV70kg_0To8000mi_60stations_5stDist,60,any,$2.00 - $5.00/kg
29.931,-95.508,101402,10.017834783900213,smr-noCCSExisting,11.527106696367998,9327.252044555136,0.0,0.0,1000.0,Pipeline,963721.059300004,H2LA_Station_Opt_Geotab_FCEV70kg_0To8000mi_60stations_5stDist,60,any,$2.00 - $5.00/kg
29.604,-95.266,101649,9.974771620850143,smr-noCCSExisting,11.49312527435722,9308.817081863552,0.0,0.0,1000.0,Onsite,963721.059300004,H2LA_Station_Opt_Geotab_FCEV70kg_0To8000mi_60stations_5stDist,60,any,$2.00 - $5.00/kg
29.604,-95.266,101649,9.974771620850143,smr-noCCSExisting,11.49312527435722,9308.817081863552,0.0,0.0,1000.0,Pipeline,963721.059300004,H2LA_Station_Opt_Geotab_FCEV70kg_0To8000mi_60stations_5stDist,60,any,$2.00 - $5.00/kg
29.813,-95.292,101729,9.999746865331568,smr-noCCSExisting,11.487909382268624,9304.453771497278,0.0,0.0,1000.0,Onsite,963721.059300004,H2LA_Station_Opt_Geotab_FCEV70kg_0To8000mi_60stations_5stDist,60,any,$2.00 - $5.00/kg
29.813,-95.292,101729,9.999746865331568,smr-noCCSExisting,11.487909382268624,9304.453771497278,0.0,0.0,1000.0,Pipeline,963721.059300004,H2LA_Station_Opt_Geotab_FCEV70kg_0To8000mi_60stations_5stDist,60,any,$2.00 - $5.00/kg
27.799,-97.659,102754,9.99981875941226,smr-noCCSExisting,11.48770652102606,9304.428181336723,0.0,0.0,1000.0,Onsite,963721.059300004,H2LA_Station_Opt_Geotab_FCEV70kg_0To8000mi_60stations_5stDist,60,any,$2.00 - $5.00/kg
30.022,-93.845,102997,9.999190247728192,smr-noCCSExisting,11.486984494240874,9303.843378238258,0.0,0.0,1000.0,Onsite,963721.059300004,H2LA_Station_Opt_Geotab_FCEV70kg_0To8000mi_60stations_5stDist,60,any,$2.00 - $5.00/kg
30.022,-93.845,102997,9.999190247728192,smr-noCCSExisting,11.486984494240874,9303.843378238258,0.0,0.0,1000.0,Pipeline,963721.059300004,H2LA_Station_Opt_Geotab_FCEV70kg_0To8000mi_60stations_5stDist,60,any,$2.00 - $5.00/kg
30.376,-97.726,103539,9.99890410140152,smr-noCCSExisting,11.4866557593684,9303.577120564803,0.0,0.0,1000.0,Onsite,963721.059300004,H2LA_Station_Opt_Geotab_FCEV70kg_0To8000mi_60stations_5stDist,60,any,$2.00 - $5.00/kg
30.376,-97.726,103539,9.99890410140152,smr-noCCSExisting,11.4866557593684,9303.577120564803,0.0,0.0,1000.0,Pipeline,963721.059300004,H2LA_Station_Opt_Geotab_FCEV70kg_0To8000mi_60stations_5stDist,60,any,$2.00 - $5.00/kg
29.78,-95.882,104122,9.997662981902652,smr-noCCSExisting,11.48779839512167,9303.254584179487,0.0,0.0,1000.0,Onsite,963721.059300004,H2LA_Station_Opt_Geotab_FCEV70kg_0To8000mi_60stations_5stDist,60,any,$2.00 - $5.00/kg
32.319,-102.547,104234,1.428481958374061,smr-noCCSExisting,10.0,4037.785503425425,0.0,0.0,1000.0,Onsite,963721.059300004,H2LA_Station_Opt_Geotab_FCEV70kg_0To8000mi_60stations_5stDist,60,any,$2.00 - $5.00/kg
32.456,-97.385,105358,10.016764058328732,smr-noCCSExisting,11.525043428619208,9325.985782728125,0.0,0.0,1000.0,Onsite,963721.059300004,H2LA_Station_Opt_Geotab_FCEV70kg_0To8000mi_60stations_5stDist,60,any,$2.00 - $5.00/kg
32.731,-97.276,106176,10.00294001688126,smr-noCCSExisting,11.501627483754708,9310.681425111376,0.0,0.0,1000.0,Onsite,963721.059300004,H2LA_Station_Opt_Geotab_FCEV70kg_0To8000mi_60stations_5stDist,60,any,$2.00 - $5.00/kg
32.731,-97.276,106176,10.00294001688126,smr-noCCSExisting,11.501627483754708,9310.681425111376,0.0,0.0,1000.0,Pipeline,963721.059300004,H2LA_Station_Opt_Geotab_FCEV70kg_0To8000mi_60stations_5stDist,60,any,$2.00 - $5.00/kg
32.713,-97.068,106428,10.024635708805327,smr-noCCS,11.516216006833275,8654.962016559723,93.28134965534954,0.0,2000.0,Onsite,963721.059300004,H2LA_Station_Opt_Geotab_FCEV70kg_0To8000mi_60stations_5stDist,60,any,$3.00 - $6.00/kg
32.713,-97.068,106428,10.024635708805327,smr-noCCS,11.516216006833275,8654.962016559723,93.28134965534954,0.0,2000.0,Pipeline,963721.059300004,H2LA_Station_Opt_Geotab_FCEV70kg_0To8000mi_60stations_5stDist,60,any,$3.00 - $6.00/kg
29.064,-95.427,107230,10.020352400404834,smr-noCCS,11.51129538045944,8651.263941225085,93.24149258172146,0.0,2000.0,Onsite,963721.059300004,H2LA_Station_Opt_Geotab_FCEV70kg_0To8000mi_60stations_5stDist,60,any,$3.00 - $6.00/kg
30.7,-101.207,107617,9.895289862398371,smr-noCCSExisting,11.367624600621106,9207.168245052677,0.0,0.0,1000.0,Onsite,963721.059300004,H2LA_Station_Opt_Geotab_FCEV70kg_0To8000mi_60stations_5stDist,60,any,$2.00 - $5.00/kg
31.507,-97.146,107884,10.032639806640178,smr-noCCSExisting,11.52541105061624,9334.966834725965,0.0,0.0,1000.0,Onsite,963721.059300004,H2LA_Station_Opt_Geotab_FCEV70kg_0To8000mi_60stations_5stDist,60,any,$2.00 - $5.00/kg
31.04,-104.82,108208,9.989952112605136,smr-noCCSExisting,11.47637178455112,9295.247650715366,0.0,0.0,1000.0,Onsite,963721.059300004,H2LA_Station_Opt_Geotab_FCEV70kg_0To8000mi_60stations_5stDist,60,any,$2.00 - $5.00/kg
29.649,-98.112,108692,10.028176494042802,smr-noCCSExisting,11.524811341063325,9332.281057779404,0.0,0.0,1000.0,Onsite,963721.059300004,H2LA_Station_Opt_Geotab_FCEV70kg_0To8000mi_60stations_5stDist,60,any,$2.00 - $5.00/kg
29.649,-98.112,108692,10.028176494042802,smr-noCCSExisting,11.524811341063325,9332.281057779404,0.0,0.0,1000.0,Pipeline,963721.059300004,H2LA_Station_Opt_Geotab_FCEV70kg_0To8000mi_60stations_5stDist,60,any,$2.00 - $5.00/kg
30.035,-94.15,108840,9.994172737145828,smr-noCCSExisting,11.48476481654758,9300.323305730904,0.0,0.0,1000.0,Onsite,963721.059300004,H2LA_Station_Opt_Geotab_FCEV70kg_0To8000mi_60stations_5stDist,60,any,$2.00 - $5.00/kg
30.035,-94.15,108840,9.994172737145828,smr-noCCSExisting,11.48476481654758,9300.323305730904,0.0,0.0,1000.0,Pipeline,963721.059300004,H2LA_Station_Opt_Geotab_FCEV70kg_0To8000mi_60stations_5stDist,60,any,$2.00 - $5.00/kg
30.209,-95.526,109345,9.998295979792609,smr-noCCSExisting,11.485957151973988,9303.011285920931,0.0,0.0,1000.0,Onsite,963721.059300004,H2LA_Station_Opt_Geotab_FCEV70kg_0To8000mi_60stations_5stDist,60,any,$2.00 - $5.00/kg
37.587,-122.364,11279,3.2918855422659843,smr-noCCSExisting,10.0,11151.580903184004,0.0,0.0,3000.0,Onsite,963721.059300004,H2LA_Station_Opt_Geotab_FCEV70kg_0To8000mi_60stations_5stDist,60,any,$4.00 - $7.00/kg
37.587,-122.364,11279,3.2918855422659843,smr-noCCSExisting,10.0,11151.580903184004,0.0,0.0,3000.0,Pipeline,963721.059300004,H2LA_Station_Opt_Geotab_FCEV70kg_0To8000mi_60stations_5stDist,60,any,$4.00 - $7.00/kg
37.705,-122.407,11323,2.438309002372968,smr-noCCSExisting,10.0,9100.23402697615,0.0,0.0,3000.0,Onsite,963721.059300004,H2LA_Station_Opt_Geotab_FCEV70kg_0To8000mi_60stations_5stDist,60,any,$4.00 - $7.00/kg
38.525,-121.463,11536,9.999732002239648,smr-noCCSExisting,11.48760684119054,27754.17091127345,0.0,0.0,3000.0,Onsite,963721.059300004,H2LA_Station_Opt_Geotab_FCEV70kg_0To8000mi_60stations_5stDist,60,any,$4.00 - $7.00/kg
38.525,-121.463,11536,9.999732002239648,smr-noCCSExisting,11.48760684119054,27754.17091127345,0.0,0.0,3000.0,Pipeline,963721.059300004,H2LA_Station_Opt_Geotab_FCEV70kg_0To8000mi_60stations_5stDist,60,any,$4.00 - $7.00/kg
34.796,-118.853,12389,9.994641876862763,smr-noCCSExisting,11.482167589608258,27740.175596242072,0.0,0.0,3000.0,Onsite,963721.059300004,H2LA_Station_Opt_Geotab_FCEV70kg_0To8000mi_60stations_5stDist,60,any,$4.00 - $7.00/kg
33.81,-118.163,12555,9.999858043542512,smr-noCCSExisting,11.487751688546057,27754.520748264757,0.0,0.0,3000.0,Onsite,963721.059300004,H2LA_Station_Opt_Geotab_FCEV70kg_0To8000mi_60stations_5stDist,60,any,$4.00 - $7.00/kg
33.945,-118.291,12678,9.993091409841467,smr-noCCSExisting,11.481250231748378,27736.15219104817,0.0,0.0,3000.0,Onsite,963721.059300004,H2LA_Station_Opt_Geotab_FCEV70kg_0To8000mi_60stations_5stDist,60,any,$4.00 - $7.00/kg
33.945,-118.291,12678,9.993091409841467,smr-noCCSExisting,11.481250231748378,27736.15219104817,0.0,0.0,3000.0,Pipeline,963721.059300004,H2LA_Station_Opt_Geotab_FCEV70kg_0To8000mi_60stations_5stDist,60,any,$4.00 - $7.00/kg
33.902,-118.06,13548,9.997404612497808,smr-noCCSExisting,11.486849796717866,27748.332322606944,0.0,0.0,3000.0,Onsite,963721.059300004,H2LA_Station_Opt_Geotab_FCEV70kg_0To8000mi_60stations_5stDist,60,any,$4.00 - $7.00/kg
33.902,-118.06,13548,9.997404612497808,smr-noCCSExisting,11.486849796717866,27748.332322606944,0.0,0.0,3000.0,Pipeline,963721.059300004,H2LA_Station_Opt_Geotab_FCEV70kg_0To8000mi_60stations_5stDist,60,any,$4.00 - $7.00/kg
37.812,-121.294,14201,10.005668954535537,smr-noCCSExisting,11.497674947484638,27771.701277620585,0.0,0.0,3000.0,Onsite,963721.059300004,H2LA_Station_Opt_Geotab_FCEV70kg_0To8000mi_60stations_5stDist,60,any,$4.00 - $7.00/kg
37.954,-121.271,14295,9.999343497505793,smr-noCCSExisting,11.487704339720612,27753.268829189245,0.0,0.0,3000.0,Onsite,963721.059300004,H2LA_Station_Opt_Geotab_FCEV70kg_0To8000mi_60stations_5stDist,60,any,$4.00 - $7.00/kg
37.954,-121.271,14295,9.999343497505793,smr-noCCSExisting,11.487704339720612,27753.268829189245,0.0,0.0,3000.0,Pipeline,963721.059300004,H2LA_Station_Opt_Geotab_FCEV70kg_0To8000mi_60stations_5stDist,60,any,$4.00 - $7.00/kg
34.058,-117.181,15834,10.005068302971226,smr-noCCSExisting,11.500738987201151,27771.25066943522,0.0,0.0,3000.0,Onsite,963721.059300004,H2LA_Station_Opt_Geotab_FCEV70kg_0To8000mi_60stations_5stDist,60,any,$4.00 - $7.00/kg
34.058,-117.181,15834,10.005068302971226,smr-noCCSExisting,11.500738987201151,27771.25066943522,0.0,0.0,3000.0,Pipeline,963721.059300004,H2LA_Station_Opt_Geotab_FCEV70kg_0To8000mi_60stations_5stDist,60,any,$4.00 - $7.00/kg
34.07,-117.37,15891,9.999864981645402,smr-noCCSExisting,11.486618056574336,27751.78199793301,0.0,0.0,3000.0,Onsite,963721.059300004,H2LA_Station_Opt_Geotab_FCEV70kg_0To8000mi_60stations_5stDist,60,any,$4.00 - $7.00/kg
34.07,-117.37,15891,9.999864981645402,smr-noCCSExisting,11.486618056574336,27751.78199793301,0.0,0.0,3000.0,Pipeline,963721.059300004,H2LA_Station_Opt_Geotab_FCEV70kg_0To8000mi_60stations_5stDist,60,any,$4.00 - $7.00/kg
34.091,-117.294,15955,10.006011625264687,smr-noCCSExisting,11.49482081755636,27771.59994899433,0.0,0.0,3000.0,Onsite,963721.059300004,H2LA_Station_Opt_Geotab_FCEV70kg_0To8000mi_60stations_5stDist,60,any,$4.00 - $7.00/kg
34.091,-117.294,15955,10.006011625264687,smr-noCCSExisting,11.49482081755636,27771.59994899433,0.0,0.0,3000.0,Pipeline,963721.059300004,H2LA_Station_Opt_Geotab_FCEV70kg_0To8000mi_60stations_5stDist,60,any,$4.00 - $7.00/kg
35.63,-120.692,16130,1.1492314083077697,smr-noCCSExisting,10.0,6002.274828401254,0.0,0.0,3000.0,Onsite,963721.059300004,H2LA_Station_Opt_Geotab_FCEV70kg_0To8000mi_60stations_5stDist,60,any,$4.00 - $7.00/kg
34.257,-110.024,4395,1.1074802648956967,electrolyzerExisting,1.0,1301.490576577515,0.0,0.0,1500.0,Onsite,963721.059300004,H2LA_Station_Opt_Geotab_FCEV70kg_0To8000mi_60stations_5stDist,60,any,$2.50 - $5.50/kg
34.257,-110.024,4395,1.1074802648956967,smr-noCCSExisting,9.99999963434066,4635.109401958033,0.0,0.0,1500.0,Onsite,963721.059300004,H2LA_Station_Opt_Geotab_FCEV70kg_0To8000mi_60stations_5stDist,60,any,$2.50 - $5.50/kg
34.566,-111.866,4508,4.836807765857294,smr-noCCSExisting,10.0,9331.655189007732,0.0,0.0,1500.0,Onsite,963721.059300004,H2LA_Station_Opt_Geotab_FCEV70kg_0To8000mi_60stations_5stDist,60,any,$2.50 - $5.50/kg
31.974,-94.002,45870,10.005705284410672,smr-noCCSExisting,11.49446887447306,9309.905326132275,0.0,0.0,1000.0,Onsite,963721.059300004,H2LA_Station_Opt_Geotab_FCEV70kg_0To8000mi_60stations_5stDist,60,any,$2.00 - $5.00/kg
30.191,-93.571,46430,10.043651288778143,smr-noCCSExisting,11.538060940027997,9345.212568921745,0.0,0.0,1000.0,Onsite,963721.059300004,H2LA_Station_Opt_Geotab_FCEV70kg_0To8000mi_60stations_5stDist,60,any,$2.00 - $5.00/kg
33.399,-112.074,5475,9.99255666900604,smr-noCCSExisting,11.479363876796391,16303.9441343709,0.0,0.0,1500.0,Onsite,963721.059300004,H2LA_Station_Opt_Geotab_FCEV70kg_0To8000mi_60stations_5stDist,60,any,$2.50 - $5.50/kg
38.564,-121.581,6449,10.019783462568334,smr-noCCS,11.510641784707582,28920.9639579233,93.23619845613142,0.0,3500.0,Onsite,963721.059300004,H2LA_Station_Opt_Geotab_FCEV70kg_0To8000mi_60stations_5stDist,60,any,$4.50 - $7.50/kg
38.564,-121.581,6449,10.019783462568334,smr-noCCS,11.510641784707582,28920.9639579233,93.23619845613142,0.0,3500.0,Pipeline,963721.059300004,H2LA_Station_Opt_Geotab_FCEV70kg_0To8000mi_60stations_5stDist,60,any,$4.50 - $7.50/kg
37.098,-120.217,7086,9.969763234201224,smr-noCCSExisting,11.453178968770588,27670.99283350108,0.0,0.0,3000.0,Onsite,963721.059300004,H2LA_Station_Opt_Geotab_FCEV70kg_0To8000mi_60stations_5stDist,60,any,$4.00 - $7.00/kg
37.098,-120.217,7086,9.969763234201224,smr-noCCSExisting,11.453178968770588,27670.99283350108,0.0,0.0,3000.0,Pipeline,963721.059300004,H2LA_Station_Opt_Geotab_FCEV70kg_0To8000mi_60stations_5stDist,60,any,$4.00 - $7.00/kg
37.074,-120.834,7148,9.97616837181154,smr-noCCSExisting,11.460537139640694,27688.770246564265,0.0,0.0,3000.0,Onsite,963721.059300004,H2LA_Station_Opt_Geotab_FCEV70kg_0To8000mi_60stations_5stDist,60,any,$4.00 - $7.00/kg
32.273,-107.714,71615,9.93117565005224,smr-noCCSExisting,11.408849889850384,14436.880357876658,0.0,0.0,1500.0,Onsite,963721.059300004,H2LA_Station_Opt_Geotab_FCEV70kg_0To8000mi_60stations_5stDist,60,any,$2.50 - $5.50/kg
35.176,-103.103,71633,2.971837536531363,smr-noCCS,10.0,5912.775245986177,27.65357514149826,0.0,2500.0,Onsite,963721.059300004,H2LA_Station_Opt_Geotab_FCEV70kg_0To8000mi_60stations_5stDist,60,any,$3.50 - $6.50/kg
32.296,-106.81,72089,9.998327180072698,smr-noCCS,11.485992990630027,13912.549886505729,93.03654322410324,0.0,2000.0,Onsite,963721.059300004,H2LA_Station_Opt_Geotab_FCEV70kg_0To8000mi_60stations_5stDist,60,any,$3.00 - $6.00/kg
34.946,-104.637,72146,9.58509479281671,smr-noCCSExisting,11.479058592527029,14085.365547448437,0.0,0.0,1500.0,Onsite,963721.059300004,H2LA_Station_Opt_Geotab_FCEV70kg_0To8000mi_60stations_5stDist,60,any,$2.50 - $5.50/kg
38.054,-122.155,8266,9.973356340744498,smr-noCCSExisting,11.457311855818288,27680.97792918416,0.0,0.0,3000.0,Onsite,963721.059300004,H2LA_Station_Opt_Geotab_FCEV70kg_0To8000mi_60stations_5stDist,60,any,$4.00 - $7.00/kg
34.179,-118.857,9130,1.539474753291357,smr-noCCSExisting,10.0,6940.122146110893,0.0,0.0,3000.0,Onsite,963721.059300004,H2LA_Station_Opt_Geotab_FCEV70kg_0To8000mi_60stations_5stDist,60,any,$4.00 - $7.00/kg
32.801,-115.57,9454,6.1457683383792725,smr-noCCSExisting,10.0,18010.13814218336,0.0,0.0,3000.0,Onsite,963721.059300004,H2LA_Station_Opt_Geotab_FCEV70kg_0To8000mi_60stations_5stDist,60,any,$4.00 - $7.00/kg
32.801,-115.57,9454,6.1457683383792725,smr-noCCSExisting,10.0,18010.13814218336,0.0,0.0,3000.0,Pipeline,963721.059300004,H2LA_Station_Opt_Geotab_FCEV70kg_0To8000mi_60stations_5stDist,60,any,$4.00 - $7.00/kg
31.051,-97.484,95509,10.001162608924238,smr-noCCSExisting,11.53290745606972,9319.825224372684,0.0,0.0,1000.0,Onsite,963721.059300004,H2LA_Station_Opt_Geotab_FCEV70kg_0To8000mi_60stations_5stDist,60,any,$2.00 - $5.00/kg
31.051,-97.484,95509,10.001162608924238,smr-noCCSExisting,11.53290745606972,9319.825224372684,0.0,0.0,1000.0,Pipeline,963721.059300004,H2LA_Station_Opt_Geotab_FCEV70kg_0To8000mi_60stations_5stDist,60,any,$2.00 - $5.00/kg
31.104,-97.511,95545,10.00300759175039,smr-noCCSExisting,11.48580650244515,9302.889267855871,0.0,0.0,1000.0,Onsite,963721.059300004,H2LA_Station_Opt_Geotab_FCEV70kg_0To8000mi_60stations_5stDist,60,any,$2.00 - $5.00/kg
33.152,-96.287,95977,7.61119357210943,smr-noCCSExisting,10.0,7489.008427113737,0.0,0.0,1000.0,Onsite,963721.059300004,H2LA_Station_Opt_Geotab_FCEV70kg_0To8000mi_60stations_5stDist,60,any,$2.00 - $5.00/kg
27.432,-99.479,96222,1.2633400574406333,smr-noCCS,10.0,3361.593451546884,11.755645703158152,0.0,3000.0,Onsite,963721.059300004,H2LA_Station_Opt_Geotab_FCEV70kg_0To8000mi_60stations_5stDist,60,any,$4.00 - $7.00/kg
29.511,-98.309,96543,10.00740612121534,smr-noCCSExisting,11.496422792787698,9311.487895516117,0.0,0.0,1000.0,Onsite,963721.059300004,H2LA_Station_Opt_Geotab_FCEV70kg_0To8000mi_60stations_5stDist,60,any,$2.00 - $5.00/kg
29.511,-98.309,96543,10.00740612121534,smr-noCCSExisting,11.496422792787698,9311.487895516117,0.0,0.0,1000.0,Pipeline,963721.059300004,H2LA_Station_Opt_Geotab_FCEV70kg_0To8000mi_60stations_5stDist,60,any,$2.00 - $5.00/kg
29.497,-98.399,96569,9.9990997248054,smr-noCCSExisting,11.486880490088303,9303.75914043445,0.0,0.0,1000.0,Onsite,963721.059300004,H2LA_Station_Opt_Geotab_FCEV70kg_0To8000mi_60stations_5stDist,60,any,$2.00 - $5.00/kg
29.497,-98.399,96569,9.9990997248054,smr-noCCSExisting,11.486880490088303,9303.75914043445,0.0,0.0,1000.0,Pipeline,963721.059300004,H2LA_Station_Opt_Geotab_FCEV70kg_0To8000mi_60stations_5stDist,60,any,$2.00 - $5.00/kg
29.53,-98.562,97041,10.01267793038228,smr-noCCSExisting,11.518437583378338,9321.5643276169,0.0,0.0,1000.0,Onsite,963721.059300004,H2LA_Station_Opt_Geotab_FCEV70kg_0To8000mi_60stations_5stDist,60,any,$2.00 - $5.00/kg
30.744,-98.233,98497,10.013810696370234,smr-noCCSExisting,11.52073773248092,9322.941978558298,0.0,0.0,1000.0,Onsite,963721.059300004,H2LA_Station_Opt_Geotab_FCEV70kg_0To8000mi_60stations_5stDist,60,any,$2.00 - $5.00/kg
32.856,-96.768,99018,10.002404564754722,smr-noCCSExisting,11.507589896183315,9312.314627609425,0.0,0.0,1000.0,Onsite,963721.059300004,H2LA_Station_Opt_Geotab_FCEV70kg_0To8000mi_60stations_5stDist,60,any,$2.00 - $5.00/kg
32.648,-96.883,99189,9.998803378670033,smr-noCCSExisting,11.486540045277676,9303.48339833707,0.0,0.0,1000.0,Onsite,963721.059300004,H2LA_Station_Opt_Geotab_FCEV70kg_0To8000mi_60stations_5stDist,60,any,$2.00 - $5.00/kg
32.648,-96.883,99189,9.998803378670033,smr-noCCSExisting,11.486540045277676,9303.48339833707,0.0,0.0,1000.0,Pipeline,963721.059300004,H2LA_Station_Opt_Geotab_FCEV70kg_0To8000mi_60stations_5stDist,60,any,$2.00 - $5.00/kg
32.793,-96.684,99467,10.008387683851794,smr-noCCSExisting,11.519096826899348,9319.383068022216,0.0,0.0,1000.0,Onsite,963721.059300004,H2LA_Station_Opt_Geotab_FCEV70kg_0To8000mi_60stations_5stDist,60,any,$2.00 - $5.00/kg
32.793,-96.684,99467,10.008387683851794,smr-noCCSExisting,11.519096826899348,9319.383068022216,0.0,0.0,1000.0,Pipeline,963721.059300004,H2LA_Station_Opt_Geotab_FCEV70kg_0To8000mi_60stations_5stDist,60,any,$2.00 - $5.00/kg
32.736,-101.95,99923,1.0315570584267313,smr-noCCSExisting,10.0,3816.21988600099,0.0,0.0,1000.0,Onsite,963721.059300004,H2LA_Station_Opt_Geotab_FCEV70kg_0To8000mi_60stations_5stDist,60,any,$2.00 - $5.00/kg
33.01,-97.036,100175,10.03025818839341,smr-noCCSExisting,11.522675066897593,9332.750834171906,0.0,0.0,1000.0,Onsite,1141687.2105535597,H2LA_Station_Opt_Geotab_FCEV70kg_0To8000mi_70stations_5stDist,70,any,$2.00 - $5.00/kg
33.01,-97.036,100175,10.03025818839341,smr-noCCSExisting,11.522675066897593,9332.750834171906,0.0,0.0,1000.0,Pipeline,1141687.2105535597,H2LA_Station_Opt_Geotab_FCEV70kg_0To8000mi_70stations_5stDist,70,any,$2.00 - $5.00/kg
33.235,-97.016,100178,10.040713562152286,smr-noCCSExisting,11.534686109308096,9342.479135432906,0.0,0.0,1000.0,Onsite,1141687.2105535597,H2LA_Station_Opt_Geotab_FCEV70kg_0To8000mi_70stations_5stDist,70,any,$2.00 - $5.00/kg
29.967,-95.703,100458,10.016284293150113,smr-noCCSExisting,11.52079981109244,9324.342870377945,0.0,0.0,1000.0,Onsite,1141687.2105535597,H2LA_Station_Opt_Geotab_FCEV70kg_0To8000mi_70stations_5stDist,70,any,$2.00 - $5.00/kg
29.967,-95.703,100458,10.016284293150113,smr-noCCSExisting,11.52079981109244,9324.342870377945,0.0,0.0,1000.0,Pipeline,1141687.2105535597,H2LA_Station_Opt_Geotab_FCEV70kg_0To8000mi_70stations_5stDist,70,any,$2.00 - $5.00/kg
29.779,-95.124,100467,9.997597252927168,smr-noCCSExisting,11.485154458411923,9302.361147045413,0.0,0.0,1000.0,Onsite,1141687.2105535597,H2LA_Station_Opt_Geotab_FCEV70kg_0To8000mi_70stations_5stDist,70,any,$2.00 - $5.00/kg
29.779,-95.124,100467,9.997597252927168,smr-noCCSExisting,11.485154458411923,9302.361147045413,0.0,0.0,1000.0,Pipeline,1141687.2105535597,H2LA_Station_Opt_Geotab_FCEV70kg_0To8000mi_70stations_5stDist,70,any,$2.00 - $5.00/kg
29.816,-95.809,100639,10.04444798819929,smr-noCCSExisting,11.53897618652898,9345.953869661018,0.0,0.0,1000.0,Onsite,1141687.2105535597,H2LA_Station_Opt_Geotab_FCEV70kg_0To8000mi_70stations_5stDist,70,any,$2.00 - $5.00/kg
29.816,-95.809,100639,10.04444798819929,smr-noCCSExisting,11.53897618652898,9345.953869661018,0.0,0.0,1000.0,Pipeline,1141687.2105535597,H2LA_Station_Opt_Geotab_FCEV70kg_0To8000mi_70stations_5stDist,70,any,$2.00 - $5.00/kg
29.93,-95.314,100920,10.005261713680309,smr-noCCSExisting,11.493959328655404,9309.492621258869,0.0,0.0,1000.0,Onsite,1141687.2105535597,H2LA_Station_Opt_Geotab_FCEV70kg_0To8000mi_70stations_5stDist,70,any,$2.00 - $5.00/kg
29.93,-95.314,100920,10.005261713680309,smr-noCCSExisting,11.493959328655404,9309.492621258869,0.0,0.0,1000.0,Pipeline,1141687.2105535597,H2LA_Station_Opt_Geotab_FCEV70kg_0To8000mi_70stations_5stDist,70,any,$2.00 - $5.00/kg
29.804,-94.981,100951,9.989644366841086,smr-noCCSExisting,11.47960689454413,9296.12417125266,0.0,0.0,1000.0,Onsite,1141687.2105535597,H2LA_Station_Opt_Geotab_FCEV70kg_0To8000mi_70stations_5stDist,70,any,$2.00 - $5.00/kg
29.804,-94.981,100951,9.989644366841086,smr-noCCSExisting,11.47960689454413,9296.12417125266,0.0,0.0,1000.0,Pipeline,1141687.2105535597,H2LA_Station_Opt_Geotab_FCEV70kg_0To8000mi_70stations_5stDist,70,any,$2.00 - $5.00/kg
29.931,-95.508,101402,10.028412797312072,smr-noCCSExisting,11.527106696367998,9333.156749129686,0.0,0.0,1000.0,Onsite,1141687.2105535597,H2LA_Station_Opt_Geotab_FCEV70kg_0To8000mi_70stations_5stDist,70,any,$2.00 - $5.00/kg
29.931,-95.508,101402,10.028412797312072,smr-noCCSExisting,11.527106696367998,9333.156749129686,0.0,0.0,1000.0,Pipeline,1141687.2105535597,H2LA_Station_Opt_Geotab_FCEV70kg_0To8000mi_70stations_5stDist,70,any,$2.00 - $5.00/kg
29.604,-95.266,101649,9.97477162007258,smr-noCCSExisting,11.49312527435722,9308.817081863552,0.0,0.0,1000.0,Onsite,1141687.2105535597,H2LA_Station_Opt_Geotab_FCEV70kg_0To8000mi_70stations_5stDist,70,any,$2.00 - $5.00/kg
29.604,-95.266,101649,9.97477162007258,smr-noCCSExisting,11.49312527435722,9308.817081863552,0.0,0.0,1000.0,Pipeline,1141687.2105535597,H2LA_Station_Opt_Geotab_FCEV70kg_0To8000mi_70stations_5stDist,70,any,$2.00 - $5.00/kg
29.813,-95.292,101729,9.99957394006487,smr-noCCSExisting,11.487909382268624,9304.357249420522,0.0,0.0,1000.0,Onsite,1141687.2105535597,H2LA_Station_Opt_Geotab_FCEV70kg_0To8000mi_70stations_5stDist,70,any,$2.00 - $5.00/kg
29.813,-95.292,101729,9.99957394006487,smr-noCCSExisting,11.487909382268624,9304.357249420522,0.0,0.0,1000.0,Pipeline,1141687.2105535597,H2LA_Station_Opt_Geotab_FCEV70kg_0To8000mi_70stations_5stDist,70,any,$2.00 - $5.00/kg
27.799,-97.659,102754,9.999714482505958,smr-noCCSExisting,11.48770652102606,9304.36996563761,0.0,0.0,1000.0,Onsite,1141687.2105535597,H2LA_Station_Opt_Geotab_FCEV70kg_0To8000mi_70stations_5stDist,70,any,$2.00 - $5.00/kg
30.022,-93.845,102997,9.999190247447938,smr-noCCSExisting,11.486984494240874,9303.843378238258,0.0,0.0,1000.0,Onsite,1141687.2105535597,H2LA_Station_Opt_Geotab_FCEV70kg_0To8000mi_70stations_5stDist,70,any,$2.00 - $5.00/kg
30.022,-93.845,102997,9.999190247447938,smr-noCCSExisting,11.486984494240874,9303.843378238258,0.0,0.0,1000.0,Pipeline,1141687.2105535597,H2LA_Station_Opt_Geotab_FCEV70kg_0To8000mi_70stations_5stDist,70,any,$2.00 - $5.00/kg
30.376,-97.726,103539,9.998904099331796,smr-noCCSExisting,11.4866557593684,9303.577120564496,0.0,0.0,1000.0,Onsite,1141687.2105535597,H2LA_Station_Opt_Geotab_FCEV70kg_0To8000mi_70stations_5stDist,70,any,$2.00 - $5.00/kg
30.376,-97.726,103539,9.998904099331796,smr-noCCSExisting,11.4866557593684,9303.577120564496,0.0,0.0,1000.0,Pipeline,1141687.2105535597,H2LA_Station_Opt_Geotab_FCEV70kg_0To8000mi_70stations_5stDist,70,any,$2.00 - $5.00/kg
29.78,-95.882,104122,9.999898750948573,smr-noCCSExisting,11.48779839512167,9304.502594442836,0.0,0.0,1000.0,Onsite,1141687.2105535597,H2LA_Station_Opt_Geotab_FCEV70kg_0To8000mi_70stations_5stDist,70,any,$2.00 - $5.00/kg
29.78,-95.882,104122,9.999898750948573,smr-noCCSExisting,11.48779839512167,9304.502594442836,0.0,0.0,1000.0,Pipeline,1141687.2105535597,H2LA_Station_Opt_Geotab_FCEV70kg_0To8000mi_70stations_5stDist,70,any,$2.00 - $5.00/kg
32.319,-102.547,104234,1.4284819583710595,smr-noCCSExisting,10.0,4037.7855013769417,0.0,0.0,1000.0,Onsite,1141687.2105535597,H2LA_Station_Opt_Geotab_FCEV70kg_0To8000mi_70stations_5stDist,70,any,$2.00 - $5.00/kg
26.325,-98.371,104950,0.8883228497076932,smr-noCCS,10.0,3152.256825917813,8.266031484386223,0.0,4000.0,Onsite,1141687.2105535597,H2LA_Station_Opt_Geotab_FCEV70kg_0To8000mi_70stations_5stDist,70,any,$5.00 - $8.00/kg
32.456,-97.385,105358,10.004513570666202,smr-noCCSExisting,11.525043428619208,9319.147491029602,0.0,0.0,1000.0,Onsite,1141687.2105535597,H2LA_Station_Opt_Geotab_FCEV70kg_0To8000mi_70stations_5stDist,70,any,$2.00 - $5.00/kg
32.731,-97.276,106176,10.002940011782284,smr-noCCSExisting,11.501627483754708,9310.681421072575,0.0,0.0,1000.0,Onsite,1141687.2105535597,H2LA_Station_Opt_Geotab_FCEV70kg_0To8000mi_70stations_5stDist,70,any,$2.00 - $5.00/kg
32.731,-97.276,106176,10.002940011782284,smr-noCCSExisting,11.501627483754708,9310.681421072575,0.0,0.0,1000.0,Pipeline,1141687.2105535597,H2LA_Station_Opt_Geotab_FCEV70kg_0To8000mi_70stations_5stDist,70,any,$2.00 - $5.00/kg
32.713,-97.068,106428,10.024635704681492,smr-noCCSExisting,11.516216006833275,9327.51933753639,0.0,0.0,1000.0,Onsite,1141687.2105535597,H2LA_Station_Opt_Geotab_FCEV70kg_0To8000mi_70stations_5stDist,70,any,$2.00 - $5.00/kg
32.713,-97.068,106428,10.024635704681492,smr-noCCSExisting,11.516216006833275,9327.51933753639,0.0,0.0,1000.0,Pipeline,1141687.2105535597,H2LA_Station_Opt_Geotab_FCEV70kg_0To8000mi_70stations_5stDist,70,any,$2.00 - $5.00/kg
29.064,-95.427,107230,10.020352398350225,smr-noCCSExisting,11.51129538045944,9323.533896483246,0.0,0.0,1000.0,Onsite,1141687.2105535597,H2LA_Station_Opt_Geotab_FCEV70kg_0To8000mi_70stations_5stDist,70,any,$2.00 - $5.00/kg
29.69,-96.775,107599,9.998560969017948,smr-noCCSExisting,11.486261564365122,9303.25784368471,0.0,0.0,1000.0,Onsite,1141687.2105535597,H2LA_Station_Opt_Geotab_FCEV70kg_0To8000mi_70stations_5stDist,70,any,$2.00 - $5.00/kg
30.7,-101.207,107617,9.895289862397206,smr-noCCSExisting,11.367624600621106,9207.168245052677,0.0,0.0,1000.0,Onsite,1141687.2105535597,H2LA_Station_Opt_Geotab_FCEV70kg_0To8000mi_70stations_5stDist,70,any,$2.00 - $5.00/kg
31.507,-97.146,107884,10.032639804592272,smr-noCCSExisting,11.52541105061624,9334.966834725965,0.0,0.0,1000.0,Onsite,1141687.2105535597,H2LA_Station_Opt_Geotab_FCEV70kg_0To8000mi_70stations_5stDist,70,any,$2.00 - $5.00/kg
31.04,-104.82,108208,9.94113204517433,smr-noCCSExisting,11.47637178455112,9267.996026604344,0.0,0.0,1000.0,Onsite,1141687.2105535597,H2LA_Station_Opt_Geotab_FCEV70kg_0To8000mi_70stations_5stDist,70,any,$2.00 - $5.00/kg
29.649,-98.112,108692,10.032117773512333,smr-noCCSExisting,11.524811341063325,9334.48110024864,0.0,0.0,1000.0,Onsite,1141687.2105535597,H2LA_Station_Opt_Geotab_FCEV70kg_0To8000mi_70stations_5stDist,70,any,$2.00 - $5.00/kg
29.649,-98.112,108692,10.032117773512333,smr-noCCSExisting,11.524811341063325,9334.48110024864,0.0,0.0,1000.0,Pipeline,1141687.2105535597,H2LA_Station_Opt_Geotab_FCEV70kg_0To8000mi_70stations_5stDist,70,any,$2.00 - $5.00/kg
30.035,-94.15,108840,9.995235102181676,smr-noCCSExisting,11.48476481654758,9300.916321797376,0.0,0.0,1000.0,Onsite,1141687.2105535597,H2LA_Station_Opt_Geotab_FCEV70kg_0To8000mi_70stations_5stDist,70,any,$2.00 - $5.00/kg
30.035,-94.15,108840,9.995235102181676,smr-noCCSExisting,11.48476481654758,9300.916321797376,0.0,0.0,1000.0,Pipeline,1141687.2105535597,H2LA_Station_Opt_Geotab_FCEV70kg_0To8000mi_70stations_5stDist,70,any,$2.00 - $5.00/kg
30.209,-95.526,109345,9.99829597763612,smr-noCCSExisting,11.485957151973988,9303.011285920931,0.0,0.0,1000.0,Onsite,1141687.2105535597,H2LA_Station_Opt_Geotab_FCEV70kg_0To8000mi_70stations_5stDist,70,any,$2.00 - $5.00/kg
27.948,-97.585,110091,10.00905264401642,smr-noCCSExisting,11.49831430791619,9313.01992165508,0.0,0.0,1000.0,Onsite,1141687.2105535597,H2LA_Station_Opt_Geotab_FCEV70kg_0To8000mi_70stations_5stDist,70,any,$2.00 - $5.00/kg
27.948,-97.585,110091,10.00905264401642,smr-noCCSExisting,11.49831430791619,9313.01992165508,0.0,0.0,1000.0,Pipeline,1141687.2105535597,H2LA_Station_Opt_Geotab_FCEV70kg_0To8000mi_70stations_5stDist,70,any,$2.00 - $5.00/kg
37.587,-122.364,11279,3.291885538650204,smr-noCCSExisting,10.0,11151.58089717859,0.0,0.0,3000.0,Onsite,1141687.2105535597,H2LA_Station_Opt_Geotab_FCEV70kg_0To8000mi_70stations_5stDist,70,any,$4.00 - $7.00/kg
37.587,-122.364,11279,3.291885538650204,smr-noCCSExisting,10.0,11151.58089717859,0.0,0.0,3000.0,Pipeline,1141687.2105535597,H2LA_Station_Opt_Geotab_FCEV70kg_0To8000mi_70stations_5stDist,70,any,$4.00 - $7.00/kg
37.705,-122.407,11323,2.43830899887962,smr-noCCSExisting,10.0,9100.234020954758,0.0,0.0,3000.0,Onsite,1141687.2105535597,H2LA_Station_Opt_Geotab_FCEV70kg_0To8000mi_70stations_5stDist,70,any,$4.00 - $7.00/kg
38.525,-121.463,11536,10.001579775344002,smr-noCCSExisting,11.48760684119054,27754.17091127345,0.0,0.0,3000.0,Onsite,1141687.2105535597,H2LA_Station_Opt_Geotab_FCEV70kg_0To8000mi_70stations_5stDist,70,any,$4.00 - $7.00/kg
38.525,-121.463,11536,10.001579775344002,smr-noCCSExisting,11.48760684119054,27754.17091127345,0.0,0.0,3000.0,Pipeline,1141687.2105535597,H2LA_Station_Opt_Geotab_FCEV70kg_0To8000mi_70stations_5stDist,70,any,$4.00 - $7.00/kg
34.796,-118.853,12389,9.997127441241132,smr-noCCSExisting,11.482167589608258,27741.0296260492,0.0,0.0,3000.0,Onsite,1141687.2105535597,H2LA_Station_Opt_Geotab_FCEV70kg_0To8000mi_70stations_5stDist,70,any,$4.00 - $7.00/kg
34.796,-118.853,12389,9.997127441241132,smr-noCCSExisting,11.482167589608258,27741.0296260492,0.0,0.0,3000.0,Pipeline,1141687.2105535597,H2LA_Station_Opt_Geotab_FCEV70kg_0To8000mi_70stations_5stDist,70,any,$4.00 - $7.00/kg
34.264,-118.438,12512,10.00550084965646,smr-noCCSExisting,11.5047320871509,27773.584081306624,0.0,0.0,3000.0,Onsite,1141687.2105535597,H2LA_Station_Opt_Geotab_FCEV70kg_0To8000mi_70stations_5stDist,70,any,$4.00 - $7.00/kg
34.264,-118.438,12512,10.00550084965646,smr-noCCSExisting,11.5047320871509,27773.584081306624,0.0,0.0,3000.0,Pipeline,1141687.2105535597,H2LA_Station_Opt_Geotab_FCEV70kg_0To8000mi_70stations_5stDist,70,any,$4.00 - $7.00/kg
33.81,-118.163,12555,9.999858039188997,smr-noCCSExisting,11.487751688546057,27754.52074201337,0.0,0.0,3000.0,Onsite,1141687.2105535597,H2LA_Station_Opt_Geotab_FCEV70kg_0To8000mi_70stations_5stDist,70,any,$4.00 - $7.00/kg
33.945,-118.291,12678,10.0314822510704,smr-noCCSExisting,11.481250231748378,27738.813280453294,0.0,0.0,3000.0,Onsite,1141687.2105535597,H2LA_Station_Opt_Geotab_FCEV70kg_0To8000mi_70stations_5stDist,70,any,$4.00 - $7.00/kg
33.945,-118.291,12678,10.0314822510704,smr-noCCSExisting,11.481250231748378,27738.813280453294,0.0,0.0,3000.0,Pipeline,1141687.2105535597,H2LA_Station_Opt_Geotab_FCEV70kg_0To8000mi_70stations_5stDist,70,any,$4.00 - $7.00/kg
33.902,-118.06,13548,10.005377197407729,smr-noCCSExisting,11.486849796717866,27752.34188439496,0.0,0.0,3000.0,Onsite,1141687.2105535597,H2LA_Station_Opt_Geotab_FCEV70kg_0To8000mi_70stations_5stDist,70,any,$4.00 - $7.00/kg
33.902,-118.06,13548,10.005377197407729,smr-noCCSExisting,11.486849796717866,27752.34188439496,0.0,0.0,3000.0,Pipeline,1141687.2105535597,H2LA_Station_Opt_Geotab_FCEV70kg_0To8000mi_70stations_5stDist,70,any,$4.00 - $7.00/kg
34.259,-118.537,14178,9.998281966486497,smr-noCCSExisting,11.484443709160589,27746.528753234103,0.0,0.0,3000.0,Onsite,1141687.2105535597,H2LA_Station_Opt_Geotab_FCEV70kg_0To8000mi_70stations_5stDist,70,any,$4.00 - $7.00/kg
37.812,-121.294,14201,10.009984068632145,smr-noCCSExisting,11.497674947484638,27778.49555492658,0.0,0.0,3000.0,Onsite,1141687.2105535597,H2LA_Station_Opt_Geotab_FCEV70kg_0To8000mi_70stations_5stDist,70,any,$4.00 - $7.00/kg
37.812,-121.294,14201,10.009984068632145,smr-noCCSExisting,11.497674947484638,27778.49555492658,0.0,0.0,3000.0,Pipeline,1141687.2105535597,H2LA_Station_Opt_Geotab_FCEV70kg_0To8000mi_70stations_5stDist,70,any,$4.00 - $7.00/kg
37.954,-121.271,14295,10.012316933721891,smr-noCCSExisting,11.487704339720612,27754.40646867932,0.0,0.0,3000.0,Onsite,1141687.2105535597,H2LA_Station_Opt_Geotab_FCEV70kg_0To8000mi_70stations_5stDist,70,any,$4.00 - $7.00/kg
37.954,-121.271,14295,10.012316933721891,smr-noCCSExisting,11.487704339720612,27754.40646867932,0.0,0.0,3000.0,Pipeline,1141687.2105535597,H2LA_Station_Opt_Geotab_FCEV70kg_0To8000mi_70stations_5stDist,70,any,$4.00 - $7.00/kg
34.058,-117.181,15834,10.01255615909597,smr-noCCSExisting,11.500738987201151,27785.898304963783,0.0,0.0,3000.0,Onsite,1141687.2105535597,H2LA_Station_Opt_Geotab_FCEV70kg_0To8000mi_70stations_5stDist,70,any,$4.00 - $7.00/kg
34.058,-117.181,15834,10.01255615909597,smr-noCCSExisting,11.500738987201151,27785.898304963783,0.0,0.0,3000.0,Pipeline,1141687.2105535597,H2LA_Station_Opt_Geotab_FCEV70kg_0To8000mi_70stations_5stDist,70,any,$4.00 - $7.00/kg
34.07,-117.37,15891,10.002411122779476,smr-noCCSExisting,11.486618056574336,27751.78199793301,0.0,0.0,3000.0,Onsite,1141687.2105535597,H2LA_Station_Opt_Geotab_FCEV70kg_0To8000mi_70stations_5stDist,70,any,$4.00 - $7.00/kg
34.07,-117.37,15891,10.002411122779476,smr-noCCSExisting,11.486618056574336,27751.78199793301,0.0,0.0,3000.0,Pipeline,1141687.2105535597,H2LA_Station_Opt_Geotab_FCEV70kg_0To8000mi_70stations_5stDist,70,any,$4.00 - $7.00/kg
34.091,-117.294,15955,10.0114263189134,smr-noCCSExisting,11.49482081755636,27771.599948998595,0.0,0.0,3000.0,Onsite,1141687.2105535597,H2LA_Station_Opt_Geotab_FCEV70kg_0To8000mi_70stations_5stDist,70,any,$4.00 - $7.00/kg
34.091,-117.294,15955,10.0114263189134,smr-noCCSExisting,11.49482081755636,27771.599948998595,0.0,0.0,3000.0,Pipeline,1141687.2105535597,H2LA_Station_Opt_Geotab_FCEV70kg_0To8000mi_70stations_5stDist,70,any,$4.00 - $7.00/kg
35.63,-120.692,16130,1.1492314064223224,smr-noCCSExisting,10.0,6002.274823607369,0.0,0.0,3000.0,Onsite,1141687.2105535597,H2LA_Station_Opt_Geotab_FCEV70kg_0To8000mi_70stations_5stDist,70,any,$4.00 - $7.00/kg
35.63,-120.692,16130,1.1492314064223224,smr-noCCSExisting,10.0,6002.274823607369,0.0,0.0,3000.0,Pipeline,1141687.2105535597,H2LA_Station_Opt_Geotab_FCEV70kg_0To8000mi_70stations_5stDist,70,any,$4.00 - $7.00/kg
32.849,-109.749,4231,9.94767769591116,smr-noCCS,11.427807297499593,16119.627234667274,92.56523910974671,0.0,2000.0,Onsite,1141687.2105535597,H2LA_Station_Opt_Geotab_FCEV70kg_0To8000mi_70stations_5stDist,70,any,$3.00 - $6.00/kg
34.257,-110.024,4395,1.1074802611894483,electrolyzerExisting,1.0,1301.490576577515,0.0,0.0,1500.0,Onsite,1141687.2105535597,H2LA_Station_Opt_Geotab_FCEV70kg_0To8000mi_70stations_5stDist,70,any,$2.50 - $5.50/kg
34.257,-110.024,4395,1.1074802611894483,smr-noCCSExisting,9.99999963434066,4635.109374711201,0.0,0.0,1500.0,Onsite,1141687.2105535597,H2LA_Station_Opt_Geotab_FCEV70kg_0To8000mi_70stations_5stDist,70,any,$2.50 - $5.50/kg
34.566,-111.866,4508,4.836807761160288,smr-noCCSExisting,10.0,9331.655186361051,0.0,0.0,1500.0,Onsite,1141687.2105535597,H2LA_Station_Opt_Geotab_FCEV70kg_0To8000mi_70stations_5stDist,70,any,$2.50 - $5.50/kg
31.974,-94.002,45870,10.005705284287762,smr-noCCSExisting,11.49446887447306,9309.905326132275,0.0,0.0,1000.0,Onsite,1141687.2105535597,H2LA_Station_Opt_Geotab_FCEV70kg_0To8000mi_70stations_5stDist,70,any,$2.00 - $5.00/kg
30.191,-93.571,46430,10.043651288775168,smr-noCCSExisting,11.538060940027997,9345.212568921745,0.0,0.0,1000.0,Onsite,1141687.2105535597,H2LA_Station_Opt_Geotab_FCEV70kg_0To8000mi_70stations_5stDist,70,any,$2.00 - $5.00/kg
33.474,-112.111,5256,9.99941946520956,smr-noCCS,11.487247797114906,16203.47172657176,93.04670715663076,0.0,2000.0,Onsite,1141687.2105535597,H2LA_Station_Opt_Geotab_FCEV70kg_0To8000mi_70stations_5stDist,70,any,$3.00 - $6.00/kg
33.399,-112.074,5475,9.9925566650023,smr-noCCSExisting,11.479363876796391,16303.9441343709,0.0,0.0,1500.0,Onsite,1141687.2105535597,H2LA_Station_Opt_Geotab_FCEV70kg_0To8000mi_70stations_5stDist,70,any,$2.50 - $5.50/kg
33.399,-112.074,5475,9.9925566650023,smr-noCCSExisting,11.479363876796391,16303.9441343709,0.0,0.0,1500.0,Pipeline,1141687.2105535597,H2LA_Station_Opt_Geotab_FCEV70kg_0To8000mi_70stations_5stDist,70,any,$2.50 - $5.50/kg
35.441,-119.25,5942,9.984610216015389,smr-noCCS,11.470235061563056,28819.44039341857,92.90890399866078,0.0,3500.0,Onsite,1141687.2105535597,H2LA_Station_Opt_Geotab_FCEV70kg_0To8000mi_70stations_5stDist,70,any,$4.50 - $7.50/kg
35.441,-119.25,5942,9.984610216015389,smr-noCCS,11.470235061563056,28819.44039341857,92.90890399866078,0.0,3500.0,Pipeline,1141687.2105535597,H2LA_Station_Opt_Geotab_FCEV70kg_0To8000mi_70stations_5stDist,70,any,$4.50 - $7.50/kg
38.564,-121.581,6449,10.019783458485872,smr-noCCSExisting,11.510641784707582,27809.823560962945,0.0,0.0,3000.0,Onsite,1141687.2105535597,H2LA_Station_Opt_Geotab_FCEV70kg_0To8000mi_70stations_5stDist,70,any,$4.00 - $7.00/kg
38.564,-121.581,6449,10.019783458485872,smr-noCCSExisting,11.510641784707582,27809.823560962945,0.0,0.0,3000.0,Pipeline,1141687.2105535597,H2LA_Station_Opt_Geotab_FCEV70kg_0To8000mi_70stations_5stDist,70,any,$4.00 - $7.00/kg
37.098,-120.217,7086,9.976248414236617,smr-noCCSExisting,11.453178968770588,27670.99283350108,0.0,0.0,3000.0,Onsite,1141687.2105535597,H2LA_Station_Opt_Geotab_FCEV70kg_0To8000mi_70stations_5stDist,70,any,$4.00 - $7.00/kg
37.098,-120.217,7086,9.976248414236617,smr-noCCSExisting,11.453178968770588,27670.99283350108,0.0,0.0,3000.0,Pipeline,1141687.2105535597,H2LA_Station_Opt_Geotab_FCEV70kg_0To8000mi_70stations_5stDist,70,any,$4.00 - $7.00/kg
37.074,-120.834,7148,9.976168366815497,smr-noCCSExisting,11.460537139640694,27688.77023838057,0.0,0.0,3000.0,Onsite,1141687.2105535597,H2LA_Station_Opt_Geotab_FCEV70kg_0To8000mi_70stations_5stDist,70,any,$4.00 - $7.00/kg
37.074,-120.834,7148,9.976168366815497,smr-noCCSExisting,11.460537139640694,27688.77023838057,0.0,0.0,3000.0,Pipeline,1141687.2105535597,H2LA_Station_Opt_Geotab_FCEV70kg_0To8000mi_70stations_5stDist,70,any,$4.00 - $7.00/kg
32.273,-107.714,71615,9.931175648413731,smr-noCCSExisting,11.408849889850384,14436.880357876658,0.0,0.0,1500.0,Onsite,1141687.2105535597,H2LA_Station_Opt_Geotab_FCEV70kg_0To8000mi_70stations_5stDist,70,any,$2.50 - $5.50/kg
35.176,-103.103,71633,2.9718375365280165,smr-noCCSExisting,10.0,6454.259266628151,0.0,0.0,1500.0,Onsite,1141687.2105535597,H2LA_Station_Opt_Geotab_FCEV70kg_0To8000mi_70stations_5stDist,70,any,$2.50 - $5.50/kg
32.296,-106.81,72089,9.99647124157459,smr-noCCSExisting,11.485992990630027,14532.490977714491,0.0,0.0,1500.0,Onsite,1141687.2105535597,H2LA_Station_Opt_Geotab_FCEV70kg_0To8000mi_70stations_5stDist,70,any,$2.50 - $5.50/kg
34.946,-104.637,72146,9.585094788400452,smr-noCCSExisting,11.479058592527029,14085.365565953753,0.0,0.0,1500.0,Onsite,1141687.2105535597,H2LA_Station_Opt_Geotab_FCEV70kg_0To8000mi_70stations_5stDist,70,any,$2.50 - $5.50/kg
38.054,-122.155,8266,9.973360824932154,smr-noCCSExisting,11.457311855818288,27680.977928647124,0.0,0.0,3000.0,Onsite,1141687.2105535597,H2LA_Station_Opt_Geotab_FCEV70kg_0To8000mi_70stations_5stDist,70,any,$4.00 - $7.00/kg
34.179,-118.857,9130,1.5394747516322609,smr-noCCSExisting,10.0,6940.12213685251,0.0,0.0,3000.0,Onsite,1141687.2105535597,H2LA_Station_Opt_Geotab_FCEV70kg_0To8000mi_70stations_5stDist,70,any,$4.00 - $7.00/kg
32.801,-115.57,9454,6.145768334687799,smr-noCCSExisting,10.0,18010.138136382513,0.0,0.0,3000.0,Onsite,1141687.2105535597,H2LA_Station_Opt_Geotab_FCEV70kg_0To8000mi_70stations_5stDist,70,any,$4.00 - $7.00/kg
32.801,-115.57,9454,6.145768334687799,smr-noCCSExisting,10.0,18010.138136382513,0.0,0.0,3000.0,Pipeline,1141687.2105535597,H2LA_Station_Opt_Geotab_FCEV70kg_0To8000mi_70stations_5stDist,70,any,$4.00 - $7.00/kg
31.051,-97.484,95509,10.03033995623631,smr-noCCSExisting,11.53290745606972,9336.112177445908,0.0,0.0,1000.0,Onsite,1141687.2105535597,H2LA_Station_Opt_Geotab_FCEV70kg_0To8000mi_70stations_5stDist,70,any,$2.00 - $5.00/kg
31.051,-97.484,95509,10.03033995623631,smr-noCCSExisting,11.53290745606972,9336.112177445908,0.0,0.0,1000.0,Pipeline,1141687.2105535597,H2LA_Station_Opt_Geotab_FCEV70kg_0To8000mi_70stations_5stDist,70,any,$2.00 - $5.00/kg
31.104,-97.511,95545,10.003007587462298,smr-noCCSExisting,11.48580650244515,9302.889267855871,0.0,0.0,1000.0,Onsite,1141687.2105535597,H2LA_Station_Opt_Geotab_FCEV70kg_0To8000mi_70stations_5stDist,70,any,$2.00 - $5.00/kg
33.152,-96.287,95977,7.611193566413761,smr-noCCSExisting,10.0,7489.0084254204285,0.0,0.0,1000.0,Onsite,1141687.2105535597,H2LA_Station_Opt_Geotab_FCEV70kg_0To8000mi_70stations_5stDist,70,any,$2.00 - $5.00/kg
27.432,-99.479,96222,1.2633400530119234,smr-noCCSExisting,10.0,3945.602401057007,0.0,0.0,1000.0,Onsite,1141687.2105535597,H2LA_Station_Opt_Geotab_FCEV70kg_0To8000mi_70stations_5stDist,70,any,$2.00 - $5.00/kg
29.511,-98.309,96543,10.007406117522052,smr-noCCSExisting,11.496422792787698,9311.487895516117,0.0,0.0,1000.0,Onsite,1141687.2105535597,H2LA_Station_Opt_Geotab_FCEV70kg_0To8000mi_70stations_5stDist,70,any,$2.00 - $5.00/kg
29.511,-98.309,96543,10.007406117522052,smr-noCCSExisting,11.496422792787698,9311.487895516117,0.0,0.0,1000.0,Pipeline,1141687.2105535597,H2LA_Station_Opt_Geotab_FCEV70kg_0To8000mi_70stations_5stDist,70,any,$2.00 - $5.00/kg
29.497,-98.399,96569,9.999099722989792,smr-noCCSExisting,11.486880490088303,9303.75914043445,0.0,0.0,1000.0,Onsite,1141687.2105535597,H2LA_Station_Opt_Geotab_FCEV70kg_0To8000mi_70stations_5stDist,70,any,$2.00 - $5.00/kg
29.497,-98.399,96569,9.999099722989792,smr-noCCSExisting,11.486880490088303,9303.75914043445,0.0,0.0,1000.0,Pipeline,1141687.2105535597,H2LA_Station_Opt_Geotab_FCEV70kg_0To8000mi_70stations_5stDist,70,any,$2.00 - $5.00/kg
29.53,-98.562,97041,10.010961576098442,smr-noCCSExisting,11.518437583378338,9320.606244783576,0.0,0.0,1000.0,Onsite,1141687.2105535597,H2LA_Station_Opt_Geotab_FCEV70kg_0To8000mi_70stations_5stDist,70,any,$2.00 - $5.00/kg
29.972,-96.502,98319,10.017282718438828,smr-noCCS,11.507768953685552,8648.61367053165,93.21292852485296,0.0,1000.0,Onsite,1141687.2105535597,H2LA_Station_Opt_Geotab_FCEV70kg_0To8000mi_70stations_5stDist,70,any,$2.00 - $5.00/kg
29.972,-96.502,98319,10.017282718438828,smr-noCCS,11.507768953685552,8648.61367053165,93.21292852485296,0.0,1000.0,Pipeline,1141687.2105535597,H2LA_Station_Opt_Geotab_FCEV70kg_0To8000mi_70stations_5stDist,70,any,$2.00 - $5.00/kg
30.744,-98.233,98497,10.0285717787179,smr-noCCSExisting,11.52073773248092,9331.181696858886,0.0,0.0,1000.0,Onsite,1141687.2105535597,H2LA_Station_Opt_Geotab_FCEV70kg_0To8000mi_70stations_5stDist,70,any,$2.00 - $5.00/kg
32.856,-96.768,99018,10.002404560557531,smr-noCCSExisting,11.507589896183315,9312.314588947607,0.0,0.0,1000.0,Onsite,1141687.2105535597,H2LA_Station_Opt_Geotab_FCEV70kg_0To8000mi_70stations_5stDist,70,any,$2.00 - $5.00/kg
32.648,-96.883,99189,9.998803376850177,smr-noCCSExisting,11.486540045277676,9303.48339833707,0.0,0.0,1000.0,Onsite,1141687.2105535597,H2LA_Station_Opt_Geotab_FCEV70kg_0To8000mi_70stations_5stDist,70,any,$2.00 - $5.00/kg
32.648,-96.883,99189,9.998803376850177,smr-noCCSExisting,11.486540045277676,9303.48339833707,0.0,0.0,1000.0,Pipeline,1141687.2105535597,H2LA_Station_Opt_Geotab_FCEV70kg_0To8000mi_70stations_5stDist,70,any,$2.00 - $5.00/kg
32.793,-96.684,99467,10.008387679708012,smr-noCCSExisting,11.519096826899348,9319.38310316966,0.0,0.0,1000.0,Onsite,1141687.2105535597,H2LA_Station_Opt_Geotab_FCEV70kg_0To8000mi_70stations_5stDist,70,any,$2.00 - $5.00/kg
32.793,-96.684,99467,10.008387679708012,smr-noCCSExisting,11.519096826899348,9319.38310316966,0.0,0.0,1000.0,Pipeline,1141687.2105535597,H2LA_Station_Opt_Geotab_FCEV70kg_0To8000mi_70stations_5stDist,70,any,$2.00 - $5.00/kg
32.736,-101.95,99923,1.0315570584252567,smr-noCCSExisting,10.0,3816.219884851864,0.0,0.0,1000.0,Onsite,1141687.2105535597,H2LA_Station_Opt_Geotab_FCEV70kg_0To8000mi_70stations_5stDist,70,any,$2.00 - $5.00/kg
32.319,-102.547,104234,1.4284819583710595,electrolyzerExisting,1.5751327184748618,7188.1162400077765,0.0,0.0,1000.0,Onsite,2274438.429606086,H2LA_Station_Opt_Geotab_FCEV70kg_0To8000mi_70stations_5stDist,70,low_carbon,$2.00 - $5.00/kg
26.325,-98.371,104950,0.8883228497076932,electrolyzer,1.0,4262.127902295799,3.438114561040209,0.0,4000.0,Onsite,2274438.429606086,H2LA_Station_Opt_Geotab_FCEV70kg_0To8000mi_70stations_5stDist,70,low_carbon,$5.00 - $8.00/kg
30.7,-101.207,107617,9.895289862397206,electrolyzerExisting,1.0,1663.7123249111396,0.0,0.0,1000.0,Onsite,2274438.429606086,H2LA_Station_Opt_Geotab_FCEV70kg_0To8000mi_70stations_5stDist,70,low_carbon,$2.00 - $5.00/kg
34.257,-110.024,4395,1.1074802611894483,electrolyzerExisting,2.0000000114457865,7498.996297195872,0.0,0.0,1500.0,Onsite,2274438.429606086,H2LA_Station_Opt_Geotab_FCEV70kg_0To8000mi_70stations_5stDist,70,low_carbon,$2.50 - $5.50/kg
34.566,-111.866,4508,4.836807761160288,electrolyzerExisting,5.333363944512051,28324.17261142671,0.0,0.0,1500.0,Onsite,2274438.429606086,H2LA_Station_Opt_Geotab_FCEV70kg_0To8000mi_70stations_5stDist,70,low_carbon,$2.50 - $5.50/kg
32.273,-107.714,71615,9.931175648413731,electrolyzerExisting,10.950729640462653,45679.60835807531,0.0,0.0,1500.0,Onsite,2274438.429606086,H2LA_Station_Opt_Geotab_FCEV70kg_0To8000mi_70stations_5stDist,70,low_carbon,$2.50 - $5.50/kg
35.176,-103.103,71633,2.9718375365280165,electrolyzerExisting,3.2769322141687818,13669.315659670176,0.0,0.0,1500.0,Onsite,2274438.429606086,H2LA_Station_Opt_Geotab_FCEV70kg_0To8000mi_70stations_5stDist,70,low_carbon,$2.50 - $5.50/kg
32.296,-106.81,72089,9.99647124157459,electrolyzerExisting,11.024775078565986,45982.60656953502,0.0,0.0,1500.0,Onsite,2274438.429606086,H2LA_Station_Opt_Geotab_FCEV70kg_0To8000mi_70stations_5stDist,70,low_carbon,$2.50 - $5.50/kg
34.946,-104.637,72146,9.585094788400452,electrolyzerExisting,11.018119132076752,44672.13768194342,0.0,0.0,1500.0,Onsite,2274438.429606086,H2LA_Station_Opt_Geotab_FCEV70kg_0To8000mi_70stations_5stDist,70,low_carbon,$2.50 - $5.50/kg
27.432,-99.479,96222,1.2633400530119234,electrolyzerExisting,1.3930370238238492,6357.122759519467,0.0,0.0,1000.0,Onsite,2274438.429606086,H2LA_Station_Opt_Geotab_FCEV70kg_0To8000mi_70stations_5stDist,70,low_carbon,$2.00 - $5.00/kg
32.736,-101.95,99923,1.0315570584252567,electrolyzerExisting,1.1374587318309048,5190.79153566758,0.0,0.0,1000.0,Onsite,2274438.429606086,H2LA_Station_Opt_Geotab_FCEV70kg_0To8000mi_70stations_5stDist,70,low_carbon,$2.00 - $5.00/kg
37.64275382,-121.8775366,alamedaCA,,smr-CCSExisting,21.48770433337546,53893.881150506975,0.0,0.0,,Onsite,2274438.429606086,H2LA_Station_Opt_Geotab_FCEV70kg_0To8000mi_70stations_5stDist,70,low_carbon,
37.64275382,-121.8775366,alamedaCA,,smr-CCSExisting,21.48770433337546,53893.881150506975,0.0,0.0,,Pipeline,2274438.429606086,H2LA_Station_Opt_Geotab_FCEV70kg_0To8000mi_70stations_5stDist,70,low_carbon,
29.84087424,-97.63039017,caldwellTX,,smr-CCSExisting,103.66922127979402,112717.91407509804,0.0,0.0,,Onsite,2274438.429606086,H2LA_Station_Opt_Geotab_FCEV70kg_0To8000mi_70stations_5stDist,70,low_carbon,
29.84087424,-97.63039017,caldwellTX,,smr-CCSExisting,103.66922127979402,112717.91407509804,0.0,0.0,,Pipeline,2274438.429606086,H2LA_Station_Opt_Geotab_FCEV70kg_0To8000mi_70stations_5stDist,70,low_carbon,
31.89035773,-109.7507191,cochiseAZ,,smr-CCS,11.42780729702315,19700.15265812826,9.256523910589058,83.30871519530155,,Onsite,2274438.429606086,H2LA_Station_Opt_Geotab_FCEV70kg_0To8000mi_70stations_5stDist,70,low_carbon,
31.89035773,-109.7507191,cochiseAZ,,smr-CCS,11.42780729702315,19700.15265812826,9.256523910589058,83.30871519530155,,Pipeline,2274438.429606086,H2LA_Station_Opt_Geotab_FCEV70kg_0To8000mi_70stations_5stDist,70,low_carbon,
32.77382278,-96.77460664,dallasTX,,smr-CCSExisting,100.81714719483884,109629.7810616144,0.0,0.0,,Onsite,2274438.429606086,H2LA_Station_Opt_Geotab_FCEV70kg_0To8000mi_70stations_5stDist,70,low_carbon,
32.77382278,-96.77460664,dallasTX,,smr-CCSExisting,100.81714719483884,109629.7810616144,0.0,0.0,,Pipeline,2274438.429606086,H2LA_Station_Opt_Geotab_FCEV70kg_0To8000mi_70stations_5stDist,70,low_carbon,
36.7542967,-119.641139,fresnoCA,,smr-CCSExisting,24.535741516050813,71014.41212127166,0.0,0.0,,Pipeline,2274438.429606086,H2LA_Station_Opt_Geotab_FCEV70kg_0To8000mi_70stations_5stDist,70,low_carbon,
36.7542967,-119.641139,fresnoCA,,smr-CCSExisting,24.535741516050813,71014.41212127166,0.0,0.0,,Onsite,2274438.429606086,H2LA_Station_Opt_Geotab_FCEV70kg_0To8000mi_70stations_5stDist,70,low_carbon,
30.7171973,-104.1414386,jeffDavisTX,,smr-CCSExisting,11.476371781674592,12446.843899950176,0.0,0.0,,Onsite,2274438.429606086,H2LA_Station_Opt_Geotab_FCEV70kg_0To8000mi_70stations_5stDist,70,low_carbon,
30.7171973,-104.1414386,jeffDavisTX,,smr-CCSExisting,11.476371781674592,12446.843899950176,0.0,0.0,,Pipeline,2274438.429606086,H2LA_Station_Opt_Geotab_FCEV70kg_0To8000mi_70stations_5stDist,70,low_carbon,
33.73341025,-113.9782551,laPazAZ,,smr-CCSExisting,13.44086021505377,20012.587942305105,0.0,0.0,,Onsite,2274438.429606086,H2LA_Station_Opt_Geotab_FCEV70kg_0To8000mi_70stations_5stDist,70,low_carbon,
33.73341025,-113.9782551,laPazAZ,,smr-CCSExisting,13.44086021505377,20012.587942305105,0.0,0.0,,Pipeline,2274438.429606086,H2LA_Station_Opt_Geotab_FCEV70kg_0To8000mi_70stations_5stDist,70,low_carbon,
30.15482974,-94.81749325,libertyTX,,smr-CCS,11.543153291766806,11539.401118410597,9.349954166331315,84.14958749698187,,Onsite,2274438.429606086,H2LA_Station_Opt_Geotab_FCEV70kg_0To8000mi_70stations_5stDist,70,low_carbon,
30.15482974,-94.81749325,libertyTX,,smr-CCS,11.543153291766806,11539.401118410597,9.349954166331315,84.14958749698187,,Pipeline,2274438.429606086,H2LA_Station_Opt_Geotab_FCEV70kg_0To8000mi_70stations_5stDist,70,low_carbon,
30.15482974,-94.81749325,libertyTX,,smr-CCSExisting,172.64352820847992,187749.11853466468,0.0,0.0,,Onsite,2274438.429606086,H2LA_Station_Opt_Geotab_FCEV70kg_0To8000mi_70stations_5stDist,70,low_carbon,
30.15482974,-94.81749325,libertyTX,,smr-CCSExisting,172.64352820847992,187749.11853466468,0.0,0.0,,Pipeline,2274438.429606086,H2LA_Station_Opt_Geotab_FCEV70kg_0To8000mi_70stations_5stDist,70,low_carbon,
34.32209948,-118.2225598,losAngelesCA,,smr-CCS,11.472424306359065,34870.26559838474,9.29266368815084,83.63397319335759,,Onsite,2274438.429606086,H2LA_Station_Opt_Geotab_FCEV70kg_0To8000mi_70stations_5stDist,70,low_carbon,
34.32209948,-118.2225598,losAngelesCA,,smr-CCS,11.472424306359065,34870.26559838474,9.29266368815084,83.63397319335759,,Pipeline,2274438.429606086,H2LA_Station_Opt_Geotab_FCEV70kg_0To8000mi_70stations_5stDist,70,low_carbon,
34.32209948,-118.2225598,losAngelesCA,,smr-CCSExisting,103.45704204028804,299438.31188026315,0.0,0.0,,Onsite,2274438.429606086,H2LA_Station_Opt_Geotab_FCEV70kg_0To8000mi_70stations_5stDist,70,low_carbon,
34.32209948,-118.2225598,losAngelesCA,,smr-CCSExisting,103.45704204028804,299438.31188026315,0.0,0.0,,Pipeline,2274438.429606086,H2LA_Station_Opt_Geotab_FCEV70kg_0To8000mi_70stations_5stDist,70,low_carbon,
31.62004685,-94.61748025,nacogdochesTX,,smr-CCSExisting,11.496941604305636,12502.876154416015,0.0,0.0,,Onsite,2274438.429606086,H2LA_Station_Opt_Geotab_FCEV70kg_0To8000mi_70stations_5stDist,70,low_carbon,
31.62004685,-94.61748025,nacogdochesTX,,smr-CCSExisting,11.496941604305636,12502.876154416015,0.0,0.0,,Pipeline,2274438.429606086,H2LA_Station_Opt_Geotab_FCEV70kg_0To8000mi_70stations_5stDist,70,low_carbon,
32.91428377,-111.3483757,pinalAZ,,smr-CCS,11.487247795831706,19802.620863110045,9.30467071462398,83.74203643161586,,Onsite,2274438.429606086,H2LA_Station_Opt_Geotab_FCEV70kg_0To8000mi_70stations_5stDist,70,low_carbon,
32.91428377,-111.3483757,pinalAZ,,smr-CCS,11.487247795831706,19802.620863110045,9.30467071462398,83.74203643161586,,Pipeline,2274438.429606086,H2LA_Station_Opt_Geotab_FCEV70kg_0To8000mi_70stations_5stDist,70,low_carbon,
32.91428377,-111.3483757,pinalAZ,,smr-CCSExisting,11.479363873935071,19956.839207564124,0.0,0.0,,Onsite,2274438.429606086,H2LA_Station_Opt_Geotab_FCEV70kg_0To8000mi_70stations_5stDist,70,low_carbon,
32.91428377,-111.3483757,pinalAZ,,smr-CCSExisting,11.479363873935071,19956.839207564124,0.0,0.0,,Pipeline,2274438.429606086,H2LA_Station_Opt_Geotab_FCEV70kg_0To8000mi_70stations_5stDist,70,low_carbon,
28.00346828,-97.51134264,sanPatricioTX,,smr-CCSExisting,22.985901033886577,24997.07172696531,0.0,0.0,,Onsite,2274438.429606086,H2LA_Station_Opt_Geotab_FCEV70kg_0To8000mi_70stations_5stDist,70,low_carbon,
28.00346828,-97.51134264,sanPatricioTX,,smr-CCSExisting,22.985901033886577,24997.07172696531,0.0,0.0,,Pipeline,2274438.429606086,H2LA_Station_Opt_Geotab_FCEV70kg_0To8000mi_70stations_5stDist,70,low_carbon,
30.89254422,-100.5366337,schleicherTX,,smr-CCSExisting,11.367624600662104,12362.24445106335,0.0,0.0,,Onsite,2274438.429606086,H2LA_Station_Opt_Geotab_FCEV70kg_0To8000mi_70stations_5stDist,70,low_carbon,
30.89254422,-100.5366337,schleicherTX,,smr-CCSExisting,11.367624600662104,12362.24445106335,0.0,0.0,,Pipeline,2274438.429606086,H2LA_Station_Opt_Geotab_FCEV70kg_0To8000mi_70stations_5stDist,70,low_carbon,
39.03361022,-121.6882005,sutterCA,,smr-CCSExisting,48.96517025093622,134588.19706280838,0.0,0.0,,Onsite,2274438.429606086,H2LA_Station_Opt_Geotab_FCEV70kg_0To8000mi_70stations_5stDist,70,low_carbon,
39.03361022,-121.6882005,sutterCA,,smr-CCSExisting,48.96517025093622,134588.19706280838,0.0,0.0,,Pipeline,2274438.429606086,H2LA_Station_Opt_Geotab_FCEV70kg_0To8000mi_70stations_5stDist,70,low_carbon,
33.01,-97.036,100175,10.03025818839341,electrolyzerExisting,11.059984191575916,50472.22437145762,0.0,0.0,1000.0,Onsite,4189145.1445583305,H2LA_Station_Opt_Geotab_FCEV70kg_0To8000mi_70stations_5stDist,70,electrolysis,$2.00 - $5.00/kg
33.01,-97.036,100175,10.03025818839341,electrolyzerExisting,11.059984191575916,50472.22437145762,0.0,0.0,1000.0,Pipeline,4189145.1445583305,H2LA_Station_Opt_Geotab_FCEV70kg_0To8000mi_70stations_5stDist,70,electrolysis,$2.00 - $5.00/kg
33.235,-97.016,100178,10.040713562152286,electrolyzerExisting,11.071512937293024,50524.83578847394,0.0,0.0,1000.0,Onsite,4189145.1445583305,H2LA_Station_Opt_Geotab_FCEV70kg_0To8000mi_70stations_5stDist,70,electrolysis,$2.00 - $5.00/kg
29.967,-95.703,100458,10.016284293150113,electrolyzerExisting,11.058184230886434,50419.61914237871,0.0,0.0,1000.0,Onsite,4189145.1445583305,H2LA_Station_Opt_Geotab_FCEV70kg_0To8000mi_70stations_5stDist,70,electrolysis,$2.00 - $5.00/kg
29.967,-95.703,100458,10.016284293150113,electrolyzerExisting,11.058184230886434,50419.61914237871,0.0,0.0,1000.0,Pipeline,4189145.1445583305,H2LA_Station_Opt_Geotab_FCEV70kg_0To8000mi_70stations_5stDist,70,electrolysis,$2.00 - $5.00/kg
29.779,-95.124,100467,9.997597252927168,electrolyzerExisting,11.02397022032924,50307.87465759296,0.0,0.0,1000.0,Onsite,4189145.1445583305,H2LA_Station_Opt_Geotab_FCEV70kg_0To8000mi_70stations_5stDist,70,electrolysis,$2.00 - $5.00/kg
29.779,-95.124,100467,9.997597252927168,electrolyzerExisting,11.02397022032924,50307.87465759296,0.0,0.0,1000.0,Pipeline,4189145.1445583305,H2LA_Station_Opt_Geotab_FCEV70kg_0To8000mi_70stations_5stDist,70,electrolysis,$2.00 - $5.00/kg
29.816,-95.809,100639,10.04444798819929,electrolyzerExisting,11.07563074408975,50543.62739477401,0.0,0.0,1000.0,Onsite,4189145.1445583305,H2LA_Station_Opt_Geotab_FCEV70kg_0To8000mi_70stations_5stDist,70,electrolysis,$2.00 - $5.00/kg
29.816,-95.809,100639,10.04444798819929,electrolyzerExisting,11.07563074408975,50543.62739477401,0.0,0.0,1000.0,Pipeline,4189145.1445583305,H2LA_Station_Opt_Geotab_FCEV70kg_0To8000mi_70stations_5stDist,70,electrolysis,$2.00 - $5.00/kg
29.93,-95.314,100920,10.005261713680309,electrolyzerExisting,11.032421529674629,50346.4421974848,0.0,0.0,1000.0,Onsite,4189145.1445583305,H2LA_Station_Opt_Geotab_FCEV70kg_0To8000mi_70stations_5stDist,70,electrolysis,$2.00 - $5.00/kg
29.93,-95.314,100920,10.005261713680309,electrolyzerExisting,11.032421529674629,50346.4421974848,0.0,0.0,1000.0,Pipeline,4189145.1445583305,H2LA_Station_Opt_Geotab_FCEV70kg_0To8000mi_70stations_5stDist,70,electrolysis,$2.00 - $5.00/kg
29.804,-94.981,100951,9.989644366841086,electrolyzerExisting,11.018645419337217,50272.33880394193,0.0,0.0,1000.0,Onsite,4189145.1445583305,H2LA_Station_Opt_Geotab_FCEV70kg_0To8000mi_70stations_5stDist,70,electrolysis,$2.00 - $5.00/kg
29.804,-94.981,100951,9.989644366841086,electrolyzerExisting,11.018645419337217,50272.33880394193,0.0,0.0,1000.0,Pipeline,4189145.1445583305,H2LA_Station_Opt_Geotab_FCEV70kg_0To8000mi_70stations_5stDist,70,electrolysis,$2.00 - $5.00/kg
29.931,-95.508,101402,10.028412797312072,electrolyzerExisting,11.064237876431909,50471.122829059495,0.0,0.0,1000.0,Onsite,4189145.1445583305,H2LA_Station_Opt_Geotab_FCEV70kg_0To8000mi_70stations_5stDist,70,electrolysis,$2.00 - $5.00/kg
29.931,-95.508,101402,10.028412797312072,electrolyzerExisting,11.064237876431909,50471.122829059495,0.0,0.0,1000.0,Pipeline,4189145.1445583305,H2LA_Station_Opt_Geotab_FCEV70kg_0To8000mi_70stations_5stDist,70,electrolysis,$2.00 - $5.00/kg
29.604,-95.266,101649,9.97477162007258,electrolyzerExisting,10.998801263180043,50193.01615233395,0.0,0.0,1000.0,Onsite,4189145.1445583305,H2LA_Station_Opt_Geotab_FCEV70kg_0To8000mi_70stations_5stDist,70,electrolysis,$2.00 - $5.00/kg
29.604,-95.266,101649,9.97477162007258,electrolyzerExisting,10.998801263180043,50193.01615233395,0.0,0.0,1000.0,Pipeline,4189145.1445583305,H2LA_Station_Opt_Geotab_FCEV70kg_0To8000mi_70stations_5stDist,70,electrolysis,$2.00 - $5.00/kg
29.813,-95.292,101729,9.99957394006487,electrolyzerExisting,11.026614519137803,50318.426116765135,0.0,0.0,1000.0,Onsite,4189145.1445583305,H2LA_Station_Opt_Geotab_FCEV70kg_0To8000mi_70stations_5stDist,70,electrolysis,$2.00 - $5.00/kg
29.813,-95.292,101729,9.99957394006487,electrolyzerExisting,11.026614519137803,50318.426116765135,0.0,0.0,1000.0,Pipeline,4189145.1445583305,H2LA_Station_Opt_Geotab_FCEV70kg_0To8000mi_70stations_5stDist,70,electrolysis,$2.00 - $5.00/kg
27.799,-97.659,102754,9.999714482505958,electrolyzerExisting,11.026419788605606,50318.67819037718,0.0,0.0,1000.0,Onsite,4189145.1445583305,H2LA_Station_Opt_Geotab_FCEV70kg_0To8000mi_70stations_5stDist,70,electrolysis,$2.00 - $5.00/kg
30.022,-93.845,102997,9.999190247447938,electrolyzerExisting,11.02572675479665,50315.8906004934,0.0,0.0,1000.0,Onsite,4189145.1445583305,H2LA_Station_Opt_Geotab_FCEV70kg_0To8000mi_70stations_5stDist,70,electrolysis,$2.00 - $5.00/kg
30.022,-93.845,102997,9.999190247447938,electrolyzerExisting,11.02572675479665,50315.8906004934,0.0,0.0,1000.0,Pipeline,4189145.1445583305,H2LA_Station_Opt_Geotab_FCEV70kg_0To8000mi_70stations_5stDist,70,electrolysis,$2.00 - $5.00/kg
30.376,-97.726,103539,9.998904099331796,electrolyzerExisting,11.025411230151992,50314.45070416193,0.0,0.0,1000.0,Onsite,4189145.1445583305,H2LA_Station_Opt_Geotab_FCEV70kg_0To8000mi_70stations_5stDist,70,electrolysis,$2.00 - $5.00/kg
30.376,-97.726,103539,9.998904099331796,electrolyzerExisting,11.025411230151992,50314.45070416193,0.0,0.0,1000.0,Pipeline,4189145.1445583305,H2LA_Station_Opt_Geotab_FCEV70kg_0To8000mi_70stations_5stDist,70,electrolysis,$2.00 - $5.00/kg
29.78,-95.882,104122,9.999898750948573,electrolyzerExisting,11.026507994660768,50319.45578765652,0.0,0.0,1000.0,Onsite,4189145.1445583305,H2LA_Station_Opt_Geotab_FCEV70kg_0To8000mi_70stations_5stDist,70,electrolysis,$2.00 - $5.00/kg
29.78,-95.882,104122,9.999898750948573,electrolyzerExisting,11.026507994660768,50319.45578765652,0.0,0.0,1000.0,Pipeline,4189145.1445583305,H2LA_Station_Opt_Geotab_FCEV70kg_0To8000mi_70stations_5stDist,70,electrolysis,$2.00 - $5.00/kg
32.319,-102.547,104234,1.4284819583710595,electrolyzerExisting,1.5751327205467234,7188.116249452373,0.0,0.0,1000.0,Onsite,4189145.1445583305,H2LA_Station_Opt_Geotab_FCEV70kg_0To8000mi_70stations_5stDist,70,electrolysis,$2.00 - $5.00/kg
26.325,-98.371,104950,0.8883228497076932,electrolyzer,1.0000000000124865,4262.127902305259,3.438114561036054,0.0,4000.0,Onsite,4189145.1445583305,H2LA_Station_Opt_Geotab_FCEV70kg_0To8000mi_70stations_5stDist,70,electrolysis,$5.00 - $8.00/kg
32.456,-97.385,105358,10.004513570666202,electrolyzerExisting,11.062257484534529,50382.58242166389,0.0,0.0,1000.0,Onsite,4189145.1445583305,H2LA_Station_Opt_Geotab_FCEV70kg_0To8000mi_70stations_5stDist,70,electrolysis,$2.00 - $5.00/kg
32.731,-97.276,106176,10.002940011782284,electrolyzerExisting,11.03978178592687,50347.67058982844,0.0,0.0,1000.0,Onsite,4189145.1445583305,H2LA_Station_Opt_Geotab_FCEV70kg_0To8000mi_70stations_5stDist,70,electrolysis,$2.00 - $5.00/kg
32.731,-97.276,106176,10.002940011782284,electrolyzerExisting,11.03978178592687,50347.67058982844,0.0,0.0,1000.0,Pipeline,4189145.1445583305,H2LA_Station_Opt_Geotab_FCEV70kg_0To8000mi_70stations_5stDist,70,electrolysis,$2.00 - $5.00/kg
32.713,-97.068,106428,10.024635704681492,electrolyzerExisting,11.053784495182608,50443.93206452159,0.0,0.0,1000.0,Onsite,4189145.1445583305,H2LA_Station_Opt_Geotab_FCEV70kg_0To8000mi_70stations_5stDist,70,electrolysis,$2.00 - $5.00/kg
32.713,-97.068,106428,10.024635704681492,electrolyzerExisting,11.053784495182608,50443.93206452159,0.0,0.0,1000.0,Pipeline,4189145.1445583305,H2LA_Station_Opt_Geotab_FCEV70kg_0To8000mi_70stations_5stDist,70,electrolysis,$2.00 - $5.00/kg
29.064,-95.427,107230,10.020352398350225,electrolyzerExisting,11.049061453679789,50422.37847038812,0.0,0.0,1000.0,Onsite,4189145.1445583305,H2LA_Station_Opt_Geotab_FCEV70kg_0To8000mi_70stations_5stDist,70,electrolysis,$2.00 - $5.00/kg
29.69,-96.775,107599,9.998560969017948,electrolyzerExisting,11.025032873671874,50312.7240748211,0.0,0.0,1000.0,Onsite,4189145.1445583305,H2LA_Station_Opt_Geotab_FCEV70kg_0To8000mi_70stations_5stDist,70,electrolysis,$2.00 - $5.00/kg
30.7,-101.207,107617,9.895289862397206,electrolyzerExisting,10.911159752174928,49793.06422373287,0.0,0.0,1000.0,Onsite,4189145.1445583305,H2LA_Station_Opt_Geotab_FCEV70kg_0To8000mi_70stations_5stDist,70,electrolysis,$2.00 - $5.00/kg
31.507,-97.146,107884,10.032639804592272,electrolyzerExisting,11.062610309169424,50484.20865589279,0.0,0.0,1000.0,Onsite,4189145.1445583305,H2LA_Station_Opt_Geotab_FCEV70kg_0To8000mi_70stations_5stDist,70,electrolysis,$2.00 - $5.00/kg
31.04,-104.82,108208,9.94113204517433,electrolyzerExisting,11.015540213009547,50093.80380743545,0.0,0.0,1000.0,Onsite,4189145.1445583305,H2LA_Station_Opt_Geotab_FCEV70kg_0To8000mi_70stations_5stDist,70,electrolysis,$2.00 - $5.00/kg
29.649,-98.112,108692,10.032117773512333,electrolyzerExisting,11.062034689261353,50481.581815139085,0.0,0.0,1000.0,Onsite,4189145.1445583305,H2LA_Station_Opt_Geotab_FCEV70kg_0To8000mi_70stations_5stDist,70,electrolysis,$2.00 - $5.00/kg
29.649,-98.112,108692,10.032117773512333,electrolyzerExisting,11.062034689261353,50481.581815139085,0.0,0.0,1000.0,Pipeline,4189145.1445583305,H2LA_Station_Opt_Geotab_FCEV70kg_0To8000mi_70stations_5stDist,70,electrolysis,$2.00 - $5.00/kg
30.035,-94.15,108840,9.995235102181676,electrolyzerExisting,11.02359620759738,50298.89148175095,0.0,0.0,1000.0,Onsite,4189145.1445583305,H2LA_Station_Opt_Geotab_FCEV70kg_0To8000mi_70stations_5stDist,70,electrolysis,$2.00 - $5.00/kg
30.035,-94.15,108840,9.995235102181676,electrolyzerExisting,11.02359620759738,50298.89148175095,0.0,0.0,1000.0,Pipeline,4189145.1445583305,H2LA_Station_Opt_Geotab_FCEV70kg_0To8000mi_70stations_5stDist,70,electrolysis,$2.00 - $5.00/kg
30.209,-95.526,109345,9.99829597763612,electrolyzerExisting,11.024740677487632,50311.39063789563,0.0,0.0,1000.0,Onsite,4189145.1445583305,H2LA_Station_Opt_Geotab_FCEV70kg_0To8000mi_70stations_5stDist,70,electrolysis,$2.00 - $5.00/kg
27.948,-97.585,110091,10.00905264401642,electrolyzerExisting,11.036601647248393,50365.51815892686,0.0,0.0,1000.0,Onsite,4189145.1445583305,H2LA_Station_Opt_Geotab_FCEV70kg_0To8000mi_70stations_5stDist,70,electrolysis,$2.00 - $5.00/kg
27.948,-97.585,110091,10.00905264401642,electrolyzerExisting,11.036601647248393,50365.51815892686,0.0,0.0,1000.0,Pipeline,4189145.1445583305,H2LA_Station_Opt_Geotab_FCEV70kg_0To8000mi_70stations_5stDist,70,electrolysis,$2.00 - $5.00/kg
37.587,-122.364,11279,3.291885538650204,electrolyzerExisting,3.629836971147008,37991.24900988934,0.0,0.0,3000.0,Onsite,4189145.1445583305,H2LA_Station_Opt_Geotab_FCEV70kg_0To8000mi_70stations_5stDist,70,electrolysis,$4.00 - $7.00/kg
37.587,-122.364,11279,3.291885538650204,electrolyzerExisting,3.629836971147008,37991.24900988934,0.0,0.0,3000.0,Pipeline,4189145.1445583305,H2LA_Station_Opt_Geotab_FCEV70kg_0To8000mi_70stations_5stDist,70,electrolysis,$4.00 - $7.00/kg
37.705,-122.407,11323,2.43830899887962,electrolyzerExisting,2.688630592416012,28140.22644295648,0.0,0.0,3000.0,Onsite,4189145.1445583305,H2LA_Station_Opt_Geotab_FCEV70kg_0To8000mi_70stations_5stDist,70,electrolysis,$4.00 - $7.00/kg
38.525,-121.463,11536,10.001579775344002,electrolyzerExisting,11.026324127197183,14350.656945836425,0.0,0.0,3000.0,Onsite,4189145.1445583305,H2LA_Station_Opt_Geotab_FCEV70kg_0To8000mi_70stations_5stDist,70,electrolysis,$4.00 - $7.00/kg
38.525,-121.463,11536,10.001579775344002,electrolyzerExisting,11.026324127197183,14350.656945836425,0.0,0.0,3000.0,Pipeline,4189145.1445583305,H2LA_Station_Opt_Geotab_FCEV70kg_0To8000mi_70stations_5stDist,70,electrolysis,$4.00 - $7.00/kg
33.945,-118.291,12678,10.0314822510704,electrolyzerExisting,11.02022276522218,14342.716080721668,0.0,0.0,3000.0,Onsite,4189145.1445583305,H2LA_Station_Opt_Geotab_FCEV70kg_0To8000mi_70stations_5stDist,70,electrolysis,$4.00 - $7.00/kg
33.945,-118.291,12678,10.0314822510704,electrolyzerExisting,11.02022276522218,14342.716080721668,0.0,0.0,3000.0,Pipeline,4189145.1445583305,H2LA_Station_Opt_Geotab_FCEV70kg_0To8000mi_70stations_5stDist,70,electrolysis,$4.00 - $7.00/kg
37.812,-121.294,14201,10.009984068632145,electrolyzerExisting,11.035987946521702,14363.234315621034,0.0,0.0,3000.0,Onsite,4189145.1445583305,H2LA_Station_Opt_Geotab_FCEV70kg_0To8000mi_70stations_5stDist,70,electrolysis,$4.00 - $7.00/kg
37.812,-121.294,14201,10.009984068632145,electrolyzerExisting,11.035987946521702,14363.234315621034,0.0,0.0,3000.0,Pipeline,4189145.1445583305,H2LA_Station_Opt_Geotab_FCEV70kg_0To8000mi_70stations_5stDist,70,electrolysis,$4.00 - $7.00/kg
37.954,-121.271,14295,10.012316933721891,electrolyzerExisting,11.02641770860092,14350.778741151533,0.0,0.0,3000.0,Onsite,4189145.1445583305,H2LA_Station_Opt_Geotab_FCEV70kg_0To8000mi_70stations_5stDist,70,electrolysis,$4.00 - $7.00/kg
37.954,-121.271,14295,10.012316933721891,electrolyzerExisting,11.02641770860092,14350.778741151533,0.0,0.0,3000.0,Pipeline,4189145.1445583305,H2LA_Station_Opt_Geotab_FCEV70kg_0To8000mi_70stations_5stDist,70,electrolysis,$4.00 - $7.00/kg
34.07,-117.37,15891,10.002411122779476,electrolyzerExisting,11.025375048854064,14349.42172931642,0.0,0.0,3000.0,Onsite,4189145.1445583305,H2LA_Station_Opt_Geotab_FCEV70kg_0To8000mi_70stations_5stDist,70,electrolysis,$4.00 - $7.00/kg
34.07,-117.37,15891,10.002411122779476,electrolyzerExisting,11.025375048854064,14349.42172931642,0.0,0.0,3000.0,Pipeline,4189145.1445583305,H2LA_Station_Opt_Geotab_FCEV70kg_0To8000mi_70stations_5stDist,70,electrolysis,$4.00 - $7.00/kg
35.63,-120.692,16130,1.1492314064223224,electrolyzerExisting,1.2672137624953288,13263.139354077432,0.0,0.0,3000.0,Onsite,4189145.1445583305,H2LA_Station_Opt_Geotab_FCEV70kg_0To8000mi_70stations_5stDist,70,electrolysis,$4.00 - $7.00/kg
35.63,-120.692,16130,1.1492314064223224,electrolyzerExisting,1.2672137624953288,13263.139354077432,0.0,0.0,3000.0,Pipeline,4189145.1445583305,H2LA_Station_Opt_Geotab_FCEV70kg_0To8000mi_70stations_5stDist,70,electrolysis,$4.00 - $7.00/kg
32.849,-109.749,4231,9.94767769591116,electrolyzer,10.968925823561806,57824.96488141114,38.50092964068059,0.0,2000.0,Onsite,4189145.1445583305,H2LA_Station_Opt_Geotab_FCEV70kg_0To8000mi_70stations_5stDist,70,electrolysis,$3.00 - $6.00/kg
34.257,-110.024,4395,1.1074802611894483,electrolyzerExisting,2.0,7498.996282295224,0.0,0.0,1500.0,Onsite,4189145.1445583305,H2LA_Station_Opt_Geotab_FCEV70kg_0To8000mi_70stations_5stDist,70,electrolysis,$2.50 - $5.50/kg
34.566,-111.866,4508,4.836807761160288,electrolyzerExisting,5.333363947442075,28324.172635000607,0.0,0.0,1500.0,Onsite,4189145.1445583305,H2LA_Station_Opt_Geotab_FCEV70kg_0To8000mi_70stations_5stDist,70,electrolysis,$2.50 - $5.50/kg
31.974,-94.002,45870,10.005705284287762,electrolyzerExisting,11.032910638110389,50348.67424323109,0.0,0.0,1000.0,Onsite,4189145.1445583305,H2LA_Station_Opt_Geotab_FCEV70kg_0To8000mi_70stations_5stDist,70,electrolysis,$2.00 - $5.00/kg
30.191,-93.571,46430,10.043651288775168,electrolyzerExisting,11.074752251687984,50539.61839576661,0.0,0.0,1000.0,Onsite,4189145.1445583305,H2LA_Station_Opt_Geotab_FCEV70kg_0To8000mi_70stations_5stDist,70,electrolysis,$2.00 - $5.00/kg
33.474,-112.111,5256,9.99941946520956,electrolyzer,11.025979504507596,58125.73518017268,38.70118806080022,0.0,2000.0,Onsite,4189145.1445583305,H2LA_Station_Opt_Geotab_FCEV70kg_0To8000mi_70stations_5stDist,70,electrolysis,$3.00 - $6.00/kg
33.399,-112.074,5475,9.9925566650023,electrolyzerExisting,11.018412158496083,58516.0531357692,0.0,0.0,1500.0,Onsite,4189145.1445583305,H2LA_Station_Opt_Geotab_FCEV70kg_0To8000mi_70stations_5stDist,70,electrolysis,$2.50 - $5.50/kg
33.399,-112.074,5475,9.9925566650023,electrolyzerExisting,11.018412158496083,58516.0531357692,0.0,0.0,1500.0,Pipeline,4189145.1445583305,H2LA_Station_Opt_Geotab_FCEV70kg_0To8000mi_70stations_5stDist,70,electrolysis,$2.50 - $5.50/kg
38.564,-121.581,6449,10.019783458485872,electrolyzerExisting,11.04843410781802,14379.432877262756,0.0,0.0,3000.0,Onsite,4189145.1445583305,H2LA_Station_Opt_Geotab_FCEV70kg_0To8000mi_70stations_5stDist,70,electrolysis,$4.00 - $7.00/kg
38.564,-121.581,6449,10.019783458485872,electrolyzerExisting,11.04843410781802,14379.432877262756,0.0,0.0,3000.0,Pipeline,4189145.1445583305,H2LA_Station_Opt_Geotab_FCEV70kg_0To8000mi_70stations_5stDist,70,electrolysis,$4.00 - $7.00/kg
37.098,-120.217,7086,9.976248414236617,electrolyzerExisting,10.99327870432603,14307.648639370602,0.0,0.0,3000.0,Onsite,4189145.1445583305,H2LA_Station_Opt_Geotab_FCEV70kg_0To8000mi_70stations_5stDist,70,electrolysis,$4.00 - $7.00/kg
37.098,-120.217,7086,9.976248414236617,electrolyzerExisting,10.99327870432603,14307.648639370602,0.0,0.0,3000.0,Pipeline,4189145.1445583305,H2LA_Station_Opt_Geotab_FCEV70kg_0To8000mi_70stations_5stDist,70,electrolysis,$4.00 - $7.00/kg
37.074,-120.834,7148,9.976168366815497,electrolyzerExisting,11.00034140253,14316.840674528275,0.0,0.0,3000.0,Onsite,4189145.1445583305,H2LA_Station_Opt_Geotab_FCEV70kg_0To8000mi_70stations_5stDist,70,electrolysis,$4.00 - $7.00/kg
37.074,-120.834,7148,9.976168366815497,electrolyzerExisting,11.00034140253,14316.840674528275,0.0,0.0,3000.0,Pipeline,4189145.1445583305,H2LA_Station_Opt_Geotab_FCEV70kg_0To8000mi_70stations_5stDist,70,electrolysis,$4.00 - $7.00/kg
32.273,-107.714,71615,9.931175648413731,electrolyzerExisting,10.95072964345297,45679.60837054758,0.0,0.0,1500.0,Onsite,4189145.1445583305,H2LA_Station_Opt_Geotab_FCEV70kg_0To8000mi_70stations_5stDist,70,electrolysis,$2.50 - $5.50/kg
35.176,-103.103,71633,2.9718375365280165,electrolyzerExisting,3.2769322123512383,13669.315652078754,0.0,0.0,1500.0,Onsite,4189145.1445583305,H2LA_Station_Opt_Geotab_FCEV70kg_0To8000mi_70stations_5stDist,70,electrolysis,$2.50 - $5.50/kg
32.296,-106.81,72089,9.99647124157459,electrolyzerExisting,11.024775082241051,45982.60658094257,0.0,0.0,1500.0,Onsite,4189145.1445583305,H2LA_Station_Opt_Geotab_FCEV70kg_0To8000mi_70stations_5stDist,70,electrolysis,$2.50 - $5.50/kg
34.946,-104.637,72146,9.585094788400452,electrolyzerExisting,11.018119130281686,44672.13768535061,0.0,0.0,1500.0,Onsite,4189145.1445583305,H2LA_Station_Opt_Geotab_FCEV70kg_0To8000mi_70stations_5stDist,70,electrolysis,$2.50 - $5.50/kg
38.054,-122.155,8266,9.973360824932154,electrolyzerExisting,10.997240686150658,14312.805121379924,0.0,0.0,3000.0,Onsite,4189145.1445583305,H2LA_Station_Opt_Geotab_FCEV70kg_0To8000mi_70stations_5stDist,70,electrolysis,$4.00 - $7.00/kg
34.179,-118.857,9130,1.5394747516322609,electrolyzerExisting,1.6975202562427292,17766.890151958683,0.0,0.0,3000.0,Onsite,4189145.1445583305,H2LA_Station_Opt_Geotab_FCEV70kg_0To8000mi_70stations_5stDist,70,electrolysis,$4.00 - $7.00/kg
31.051,-97.484,95509,10.03033995623631,electrolyzerExisting,11.06980570806805,50485.3010927471,0.0,0.0,1000.0,Onsite,4189145.1445583305,H2LA_Station_Opt_Geotab_FCEV70kg_0To8000mi_70stations_5stDist,70,electrolysis,$2.00 - $5.00/kg
31.051,-97.484,95509,10.03033995623631,electrolyzerExisting,11.06980570806805,50485.3010927471,0.0,0.0,1000.0,Pipeline,4189145.1445583305,H2LA_Station_Opt_Geotab_FCEV70kg_0To8000mi_70stations_5stDist,70,electrolysis,$2.00 - $5.00/kg
31.104,-97.511,95545,10.003007587462298,electrolyzerExisting,11.029935988432188,50335.09943304869,0.0,0.0,1000.0,Onsite,4189145.1445583305,H2LA_Station_Opt_Geotab_FCEV70kg_0To8000mi_70stations_5stDist,70,electrolysis,$2.00 - $5.00/kg
33.152,-96.287,95977,7.611193566413761,electrolyzerExisting,9.231914085574346,39391.893268504406,0.0,0.0,1000.0,Onsite,4189145.1445583305,H2LA_Station_Opt_Geotab_FCEV70kg_0To8000mi_70stations_5stDist,70,electrolysis,$2.00 - $5.00/kg
27.432,-99.479,96222,1.2633400530119234,electrolyzerExisting,1.3930370266990897,6357.122772625779,0.0,0.0,1000.0,Onsite,4189145.1445583305,H2LA_Station_Opt_Geotab_FCEV70kg_0To8000mi_70stations_5stDist,70,electrolysis,$2.00 - $5.00/kg
29.511,-98.309,96543,10.007406117522052,electrolyzerExisting,11.034786082222558,50357.2328301506,0.0,0.0,1000.0,Onsite,4189145.1445583305,H2LA_Station_Opt_Geotab_FCEV70kg_0To8000mi_70stations_5stDist,70,electrolysis,$2.00 - $5.00/kg
29.511,-98.309,96543,10.007406117522052,electrolyzerExisting,11.034786082222558,50357.2328301506,0.0,0.0,1000.0,Pipeline,4189145.1445583305,H2LA_Station_Opt_Geotab_FCEV70kg_0To8000mi_70stations_5stDist,70,electrolysis,$2.00 - $5.00/kg
29.497,-98.399,96569,9.999099722989792,electrolyzerExisting,11.025626936917345,50315.435081721946,0.0,0.0,1000.0,Onsite,4189145.1445583305,H2LA_Station_Opt_Geotab_FCEV70kg_0To8000mi_70stations_5stDist,70,electrolysis,$2.00 - $5.00/kg
29.497,-98.399,96569,9.999099722989792,electrolyzerExisting,11.025626936917345,50315.435081721946,0.0,0.0,1000.0,Pipeline,4189145.1445583305,H2LA_Station_Opt_Geotab_FCEV70kg_0To8000mi_70stations_5stDist,70,electrolysis,$2.00 - $5.00/kg
29.53,-98.562,97041,10.010961576098442,electrolyzerExisting,11.05157096098822,50391.86679354334,0.0,0.0,1000.0,Onsite,4189145.1445583305,H2LA_Station_Opt_Geotab_FCEV70kg_0To8000mi_70stations_5stDist,70,electrolysis,$2.00 - $5.00/kg
29.972,-96.502,98319,10.017282718438828,electrolyzer,11.045676634393809,47816.00982040514,38.7703249866997,0.0,1000.0,Onsite,4189145.1445583305,H2LA_Station_Opt_Geotab_FCEV70kg_0To8000mi_70stations_5stDist,70,electrolysis,$2.00 - $5.00/kg
29.972,-96.502,98319,10.017282718438828,electrolyzer,11.045676634393809,47816.00982040514,38.7703249866997,0.0,1000.0,Pipeline,4189145.1445583305,H2LA_Station_Opt_Geotab_FCEV70kg_0To8000mi_70stations_5stDist,70,electrolysis,$2.00 - $5.00/kg
30.744,-98.233,98497,10.0285717787179,electrolyzerExisting,11.058124651772337,50463.7383638316,0.0,0.0,1000.0,Onsite,4189145.1445583305,H2LA_Station_Opt_Geotab_FCEV70kg_0To8000mi_70stations_5stDist,70,electrolysis,$2.00 - $5.00/kg
32.856,-96.768,99018,10.002404560557531,electrolyzerExisting,11.045504767976464,50353.1930365666,0.0,0.0,1000.0,Onsite,4189145.1445583305,H2LA_Station_Opt_Geotab_FCEV70kg_0To8000mi_70stations_5stDist,70,electrolysis,$2.00 - $5.00/kg
32.648,-96.883,99189,9.998803376850177,electrolyzerExisting,11.025300167305778,50313.9438689971,0.0,0.0,1000.0,Onsite,4189145.1445583305,H2LA_Station_Opt_Geotab_FCEV70kg_0To8000mi_70stations_5stDist,70,electrolysis,$2.00 - $5.00/kg
32.648,-96.883,99189,9.998803376850177,electrolyzerExisting,11.025300167305778,50313.9438689971,0.0,0.0,1000.0,Pipeline,4189145.1445583305,H2LA_Station_Opt_Geotab_FCEV70kg_0To8000mi_70stations_5stDist,70,electrolysis,$2.00 - $5.00/kg
32.793,-96.684,99467,10.008387679708012,electrolyzerExisting,11.056549635303904,50389.088462952,0.0,0.0,1000.0,Onsite,4189145.1445583305,H2LA_Station_Opt_Geotab_FCEV70kg_0To8000mi_70stations_5stDist,70,electrolysis,$2.00 - $5.00/kg
32.793,-96.684,99467,10.008387679708012,electrolyzerExisting,11.056549635303904,50389.088462952,0.0,0.0,1000.0,Pipeline,4189145.1445583305,H2LA_Station_Opt_Geotab_FCEV70kg_0To8000mi_70stations_5stDist,70,electrolysis,$2.00 - $5.00/kg
32.736,-101.95,99923,1.0315570584252567,electrolyzerExisting,1.137458734794356,5190.791549161572,0.0,0.0,1000.0,Onsite,4189145.1445583305,H2LA_Station_Opt_Geotab_FCEV70kg_0To8000mi_70stations_5stDist,70,electrolysis,$2.00 - $5.00/kg
33.73341025,-113.9782551,laPazAZ,,electrolyzer,88.16971892725248,464804.9392056602,309.4757134344666,0.0,,Onsite,4189145.1445583305,H2LA_Station_Opt_Geotab_FCEV70kg_0To8000mi_70stations_5stDist,70,electrolysis,
33.73341025,-113.9782551,laPazAZ,,electrolyzer,88.16971892725248,464804.9392056602,309.4757134344666,0.0,,Pipeline,4189145.1445583305,H2LA_Station_Opt_Geotab_FCEV70kg_0To8000mi_70stations_5stDist,70,electrolysis,
33.73341025,-113.9782551,laPazAZ,,electrolyzerExisting,106.07944875732632,563361.6324028479,0.0,0.0,,Onsite,4189145.1445583305,H2LA_Station_Opt_Geotab_FCEV70kg_0To8000mi_70stations_5stDist,70,electrolysis,
33.73341025,-113.9782551,laPazAZ,,electrolyzerExisting,106.07944875732632,563361.6324028479,0.0,0.0,,Pipeline,4189145.1445583305,H2LA_Station_Opt_Geotab_FCEV70kg_0To8000mi_70stations_5stDist,70,electrolysis,
29.779,-95.124,100467,9.997597252958412,electrolyzerExisting,11.02397022032924,50307.87465759532,0.0,0.0,4000.0,Onsite,885565.3697339826,H2LA_Station_Opt_Geotab_FCEV70kg_0To8000mi_15stations_5stDist,15,electrolysis,$5.00 - $8.00/kg
29.779,-95.124,100467,9.997597252958412,electrolyzerExisting,11.02397022032924,50307.87465759532,0.0,0.0,4000.0,Pipeline,885565.3697339826,H2LA_Station_Opt_Geotab_FCEV70kg_0To8000mi_15stations_5stDist,15,electrolysis,$5.00 - $8.00/kg
29.804,-94.981,100951,9.99276821109509,electrolyzerExisting,11.018645419337217,50283.57493476141,0.0,0.0,4000.0,Onsite,885565.3697339826,H2LA_Station_Opt_Geotab_FCEV70kg_0To8000mi_15stations_5stDist,15,electrolysis,$5.00 - $8.00/kg
29.804,-94.981,100951,9.99276821109509,electrolyzerExisting,11.018645419337217,50283.57493476141,0.0,0.0,4000.0,Pipeline,885565.3697339826,H2LA_Station_Opt_Geotab_FCEV70kg_0To8000mi_15stations_5stDist,15,electrolysis,$5.00 - $8.00/kg
29.813,-95.292,101729,9.999995359077191,electrolyzer,11.026614519137803,47733.49117349767,38.70341696217369,0.0,5000.0,Onsite,885565.3697339826,H2LA_Station_Opt_Geotab_FCEV70kg_0To8000mi_15stations_5stDist,15,electrolysis,$6.00 - $9.00/kg
32.319,-102.547,104234,1.428481958374061,electrolyzerExisting,1.5751327205467234,7188.116249462715,0.0,0.0,4000.0,Onsite,885565.3697339826,H2LA_Station_Opt_Geotab_FCEV70kg_0To8000mi_15stations_5stDist,15,electrolysis,$5.00 - $8.00/kg
30.7,-101.207,107617,9.895289860293284,electrolyzerExisting,10.911159752174928,49793.06422373674,0.0,0.0,4000.0,Onsite,885565.3697339826,H2LA_Station_Opt_Geotab_FCEV70kg_0To8000mi_15stations_5stDist,15,electrolysis,$5.00 - $8.00/kg
38.525,-121.463,11536,9.99973200380057,electrolyzer,11.026324127197183,119680.7504393357,38.70239768646212,0.0,12000.0,Onsite,885565.3697339826,H2LA_Station_Opt_Geotab_FCEV70kg_0To8000mi_15stations_5stDist,15,electrolysis,$13.00 - $16.00/kg
38.525,-121.463,11536,9.99973200380057,electrolyzer,11.026324127197183,119680.7504393357,38.70239768646212,0.0,12000.0,Pipeline,885565.3697339826,H2LA_Station_Opt_Geotab_FCEV70kg_0To8000mi_15stations_5stDist,15,electrolysis,$13.00 - $16.00/kg
33.945,-118.291,12678,9.994198701732328,electrolyzer,11.02022276522218,119614.52568741958,38.680981905929855,0.0,12000.0,Onsite,885565.3697339826,H2LA_Station_Opt_Geotab_FCEV70kg_0To8000mi_15stations_5stDist,15,electrolysis,$13.00 - $16.00/kg
37.954,-121.271,14295,9.999812387895888,electrolyzerExisting,11.02641770860092,115406.66543372658,0.0,0.0,10500.0,Onsite,885565.3697339826,H2LA_Station_Opt_Geotab_FCEV70kg_0To8000mi_15stations_5stDist,15,electrolysis,$11.50 - $14.50/kg
38.054,-122.155,8266,9.973360824933732,electrolyzer,10.997240686150658,119365.07605776904,38.60031480838881,0.0,12000.0,Onsite,885565.3697339826,H2LA_Station_Opt_Geotab_FCEV70kg_0To8000mi_15stations_5stDist,15,electrolysis,$13.00 - $16.00/kg
33.152,-96.287,95977,7.465492016118621,electrolyzer,8.231914085574346,35635.41626151623,28.894018440365954,0.0,5000.0,Onsite,885565.3697339826,H2LA_Station_Opt_Geotab_FCEV70kg_0To8000mi_15stations_5stDist,15,electrolysis,$6.00 - $9.00/kg
32.648,-96.883,99189,9.99880337861331,electrolyzer,11.025300167305778,47727.8014306066,38.69880358724328,0.0,5000.0,Onsite,885565.3697339826,H2LA_Station_Opt_Geotab_FCEV70kg_0To8000mi_15stations_5stDist,15,electrolysis,$6.00 - $9.00/kg
33.73341025,-113.9782551,laPazAZ,,electrolyzerExisting,12.901144976616688,68514.77999777476,0.0,0.0,,Onsite,885565.3697339826,H2LA_Station_Opt_Geotab_FCEV70kg_0To8000mi_15stations_5stDist,15,electrolysis,
33.73341025,-113.9782551,laPazAZ,,electrolyzerExisting,12.901144976616688,68514.77999777476,0.0,0.0,,Pipeline,885565.3697339826,H2LA_Station_Opt_Geotab_FCEV70kg_0To8000mi_15stations_5stDist,15,electrolysis,
29.779,-95.124,100467,9.997597252958412,smr-noCCSExisting,11.485154458411923,9302.361147045413,0.0,0.0,4000.0,Onsite,223841.02246091608,H2LA_Station_Opt_Geotab_FCEV70kg_0To8000mi_15stations_5stDist,15,any,$5.00 - $8.00/kg
29.779,-95.124,100467,9.997597252958412,smr-noCCSExisting,11.485154458411923,9302.361147045413,0.0,0.0,4000.0,Pipeline,223841.02246091608,H2LA_Station_Opt_Geotab_FCEV70kg_0To8000mi_15stations_5stDist,15,any,$5.00 - $8.00/kg
29.804,-94.981,100951,9.99276821109509,smr-noCCSExisting,11.47960689454413,9297.867916869762,0.0,0.0,4000.0,Onsite,223841.02246091608,H2LA_Station_Opt_Geotab_FCEV70kg_0To8000mi_15stations_5stDist,15,any,$5.00 - $8.00/kg
29.804,-94.981,100951,9.99276821109509,smr-noCCSExisting,11.47960689454413,9297.867916869762,0.0,0.0,4000.0,Pipeline,223841.02246091608,H2LA_Station_Opt_Geotab_FCEV70kg_0To8000mi_15stations_5stDist,15,any,$5.00 - $8.00/kg
29.813,-95.292,101729,9.999995359077191,smr-noCCS,11.487909382268624,8633.688296070395,93.05206599637586,0.0,5000.0,Onsite,223841.02246091608,H2LA_Station_Opt_Geotab_FCEV70kg_0To8000mi_15stations_5stDist,15,any,$6.00 - $9.00/kg
32.319,-102.547,104234,1.428481958374061,smr-noCCSExisting,10.0,4037.7855018838154,0.0,0.0,4000.0,Onsite,223841.02246091608,H2LA_Station_Opt_Geotab_FCEV70kg_0To8000mi_15stations_5stDist,15,any,$5.00 - $8.00/kg
30.7,-101.207,107617,9.895289860293284,smr-noCCSExisting,11.367624600621106,9207.168243905351,0.0,0.0,4000.0,Onsite,223841.02246091608,H2LA_Station_Opt_Geotab_FCEV70kg_0To8000mi_15stations_5stDist,15,any,$5.00 - $8.00/kg
38.525,-121.463,11536,9.99973200380057,smr-noCCS,11.48760684119054,28863.087708823597,93.04961541364337,0.0,12000.0,Onsite,223841.02246091608,H2LA_Station_Opt_Geotab_FCEV70kg_0To8000mi_15stations_5stDist,15,any,$13.00 - $16.00/kg
38.525,-121.463,11536,9.99973200380057,smr-noCCS,11.48760684119054,28863.087708823597,93.04961541364337,0.0,12000.0,Pipeline,223841.02246091608,H2LA_Station_Opt_Geotab_FCEV70kg_0To8000mi_15stations_5stDist,15,any,$13.00 - $16.00/kg
33.945,-118.291,12678,9.994198701732328,smr-noCCS,11.481250231748378,28847.116464473384,92.99812687716188,0.0,12000.0,Onsite,223841.02246091608,H2LA_Station_Opt_Geotab_FCEV70kg_0To8000mi_15stations_5stDist,15,any,$13.00 - $16.00/kg
37.954,-121.271,14295,9.999812387895888,smr-noCCSExisting,11.487704339720612,27754.395688372293,0.0,0.0,10500.0,Onsite,223841.02246091608,H2LA_Station_Opt_Geotab_FCEV70kg_0To8000mi_15stations_5stDist,15,any,$11.50 - $14.50/kg
34.07,-117.37,15891,9.998871283836175,smr-noCCSExisting,11.486618056574336,27751.781993004803,0.0,0.0,10500.0,Onsite,223841.02246091608,H2LA_Station_Opt_Geotab_FCEV70kg_0To8000mi_15stations_5stDist,15,any,$11.50 - $14.50/kg
38.054,-122.155,8266,9.973360824933732,smr-noCCS,11.457311855818288,28786.970304039038,92.80422603212811,0.0,12000.0,Onsite,223841.02246091608,H2LA_Station_Opt_Geotab_FCEV70kg_0To8000mi_15stations_5stDist,15,any,$13.00 - $16.00/kg
33.152,-96.287,95977,7.465492016118621,smr-noCCS,10.0,6823.668083466602,69.46797781748097,0.0,5000.0,Onsite,223841.02246091608,H2LA_Station_Opt_Geotab_FCEV70kg_0To8000mi_15stations_5stDist,15,any,$6.00 - $9.00/kg
32.648,-96.883,99189,9.99880337861331,smr-noCCS,11.486540045277676,8632.659176814774,93.04097436674915,0.0,5000.0,Onsite,223841.02246091608,H2LA_Station_Opt_Geotab_FCEV70kg_0To8000mi_15stations_5stDist,15,any,$6.00 - $9.00/kg
32.319,-102.547,104234,1.428481958374061,electrolyzerExisting,1.5751327184748618,7188.1162400077765,0.0,0.0,4000.0,Onsite,459920.6782092242,H2LA_Station_Opt_Geotab_FCEV70kg_0To8000mi_15stations_5stDist,15,low_carbon,$5.00 - $8.00/kg
37.64275382,-121.8775366,alamedaCA,,smr-CCSExisting,11.48770433337546,33175.99471113676,0.0,0.0,,Onsite,459920.6782092242,H2LA_Station_Opt_Geotab_FCEV70kg_0To8000mi_15stations_5stDist,15,low_carbon,
37.64275382,-121.8775366,alamedaCA,,smr-CCSExisting,11.48770433337546,33175.99471113676,0.0,0.0,,Pipeline,459920.6782092242,H2LA_Station_Opt_Geotab_FCEV70kg_0To8000mi_15stations_5stDist,15,low_carbon,
32.77382278,-96.77460664,dallasTX,,smr-CCS,20.062833602991372,20056.31205486709,16.25089521842301,146.25805696580716,,Onsite,459920.6782092242,H2LA_Station_Opt_Geotab_FCEV70kg_0To8000mi_15stations_5stDist,15,low_carbon,
32.77382278,-96.77460664,dallasTX,,smr-CCS,20.062833602991372,20056.31205486709,16.25089521842301,146.25805696580716,,Pipeline,459920.6782092242,H2LA_Station_Opt_Geotab_FCEV70kg_0To8000mi_15stations_5stDist,15,low_carbon,
33.73341025,-113.9782551,laPazAZ,,smr-CCSExisting,13.44086021505377,23366.89463535805,0.0,0.0,,Onsite,459920.6782092242,H2LA_Station_Opt_Geotab_FCEV70kg_0To8000mi_15stations_5stDist,15,low_carbon,
33.73341025,-113.9782551,laPazAZ,,smr-CCSExisting,13.44086021505377,23366.89463535805,0.0,0.0,,Pipeline,459920.6782092242,H2LA_Station_Opt_Geotab_FCEV70kg_0To8000mi_15stations_5stDist,15,low_carbon,
30.15482974,-94.81749325,libertyTX,,smr-CCS,11.52120054296586,11517.455505479811,9.332172439793668,83.98955195814302,,Onsite,459920.6782092242,H2LA_Station_Opt_Geotab_FCEV70kg_0To8000mi_15stations_5stDist,15,low_carbon,
30.15482974,-94.81749325,libertyTX,,smr-CCS,11.52120054296586,11517.455505479811,9.332172439793668,83.98955195814302,,Pipeline,459920.6782092242,H2LA_Station_Opt_Geotab_FCEV70kg_0To8000mi_15stations_5stDist,15,low_carbon,
30.15482974,-94.81749325,libertyTX,,smr-CCSExisting,22.963273743882148,24972.46464331884,0.0,0.0,,Onsite,459920.6782092242,H2LA_Station_Opt_Geotab_FCEV70kg_0To8000mi_15stations_5stDist,15,low_carbon,
30.15482974,-94.81749325,libertyTX,,smr-CCSExisting,22.963273743882148,24972.46464331884,0.0,0.0,,Pipeline,459920.6782092242,H2LA_Station_Opt_Geotab_FCEV70kg_0To8000mi_15stations_5stDist,15,low_carbon,
34.32209948,-118.2225598,losAngelesCA,,smr-CCS,11.481250231748378,34897.09186929823,9.299812687716184,83.69831418944568,,Onsite,459920.6782092242,H2LA_Station_Opt_Geotab_FCEV70kg_0To8000mi_15stations_5stDist,15,low_carbon,
34.32209948,-118.2225598,losAngelesCA,,smr-CCS,11.481250231748378,34897.09186929823,9.299812687716184,83.69831418944568,,Pipeline,459920.6782092242,H2LA_Station_Opt_Geotab_FCEV70kg_0To8000mi_15stations_5stDist,15,low_carbon,
30.89254422,-100.5366337,schleicherTX,,smr-CCSExisting,11.367624600662104,12362.24445106335,0.0,0.0,,Onsite,459920.6782092242,H2LA_Station_Opt_Geotab_FCEV70kg_0To8000mi_15stations_5stDist,15,low_carbon,
30.89254422,-100.5366337,schleicherTX,,smr-CCSExisting,11.367624600662104,12362.24445106335,0.0,0.0,,Pipeline,459920.6782092242,H2LA_Station_Opt_Geotab_FCEV70kg_0To8000mi_15stations_5stDist,15,low_carbon,
39.03361022,-121.6882005,sutterCA,,smr-CCS,22.97530601284632,69833.10601823224,18.60999787040552,167.4899808336497,,Onsite,459920.6782092242,H2LA_Station_Opt_Geotab_FCEV70kg_0To8000mi_15stations_5stDist,15,low_carbon,
39.03361022,-121.6882005,sutterCA,,smr-CCS,22.97530601284632,69833.10601823224,18.60999787040552,167.4899808336497,,Pipeline,459920.6782092242,H2LA_Station_Opt_Geotab_FCEV70kg_0To8000mi_15stations_5stDist,15,low_carbon,
29.779,-95.124,100467,9.99759725415908,smr-noCCS,11.485154458411923,8631.61784503647,93.02975111313658,0.0,1000.0,Onsite,42443.91173601373,H2LA_Station_Opt_Geotab_FCEV70kg_0To8000mi_5stations_5stDist,5,any,$2.00 - $5.00/kg
37.954,-121.271,14295,9.99981687560588,smr-noCCS,11.487704339720612,28863.33267791628,93.05040515173695,0.0,3500.0,Onsite,42443.91173601373,H2LA_Station_Opt_Geotab_FCEV70kg_0To8000mi_5stations_5stDist,5,any,$4.50 - $7.50/kg
29.779,-95.124,100467,9.99759725415908,electrolyzer,11.02397022032924,47722.04417735761,38.69413547335564,0.0,1000.0,Onsite,167403.81035797726,H2LA_Station_Opt_Geotab_FCEV70kg_0To8000mi_5stations_5stDist,5,electrolysis,$2.00 - $5.00/kg
37.954,-121.271,14295,9.99981687560588,electrolyzer,11.02641770860092,119681.76618061966,38.702726157189225,0.0,3500.0,Onsite,167403.81035797726,H2LA_Station_Opt_Geotab_FCEV70kg_0To8000mi_5stations_5stDist,5,electrolysis,$4.50 - $7.50/kg
37.64275382,-121.8775366,alamedaCA,,smr-CCS,11.48770433337546,34916.70901663565,9.30504051003412,83.74536459030709,,Onsite,94425.3838595925,H2LA_Station_Opt_Geotab_FCEV70kg_0To8000mi_5stations_5stDist,5,low_carbon,
37.64275382,-121.8775366,alamedaCA,,smr-CCS,11.48770433337546,34916.70901663565,9.30504051003412,83.74536459030709,,Pipeline,94425.3838595925,H2LA_Station_Opt_Geotab_FCEV70kg_0To8000mi_5stations_5stDist,5,low_carbon,
30.15482974,-94.81749325,libertyTX,,smr-CCS,11.4851544546807,11481.421134204977,9.302975108291363,83.7267759746223,,Onsite,94425.3838595925,H2LA_Station_Opt_Geotab_FCEV70kg_0To8000mi_5stations_5stDist,5,low_carbon,
30.15482974,-94.81749325,libertyTX,,smr-CCS,11.4851544546807,11481.421134204977,9.302975108291363,83.7267759746223,,Pipeline,94425.3838595925,H2LA_Station_Opt_Geotab_FCEV70kg_0To8000mi_5stations_5stDist,5,low_carbon,
29.779,-95.124,100467,9.997597268011956,smr-noCCSExisting,11.485154458411923,9302.36115544838,0.0,0.0,1000.0,Onsite,386563.6653339756,H2LA_Station_Opt_Geotab_FCEV70kg_0To8000mi_25stations_5stDist,25,any,$2.00 - $5.00/kg
29.779,-95.124,100467,9.997597268011956,smr-noCCSExisting,11.485154458411923,9302.36115544838,0.0,0.0,1000.0,Pipeline,386563.6653339756,H2LA_Station_Opt_Geotab_FCEV70kg_0To8000mi_25stations_5stDist,25,any,$2.00 - $5.00/kg
29.93,-95.314,100920,10.001964396461297,smr-noCCSExisting,11.493959328655404,9307.65205217484,0.0,0.0,1000.0,Onsite,386563.6653339756,H2LA_Station_Opt_Geotab_FCEV70kg_0To8000mi_25stations_5stDist,25,any,$2.00 - $5.00/kg
29.804,-94.981,100951,9.992768224545426,smr-noCCSExisting,11.47960689454413,9297.867916869762,0.0,0.0,1000.0,Onsite,386563.6653339756,H2LA_Station_Opt_Geotab_FCEV70kg_0To8000mi_25stations_5stDist,25,any,$2.00 - $5.00/kg
29.804,-94.981,100951,9.992768224545426,smr-noCCSExisting,11.47960689454413,9297.867916869762,0.0,0.0,1000.0,Pipeline,386563.6653339756,H2LA_Station_Opt_Geotab_FCEV70kg_0To8000mi_25stations_5stDist,25,any,$2.00 - $5.00/kg
29.813,-95.292,101729,9.999986163150204,smr-noCCSExisting,11.487909382268624,9304.58737160962,0.0,0.0,1000.0,Onsite,386563.6653339756,H2LA_Station_Opt_Geotab_FCEV70kg_0To8000mi_25stations_5stDist,25,any,$2.00 - $5.00/kg
29.813,-95.292,101729,9.999986163150204,smr-noCCSExisting,11.487909382268624,9304.58737160962,0.0,0.0,1000.0,Pipeline,386563.6653339756,H2LA_Station_Opt_Geotab_FCEV70kg_0To8000mi_25stations_5stDist,25,any,$2.00 - $5.00/kg
27.799,-97.659,102754,9.999818757440112,smr-noCCS,11.48770652102606,8633.535836586483,93.05042282031108,0.0,1000.0,Onsite,386563.6653339756,H2LA_Station_Opt_Geotab_FCEV70kg_0To8000mi_25stations_5stDist,25,any,$2.00 - $5.00/kg
30.022,-93.845,102997,9.999190247564144,smr-noCCS,11.486984494240874,8632.993200498639,93.04457440335106,0.0,1000.0,Onsite,386563.6653339756,H2LA_Station_Opt_Geotab_FCEV70kg_0To8000mi_25stations_5stDist,25,any,$2.00 - $5.00/kg
32.319,-102.547,104234,1.4284819583740604,smr-noCCSExisting,10.0,4037.785520162906,0.0,0.0,1000.0,Onsite,386563.6653339756,H2LA_Station_Opt_Geotab_FCEV70kg_0To8000mi_25stations_5stDist,25,any,$2.00 - $5.00/kg
30.7,-101.207,107617,9.895289907750636,smr-noCCSExisting,11.367624600621106,9207.168245052677,0.0,0.0,1000.0,Onsite,386563.6653339756,H2LA_Station_Opt_Geotab_FCEV70kg_0To8000mi_25stations_5stDist,25,any,$2.00 - $5.00/kg
30.035,-94.15,108840,9.997258062525685,smr-noCCS,11.48476481654758,8631.325011389206,93.0265950140354,0.0,1000.0,Onsite,386563.6653339756,H2LA_Station_Opt_Geotab_FCEV70kg_0To8000mi_25stations_5stDist,25,any,$2.00 - $5.00/kg
30.035,-94.15,108840,9.997258062525685,smr-noCCS,11.48476481654758,8631.325011389206,93.0265950140354,0.0,1000.0,Pipeline,386563.6653339756,H2LA_Station_Opt_Geotab_FCEV70kg_0To8000mi_25stations_5stDist,25,any,$2.00 - $5.00/kg
37.587,-122.364,11279,3.2918855391529696,smr-noCCSExisting,9.999999988783664,11151.580888794795,0.0,0.0,3000.0,Onsite,386563.6653339756,H2LA_Station_Opt_Geotab_FCEV70kg_0To8000mi_25stations_5stDist,25,any,$4.00 - $7.00/kg
37.587,-122.364,11279,3.2918855391529696,smr-noCCSExisting,9.999999988783664,11151.580888794795,0.0,0.0,3000.0,Pipeline,386563.6653339756,H2LA_Station_Opt_Geotab_FCEV70kg_0To8000mi_25stations_5stDist,25,any,$4.00 - $7.00/kg
37.705,-122.407,11323,2.438309002371194,smr-noCCS,10.0,10065.54979651921,22.688979569611817,0.0,5500.0,Onsite,386563.6653339756,H2LA_Station_Opt_Geotab_FCEV70kg_0To8000mi_25stations_5stDist,25,any,$6.50 - $9.50/kg
38.525,-121.463,11536,9.99973200663606,smr-noCCSExisting,11.48760684119054,27754.170929544525,0.0,0.0,3000.0,Onsite,386563.6653339756,H2LA_Station_Opt_Geotab_FCEV70kg_0To8000mi_25stations_5stDist,25,any,$4.00 - $7.00/kg
38.525,-121.463,11536,9.99973200663606,smr-noCCSExisting,11.48760684119054,27754.170929544525,0.0,0.0,3000.0,Pipeline,386563.6653339756,H2LA_Station_Opt_Geotab_FCEV70kg_0To8000mi_25stations_5stDist,25,any,$4.00 - $7.00/kg
33.945,-118.291,12678,9.994198694013992,smr-noCCSExisting,11.481250231748378,27738.813280453294,0.0,0.0,3000.0,Onsite,386563.6653339756,H2LA_Station_Opt_Geotab_FCEV70kg_0To8000mi_25stations_5stDist,25,any,$4.00 - $7.00/kg
33.945,-118.291,12678,9.994198694013992,smr-noCCSExisting,11.481250231748378,27738.813280453294,0.0,0.0,3000.0,Pipeline,386563.6653339756,H2LA_Station_Opt_Geotab_FCEV70kg_0To8000mi_25stations_5stDist,25,any,$4.00 - $7.00/kg
37.812,-121.294,14201,10.008496089466808,smr-noCCSExisting,11.497674947484638,27778.495567037808,0.0,0.0,3000.0,Onsite,386563.6653339756,H2LA_Station_Opt_Geotab_FCEV70kg_0To8000mi_25stations_5stDist,25,any,$4.00 - $7.00/kg
37.954,-121.271,14295,9.999816877501663,smr-noCCSExisting,11.487704339720612,27754.406523241178,0.0,0.0,3000.0,Onsite,386563.6653339756,H2LA_Station_Opt_Geotab_FCEV70kg_0To8000mi_25stations_5stDist,25,any,$4.00 - $7.00/kg
37.954,-121.271,14295,9.999816877501663,smr-noCCSExisting,11.487704339720612,27754.406523241178,0.0,0.0,3000.0,Pipeline,386563.6653339756,H2LA_Station_Opt_Geotab_FCEV70kg_0To8000mi_25stations_5stDist,25,any,$4.00 - $7.00/kg
34.07,-117.37,15891,9.998871285886828,smr-noCCSExisting,11.486618056574336,27751.78199793301,0.0,0.0,3000.0,Onsite,386563.6653339756,H2LA_Station_Opt_Geotab_FCEV70kg_0To8000mi_25stations_5stDist,25,any,$4.00 - $7.00/kg
34.257,-110.024,4395,0.4434983965711168,electrolyzer,1.0,3223.089462905238,1.7164905253224574,0.0,7500.0,Onsite,386563.6653339756,H2LA_Station_Opt_Geotab_FCEV70kg_0To8000mi_25stations_5stDist,25,any,$8.50 - $11.50/kg
34.946,-104.637,72146,9.992290925284356,smr-noCCSExisting,11.479058592527029,14525.723229735571,0.0,0.0,1500.0,Onsite,386563.6653339756,H2LA_Station_Opt_Geotab_FCEV70kg_0To8000mi_25stations_5stDist,25,any,$2.50 - $5.50/kg
38.054,-122.155,8266,9.97336082737691,smr-noCCSExisting,11.457311855818288,27680.97798251929,0.0,0.0,3000.0,Onsite,386563.6653339756,H2LA_Station_Opt_Geotab_FCEV70kg_0To8000mi_25stations_5stDist,25,any,$4.00 - $7.00/kg
34.179,-118.857,9130,1.5394747520790053,smr-noCCS,10.0,7905.437939117373,14.325137410623364,0.0,5500.0,Onsite,386563.6653339756,H2LA_Station_Opt_Geotab_FCEV70kg_0To8000mi_25stations_5stDist,25,any,$6.50 - $9.50/kg
32.801,-115.57,9454,6.145768336932985,smr-noCCSExisting,10.0,18010.138179415615,0.0,0.0,3000.0,Onsite,386563.6653339756,H2LA_Station_Opt_Geotab_FCEV70kg_0To8000mi_25stations_5stDist,25,any,$4.00 - $7.00/kg
33.152,-96.287,95977,7.465492018817491,smr-noCCSExisting,10.0,7407.677037084063,0.0,0.0,1000.0,Onsite,386563.6653339756,H2LA_Station_Opt_Geotab_FCEV70kg_0To8000mi_25stations_5stDist,25,any,$2.00 - $5.00/kg
29.497,-98.399,96569,9.997830762534027,smr-noCCSExisting,11.486880490088303,9303.050825782777,0.0,0.0,1000.0,Onsite,386563.6653339756,H2LA_Station_Opt_Geotab_FCEV70kg_0To8000mi_25stations_5stDist,25,any,$2.00 - $5.00/kg
32.856,-96.768,99018,10.009323626054131,smr-noCCSExisting,11.507589896183315,9316.176853393232,0.0,0.0,1000.0,Onsite,386563.6653339756,H2LA_Station_Opt_Geotab_FCEV70kg_0To8000mi_25stations_5stDist,25,any,$2.00 - $5.00/kg
32.856,-96.768,99018,10.009323626054131,smr-noCCSExisting,11.507589896183315,9316.176853393232,0.0,0.0,1000.0,Pipeline,386563.6653339756,H2LA_Station_Opt_Geotab_FCEV70kg_0To8000mi_25stations_5stDist,25,any,$2.00 - $5.00/kg
32.648,-96.883,99189,9.998803401339604,smr-noCCSExisting,11.486540045277676,9303.48342369482,0.0,0.0,1000.0,Onsite,386563.6653339756,H2LA_Station_Opt_Geotab_FCEV70kg_0To8000mi_25stations_5stDist,25,any,$2.00 - $5.00/kg
32.319,-102.547,104234,1.4284819583740604,electrolyzerExisting,1.5751327184748618,7188.116243728146,0.0,0.0,1000.0,Onsite,809999.2417164316,H2LA_Station_Opt_Geotab_FCEV70kg_0To8000mi_25stations_5stDist,25,low_carbon,$2.00 - $5.00/kg
34.257,-110.024,4395,0.4434983965711168,electrolyzer,1.0,3223.090168479073,1.716491143033294,0.0,7500.0,Onsite,809999.2417164316,H2LA_Station_Opt_Geotab_FCEV70kg_0To8000mi_25stations_5stDist,25,low_carbon,$8.50 - $11.50/kg
34.946,-104.637,72146,9.992290925284356,electrolyzerExisting,11.018119132076752,45960.71525162164,0.0,0.0,1500.0,Onsite,809999.2417164316,H2LA_Station_Opt_Geotab_FCEV70kg_0To8000mi_25stations_5stDist,25,low_carbon,$2.50 - $5.50/kg
37.64275382,-121.8775366,alamedaCA,,smr-CCS,10.0,30394.853491477345,8.099999999999998,72.9,,Onsite,809999.2417164316,H2LA_Station_Opt_Geotab_FCEV70kg_0To8000mi_25stations_5stDist,25,low_carbon,
37.64275382,-121.8775366,alamedaCA,,smr-CCS,10.0,30394.853491477345,8.099999999999998,72.9,,Pipeline,809999.2417164316,H2LA_Station_Opt_Geotab_FCEV70kg_0To8000mi_25stations_5stDist,25,low_carbon,
37.64275382,-121.8775366,alamedaCA,,smr-CCSExisting,11.48770433337546,24950.63033401164,0.0,0.0,,Onsite,809999.2417164316,H2LA_Station_Opt_Geotab_FCEV70kg_0To8000mi_25stations_5stDist,25,low_carbon,
37.64275382,-121.8775366,alamedaCA,,smr-CCSExisting,11.48770433337546,24950.63033401164,0.0,0.0,,Pipeline,809999.2417164316,H2LA_Station_Opt_Geotab_FCEV70kg_0To8000mi_25stations_5stDist,25,low_carbon,
29.84087424,-97.63039017,caldwellTX,,smr-CCSExisting,11.486880490749844,12491.059750721446,0.0,0.0,,Onsite,809999.2417164316,H2LA_Station_Opt_Geotab_FCEV70kg_0To8000mi_25stations_5stDist,25,low_carbon,
29.84087424,-97.63039017,caldwellTX,,smr-CCSExisting,11.486880490749844,12491.059750721446,0.0,0.0,,Pipeline,809999.2417164316,H2LA_Station_Opt_Geotab_FCEV70kg_0To8000mi_25stations_5stDist,25,low_carbon,
32.77382278,-96.77460664,dallasTX,,smr-CCSExisting,31.59366260120377,34352.59609464992,0.0,0.0,,Onsite,809999.2417164316,H2LA_Station_Opt_Geotab_FCEV70kg_0To8000mi_25stations_5stDist,25,low_carbon,
32.77382278,-96.77460664,dallasTX,,smr-CCSExisting,31.59366260120377,34352.59609464992,0.0,0.0,,Pipeline,809999.2417164316,H2LA_Station_Opt_Geotab_FCEV70kg_0To8000mi_25stations_5stDist,25,low_carbon,
33.73341025,-113.9782551,laPazAZ,,smr-CCSExisting,13.44086021505377,20012.587934978736,0.0,0.0,,Onsite,809999.2417164316,H2LA_Station_Opt_Geotab_FCEV70kg_0To8000mi_25stations_5stDist,25,low_carbon,
33.73341025,-113.9782551,laPazAZ,,smr-CCSExisting,13.44086021505377,20012.587934978736,0.0,0.0,,Pipeline,809999.2417164316,H2LA_Station_Opt_Geotab_FCEV70kg_0To8000mi_25stations_5stDist,25,low_carbon,
30.15482974,-94.81749325,libertyTX,,smr-CCS,22.986871677691983,22979.39965291027,18.619366058930503,167.57429453037457,,Onsite,809999.2417164316,H2LA_Station_Opt_Geotab_FCEV70kg_0To8000mi_25stations_5stDist,25,low_carbon,
30.15482974,-94.81749325,libertyTX,,smr-CCS,22.986871677691983,22979.39965291027,18.619366058930503,167.57429453037457,,Pipeline,809999.2417164316,H2LA_Station_Opt_Geotab_FCEV70kg_0To8000mi_25stations_5stDist,25,low_carbon,
30.15482974,-94.81749325,libertyTX,,smr-CCSExisting,45.96713941564043,49989.0728392947,0.0,0.0,,Onsite,809999.2417164316,H2LA_Station_Opt_Geotab_FCEV70kg_0To8000mi_25stations_5stDist,25,low_carbon,
30.15482974,-94.81749325,libertyTX,,smr-CCSExisting,45.96713941564043,49989.0728392947,0.0,0.0,,Pipeline,809999.2417164316,H2LA_Station_Opt_Geotab_FCEV70kg_0To8000mi_25stations_5stDist,25,low_carbon,
34.32209948,-118.2225598,losAngelesCA,,smr-CCSExisting,22.967868292176146,66476.47732108211,0.0,0.0,,Pipeline,809999.2417164316,H2LA_Station_Opt_Geotab_FCEV70kg_0To8000mi_25stations_5stDist,25,low_carbon,
34.32209948,-118.2225598,losAngelesCA,,smr-CCSExisting,22.967868292176146,66476.47732108211,0.0,0.0,,Onsite,809999.2417164316,H2LA_Station_Opt_Geotab_FCEV70kg_0To8000mi_25stations_5stDist,25,low_carbon,
28.00346828,-97.51134264,sanPatricioTX,,smr-CCS,11.48770650490522,11483.97235486979,9.305042268973226,83.74538042075905,,Onsite,809999.2417164316,H2LA_Station_Opt_Geotab_FCEV70kg_0To8000mi_25stations_5stDist,25,low_carbon,
28.00346828,-97.51134264,sanPatricioTX,,smr-CCS,11.48770650490522,11483.97235486979,9.305042268973226,83.74538042075905,,Pipeline,809999.2417164316,H2LA_Station_Opt_Geotab_FCEV70kg_0To8000mi_25stations_5stDist,25,low_carbon,
30.89254422,-100.5366337,schleicherTX,,smr-CCSExisting,11.367624600662104,12362.244451063389,0.0,0.0,,Onsite,809999.2417164316,H2LA_Station_Opt_Geotab_FCEV70kg_0To8000mi_25stations_5stDist,25,low_carbon,
30.89254422,-100.5366337,schleicherTX,,smr-CCSExisting,11.367624600662104,12362.244451063389,0.0,0.0,,Pipeline,809999.2417164316,H2LA_Station_Opt_Geotab_FCEV70kg_0To8000mi_25stations_5stDist,25,low_carbon,
39.03361022,-121.6882005,sutterCA,,smr-CCSExisting,38.96517025090788,101993.6088302253,0.0,0.0,,Onsite,809999.2417164316,H2LA_Station_Opt_Geotab_FCEV70kg_0To8000mi_25stations_5stDist,25,low_carbon,
39.03361022,-121.6882005,sutterCA,,smr-CCSExisting,38.96517025090788,101993.6088302253,0.0,0.0,,Pipeline,809999.2417164316,H2LA_Station_Opt_Geotab_FCEV70kg_0To8000mi_25stations_5stDist,25,low_carbon,
29.779,-95.124,100467,9.997597268011956,electrolyzerExisting,11.02397022032924,50307.87465759532,0.0,0.0,1000.0,Onsite,1528501.5087648712,H2LA_Station_Opt_Geotab_FCEV70kg_0To8000mi_25stations_5stDist,25,electrolysis,$2.00 - $5.00/kg
29.779,-95.124,100467,9.997597268011956,electrolyzerExisting,11.02397022032924,50307.87465759532,0.0,0.0,1000.0,Pipeline,1528501.5087648712,H2LA_Station_Opt_Geotab_FCEV70kg_0To8000mi_25stations_5stDist,25,electrolysis,$2.00 - $5.00/kg
29.93,-95.314,100920,10.001964396461297,electrolyzerExisting,11.032421529674629,50334.58214768335,0.0,0.0,1000.0,Onsite,1528501.5087648712,H2LA_Station_Opt_Geotab_FCEV70kg_0To8000mi_25stations_5stDist,25,electrolysis,$2.00 - $5.00/kg
29.804,-94.981,100951,9.992768224545426,electrolyzerExisting,11.018645419337217,50283.57493476141,0.0,0.0,1000.0,Onsite,1528501.5087648712,H2LA_Station_Opt_Geotab_FCEV70kg_0To8000mi_25stations_5stDist,25,electrolysis,$2.00 - $5.00/kg
29.804,-94.981,100951,9.992768224545426,electrolyzerExisting,11.018645419337217,50283.57493476141,0.0,0.0,1000.0,Pipeline,1528501.5087648712,H2LA_Station_Opt_Geotab_FCEV70kg_0To8000mi_25stations_5stDist,25,electrolysis,$2.00 - $5.00/kg
29.813,-95.292,101729,9.999986163150204,electrolyzerExisting,11.026614519137803,50319.90884290934,0.0,0.0,1000.0,Onsite,1528501.5087648712,H2LA_Station_Opt_Geotab_FCEV70kg_0To8000mi_25stations_5stDist,25,electrolysis,$2.00 - $5.00/kg
29.813,-95.292,101729,9.999986163150204,electrolyzerExisting,11.026614519137803,50319.90884290934,0.0,0.0,1000.0,Pipeline,1528501.5087648712,H2LA_Station_Opt_Geotab_FCEV70kg_0To8000mi_25stations_5stDist,25,electrolysis,$2.00 - $5.00/kg
27.799,-97.659,102754,9.999818757440112,electrolyzer,11.026419788605606,47732.64819779341,38.70273345800568,0.0,1000.0,Onsite,1528501.5087648712,H2LA_Station_Opt_Geotab_FCEV70kg_0To8000mi_25stations_5stDist,25,electrolysis,$2.00 - $5.00/kg
30.022,-93.845,102997,9.999190247564144,electrolyzer,11.02572675479665,47729.648099880746,38.70030090933625,0.0,1000.0,Onsite,1528501.5087648712,H2LA_Station_Opt_Geotab_FCEV70kg_0To8000mi_25stations_5stDist,25,electrolysis,$2.00 - $5.00/kg
32.319,-102.547,104234,1.4284819583740604,electrolyzerExisting,1.5751327205467234,7188.116249980745,0.0,0.0,1000.0,Onsite,1528501.5087648712,H2LA_Station_Opt_Geotab_FCEV70kg_0To8000mi_25stations_5stDist,25,electrolysis,$2.00 - $5.00/kg
30.7,-101.207,107617,9.895289907750636,electrolyzerExisting,10.911159752174928,49793.06422397419,0.0,0.0,1000.0,Onsite,1528501.5087648712,H2LA_Station_Opt_Geotab_FCEV70kg_0To8000mi_25stations_5stDist,25,electrolysis,$2.00 - $5.00/kg
30.035,-94.15,108840,9.997258062525685,electrolyzer,11.02359620759738,47720.42510076759,38.6928226886668,0.0,1000.0,Onsite,1528501.5087648712,H2LA_Station_Opt_Geotab_FCEV70kg_0To8000mi_25stations_5stDist,25,electrolysis,$2.00 - $5.00/kg
30.035,-94.15,108840,9.997258062525685,electrolyzer,11.02359620759738,47720.42510076759,38.6928226886668,0.0,1000.0,Pipeline,1528501.5087648712,H2LA_Station_Opt_Geotab_FCEV70kg_0To8000mi_25stations_5stDist,25,electrolysis,$2.00 - $5.00/kg
37.587,-122.364,11279,3.2918855391529696,electrolyzerExisting,3.629836971147008,37991.24901567247,0.0,0.0,3000.0,Onsite,1528501.5087648712,H2LA_Station_Opt_Geotab_FCEV70kg_0To8000mi_25stations_5stDist,25,electrolysis,$4.00 - $7.00/kg
37.587,-122.364,11279,3.2918855391529696,electrolyzerExisting,3.629836971147008,37991.24901567247,0.0,0.0,3000.0,Pipeline,1528501.5087648712,H2LA_Station_Opt_Geotab_FCEV70kg_0To8000mi_25stations_5stDist,25,electrolysis,$4.00 - $7.00/kg
37.705,-122.407,11323,2.438309002371194,electrolyzer,2.688630592416012,29182.647203415523,9.437093379380205,0.0,5500.0,Onsite,1528501.5087648712,H2LA_Station_Opt_Geotab_FCEV70kg_0To8000mi_25stations_5stDist,25,electrolysis,$6.50 - $9.50/kg
38.525,-121.463,11536,9.99973200663606,electrolyzerExisting,11.026324127197183,115405.6859752989,0.0,0.0,3000.0,Onsite,1528501.5087648712,H2LA_Station_Opt_Geotab_FCEV70kg_0To8000mi_25stations_5stDist,25,electrolysis,$4.00 - $7.00/kg
38.525,-121.463,11536,9.99973200663606,electrolyzerExisting,11.026324127197183,115405.6859752989,0.0,0.0,3000.0,Pipeline,1528501.5087648712,H2LA_Station_Opt_Geotab_FCEV70kg_0To8000mi_25stations_5stDist,25,electrolysis,$4.00 - $7.00/kg
33.945,-118.291,12678,9.994198694013992,electrolyzerExisting,11.02022276522218,115341.82685343968,0.0,0.0,3000.0,Onsite,1528501.5087648712,H2LA_Station_Opt_Geotab_FCEV70kg_0To8000mi_25stations_5stDist,25,electrolysis,$4.00 - $7.00/kg
33.945,-118.291,12678,9.994198694013992,electrolyzerExisting,11.02022276522218,115341.82685343968,0.0,0.0,3000.0,Pipeline,1528501.5087648712,H2LA_Station_Opt_Geotab_FCEV70kg_0To8000mi_25stations_5stDist,25,electrolysis,$4.00 - $7.00/kg
37.812,-121.294,14201,10.008496089466808,electrolyzerExisting,11.035987946521702,115506.83116978276,0.0,0.0,3000.0,Onsite,1528501.5087648712,H2LA_Station_Opt_Geotab_FCEV70kg_0To8000mi_25stations_5stDist,25,electrolysis,$4.00 - $7.00/kg
37.954,-121.271,14295,9.999816877501663,electrolyzerExisting,11.02641770860092,115406.66543372658,0.0,0.0,3000.0,Onsite,1528501.5087648712,H2LA_Station_Opt_Geotab_FCEV70kg_0To8000mi_25stations_5stDist,25,electrolysis,$4.00 - $7.00/kg
37.954,-121.271,14295,9.999816877501663,electrolyzerExisting,11.02641770860092,115406.66543372658,0.0,0.0,3000.0,Pipeline,1528501.5087648712,H2LA_Station_Opt_Geotab_FCEV70kg_0To8000mi_25stations_5stDist,25,electrolysis,$4.00 - $7.00/kg
34.07,-117.37,15891,9.998871285886828,electrolyzer,11.025375048854064,119670.44905448431,38.699066421477774,0.0,3000.0,Onsite,1528501.5087648712,H2LA_Station_Opt_Geotab_FCEV70kg_0To8000mi_25stations_5stDist,25,electrolysis,$4.00 - $7.00/kg
34.257,-110.024,4395,0.4434983965711168,electrolyzer,1.0,3223.0901494574814,1.7164911263804044,0.0,7500.0,Onsite,1528501.5087648712,H2LA_Station_Opt_Geotab_FCEV70kg_0To8000mi_25stations_5stDist,25,electrolysis,$8.50 - $11.50/kg
34.946,-104.637,72146,9.992290925284356,electrolyzerExisting,11.018119130281686,45960.71524350234,0.0,0.0,1500.0,Onsite,1528501.5087648712,H2LA_Station_Opt_Geotab_FCEV70kg_0To8000mi_25stations_5stDist,25,electrolysis,$2.50 - $5.50/kg
38.054,-122.155,8266,9.97336082737691,electrolyzerExisting,10.997240686150658,115101.28766450367,0.0,0.0,3000.0,Onsite,1528501.5087648712,H2LA_Station_Opt_Geotab_FCEV70kg_0To8000mi_25stations_5stDist,25,electrolysis,$4.00 - $7.00/kg
33.152,-96.287,95977,7.465492018817491,electrolyzerExisting,8.231914085574346,37566.3298913374,0.0,0.0,1000.0,Onsite,1528501.5087648712,H2LA_Station_Opt_Geotab_FCEV70kg_0To8000mi_25stations_5stDist,25,electrolysis,$2.00 - $5.00/kg
29.497,-98.399,96569,9.997830762534027,electrolyzerExisting,11.025626936917345,50310.87078093257,0.0,0.0,1000.0,Onsite,1528501.5087648712,H2LA_Station_Opt_Geotab_FCEV70kg_0To8000mi_25stations_5stDist,25,electrolysis,$2.00 - $5.00/kg
32.856,-96.768,99018,10.009323626054131,electrolyzerExisting,11.045504767976464,50378.08018671245,0.0,0.0,1000.0,Onsite,1528501.5087648712,H2LA_Station_Opt_Geotab_FCEV70kg_0To8000mi_25stations_5stDist,25,electrolysis,$2.00 - $5.00/kg
32.856,-96.768,99018,10.009323626054131,electrolyzerExisting,11.045504767976464,50378.08018671245,0.0,0.0,1000.0,Pipeline,1528501.5087648712,H2LA_Station_Opt_Geotab_FCEV70kg_0To8000mi_25stations_5stDist,25,electrolysis,$2.00 - $5.00/kg
32.648,-96.883,99189,9.998803401339604,electrolyzerExisting,11.025300167305778,50313.943869000985,0.0,0.0,1000.0,Onsite,1528501.5087648712,H2LA_Station_Opt_Geotab_FCEV70kg_0To8000mi_25stations_5stDist,25,electrolysis,$2.00 - $5.00/kg
33.73341025,-113.9782551,laPazAZ,,electrolyzerExisting,12.901144976616688,58198.21706237915,0.0,0.0,,Onsite,1528501.5087648712,H2LA_Station_Opt_Geotab_FCEV70kg_0To8000mi_25stations_5stDist,25,electrolysis,
33.73341025,-113.9782551,laPazAZ,,electrolyzerExisting,12.901144976616688,58198.21706237915,0.0,0.0,,Pipeline,1528501.5087648712,H2LA_Station_Opt_Geotab_FCEV70kg_0To8000mi_25stations_5stDist,25,electrolysis,
29.779,-95.124,100467,9.997597252958412,smr-noCCSExisting,11.485154458411923,9302.361147045413,0.0,0.0,1000.0,Onsite,539946.1332162635,H2LA_Station_Opt_Geotab_FCEV70kg_0To8000mi_35stations_5stDist,35,any,$2.00 - $5.00/kg
29.779,-95.124,100467,9.997597252958412,smr-noCCSExisting,11.485154458411923,9302.361147045413,0.0,0.0,1000.0,Pipeline,539946.1332162635,H2LA_Station_Opt_Geotab_FCEV70kg_0To8000mi_35stations_5stDist,35,any,$2.00 - $5.00/kg
29.93,-95.314,100920,10.005261716407956,smr-noCCSExisting,11.493959328655404,9309.492621258869,0.0,0.0,1000.0,Onsite,539946.1332162635,H2LA_Station_Opt_Geotab_FCEV70kg_0To8000mi_35stations_5stDist,35,any,$2.00 - $5.00/kg
29.93,-95.314,100920,10.005261716407956,smr-noCCSExisting,11.493959328655404,9309.492621258869,0.0,0.0,1000.0,Pipeline,539946.1332162635,H2LA_Station_Opt_Geotab_FCEV70kg_0To8000mi_35stations_5stDist,35,any,$2.00 - $5.00/kg
29.804,-94.981,100951,9.992768209562774,smr-noCCSExisting,11.47960689454413,9297.867916869762,0.0,0.0,1000.0,Onsite,539946.1332162635,H2LA_Station_Opt_Geotab_FCEV70kg_0To8000mi_35stations_5stDist,35,any,$2.00 - $5.00/kg
29.804,-94.981,100951,9.992768209562774,smr-noCCSExisting,11.47960689454413,9297.867916869762,0.0,0.0,1000.0,Pipeline,539946.1332162635,H2LA_Station_Opt_Geotab_FCEV70kg_0To8000mi_35stations_5stDist,35,any,$2.00 - $5.00/kg
29.931,-95.508,101402,10.034115837054411,smr-noCCS,11.527106696367998,8663.146866878718,93.3695642405808,0.0,1000.0,Onsite,539946.1332162635,H2LA_Station_Opt_Geotab_FCEV70kg_0To8000mi_35stations_5stDist,35,any,$2.00 - $5.00/kg
29.931,-95.508,101402,10.034115837054411,smr-noCCS,11.527106696367998,8663.146866878718,93.3695642405808,0.0,1000.0,Pipeline,539946.1332162635,H2LA_Station_Opt_Geotab_FCEV70kg_0To8000mi_35stations_5stDist,35,any,$2.00 - $5.00/kg
29.813,-95.292,101729,9.999995359077191,smr-noCCSExisting,11.487909382268624,9304.592488098808,0.0,0.0,1000.0,Onsite,539946.1332162635,H2LA_Station_Opt_Geotab_FCEV70kg_0To8000mi_35stations_5stDist,35,any,$2.00 - $5.00/kg
29.813,-95.292,101729,9.999995359077191,smr-noCCSExisting,11.487909382268624,9304.592488098808,0.0,0.0,1000.0,Pipeline,539946.1332162635,H2LA_Station_Opt_Geotab_FCEV70kg_0To8000mi_35stations_5stDist,35,any,$2.00 - $5.00/kg
27.799,-97.659,102754,9.99959505095265,smr-noCCSExisting,11.48770652102606,9304.303289493208,0.0,0.0,1000.0,Onsite,539946.1332162635,H2LA_Station_Opt_Geotab_FCEV70kg_0To8000mi_35stations_5stDist,35,any,$2.00 - $5.00/kg
30.022,-93.845,102997,9.999190270265132,smr-noCCSExisting,11.486984494240874,9303.843378238258,0.0,0.0,1000.0,Onsite,539946.1332162635,H2LA_Station_Opt_Geotab_FCEV70kg_0To8000mi_35stations_5stDist,35,any,$2.00 - $5.00/kg
30.376,-97.726,103539,9.998204633291891,smr-noCCSExisting,11.4866557593684,9303.186671457846,0.0,0.0,1000.0,Onsite,539946.1332162635,H2LA_Station_Opt_Geotab_FCEV70kg_0To8000mi_35stations_5stDist,35,any,$2.00 - $5.00/kg
30.376,-97.726,103539,9.998204633291891,smr-noCCSExisting,11.4866557593684,9303.186671457846,0.0,0.0,1000.0,Pipeline,539946.1332162635,H2LA_Station_Opt_Geotab_FCEV70kg_0To8000mi_35stations_5stDist,35,any,$2.00 - $5.00/kg
29.78,-95.882,104122,9.999898748545862,smr-noCCS,11.48779839512167,8633.604884163165,93.05116700048552,0.0,1000.0,Onsite,539946.1332162635,H2LA_Station_Opt_Geotab_FCEV70kg_0To8000mi_35stations_5stDist,35,any,$2.00 - $5.00/kg
32.319,-102.547,104234,1.4284819637425037,smr-noCCSExisting,10.0,4037.785491493874,0.0,0.0,1000.0,Onsite,539946.1332162635,H2LA_Station_Opt_Geotab_FCEV70kg_0To8000mi_35stations_5stDist,35,any,$2.00 - $5.00/kg
32.456,-97.385,105358,10.032319826445436,smr-noCCS,11.525043428619208,8661.59622698232,93.35285177181558,0.0,1000.0,Onsite,539946.1332162635,H2LA_Station_Opt_Geotab_FCEV70kg_0To8000mi_35stations_5stDist,35,any,$2.00 - $5.00/kg
32.731,-97.276,106176,10.011936699777134,smr-noCCS,11.501627483754708,8643.998075535363,93.16318261841316,0.0,1000.0,Onsite,539946.1332162635,H2LA_Station_Opt_Geotab_FCEV70kg_0To8000mi_35stations_5stDist,35,any,$2.00 - $5.00/kg
32.731,-97.276,106176,10.011936699777134,smr-noCCS,11.501627483754708,8643.998075535363,93.16318261841316,0.0,1000.0,Pipeline,539946.1332162635,H2LA_Station_Opt_Geotab_FCEV70kg_0To8000mi_35stations_5stDist,35,any,$2.00 - $5.00/kg
30.7,-101.207,107617,9.895289885503669,smr-noCCSExisting,11.367624600621106,9207.168245052677,0.0,0.0,1000.0,Onsite,539946.1332162635,H2LA_Station_Opt_Geotab_FCEV70kg_0To8000mi_35stations_5stDist,35,any,$2.00 - $5.00/kg
30.035,-94.15,108840,9.997258064000365,smr-noCCSExisting,11.48476481654758,9302.045553782264,0.0,0.0,1000.0,Onsite,539946.1332162635,H2LA_Station_Opt_Geotab_FCEV70kg_0To8000mi_35stations_5stDist,35,any,$2.00 - $5.00/kg
30.035,-94.15,108840,9.997258064000365,smr-noCCSExisting,11.48476481654758,9302.045553782264,0.0,0.0,1000.0,Pipeline,539946.1332162635,H2LA_Station_Opt_Geotab_FCEV70kg_0To8000mi_35stations_5stDist,35,any,$2.00 - $5.00/kg
30.209,-95.526,109345,9.998295981650315,smr-noCCSExisting,11.485957151973988,9303.011285920931,0.0,0.0,1000.0,Onsite,539946.1332162635,H2LA_Station_Opt_Geotab_FCEV70kg_0To8000mi_35stations_5stDist,35,any,$2.00 - $5.00/kg
37.587,-122.364,11279,3.291885540456822,smr-noCCSExisting,10.0,11151.580896248248,0.0,0.0,3000.0,Onsite,539946.1332162635,H2LA_Station_Opt_Geotab_FCEV70kg_0To8000mi_35stations_5stDist,35,any,$4.00 - $7.00/kg
37.587,-122.364,11279,3.291885540456822,smr-noCCSExisting,10.0,11151.580896248248,0.0,0.0,3000.0,Pipeline,539946.1332162635,H2LA_Station_Opt_Geotab_FCEV70kg_0To8000mi_35stations_5stDist,35,any,$4.00 - $7.00/kg
37.705,-122.407,11323,2.4383089992819587,smr-noCCSExisting,10.0,9100.234015182186,0.0,0.0,3000.0,Onsite,539946.1332162635,H2LA_Station_Opt_Geotab_FCEV70kg_0To8000mi_35stations_5stDist,35,any,$4.00 - $7.00/kg
38.525,-121.463,11536,9.999732005162633,smr-noCCSExisting,11.48760684119054,27754.17091127345,0.0,0.0,3000.0,Onsite,539946.1332162635,H2LA_Station_Opt_Geotab_FCEV70kg_0To8000mi_35stations_5stDist,35,any,$4.00 - $7.00/kg
38.525,-121.463,11536,9.999732005162633,smr-noCCSExisting,11.48760684119054,27754.17091127345,0.0,0.0,3000.0,Pipeline,539946.1332162635,H2LA_Station_Opt_Geotab_FCEV70kg_0To8000mi_35stations_5stDist,35,any,$4.00 - $7.00/kg
33.945,-118.291,12678,9.99419871119788,smr-noCCSExisting,11.481250231748378,27738.8132671944,0.0,0.0,3000.0,Onsite,539946.1332162635,H2LA_Station_Opt_Geotab_FCEV70kg_0To8000mi_35stations_5stDist,35,any,$4.00 - $7.00/kg
33.945,-118.291,12678,9.99419871119788,smr-noCCSExisting,11.481250231748378,27738.8132671944,0.0,0.0,3000.0,Pipeline,539946.1332162635,H2LA_Station_Opt_Geotab_FCEV70kg_0To8000mi_35stations_5stDist,35,any,$4.00 - $7.00/kg
37.812,-121.294,14201,10.00849609638608,smr-noCCSExisting,11.497674947484638,27778.49555492658,0.0,0.0,3000.0,Onsite,539946.1332162635,H2LA_Station_Opt_Geotab_FCEV70kg_0To8000mi_35stations_5stDist,35,any,$4.00 - $7.00/kg
37.954,-121.271,14295,9.999816882947403,smr-noCCSExisting,11.487704339720612,27754.40646867932,0.0,0.0,3000.0,Onsite,539946.1332162635,H2LA_Station_Opt_Geotab_FCEV70kg_0To8000mi_35stations_5stDist,35,any,$4.00 - $7.00/kg
37.954,-121.271,14295,9.999816882947403,smr-noCCSExisting,11.487704339720612,27754.40646867932,0.0,0.0,3000.0,Pipeline,539946.1332162635,H2LA_Station_Opt_Geotab_FCEV70kg_0To8000mi_35stations_5stDist,35,any,$4.00 - $7.00/kg
34.058,-117.181,15834,10.011163309560816,smr-noCCS,11.500738987201151,28896.08276926998,93.15598579632932,0.0,3500.0,Onsite,539946.1332162635,H2LA_Station_Opt_Geotab_FCEV70kg_0To8000mi_35stations_5stDist,35,any,$4.50 - $7.50/kg
34.07,-117.37,15891,9.998871293860873,smr-noCCSExisting,11.486618056574336,27751.781985999693,0.0,0.0,3000.0,Onsite,539946.1332162635,H2LA_Station_Opt_Geotab_FCEV70kg_0To8000mi_35stations_5stDist,35,any,$4.00 - $7.00/kg
34.07,-117.37,15891,9.998871293860873,smr-noCCSExisting,11.486618056574336,27751.781985999693,0.0,0.0,3000.0,Pipeline,539946.1332162635,H2LA_Station_Opt_Geotab_FCEV70kg_0To8000mi_35stations_5stDist,35,any,$4.00 - $7.00/kg
34.257,-110.024,4395,1.1074802623021127,electrolyzerExisting,1.0,1301.490576577515,0.0,0.0,1500.0,Onsite,539946.1332162635,H2LA_Station_Opt_Geotab_FCEV70kg_0To8000mi_35stations_5stDist,35,any,$2.50 - $5.50/kg
34.257,-110.024,4395,1.1074802623021127,smr-noCCSExisting,9.99999963434066,4635.109354299353,0.0,0.0,1500.0,Onsite,539946.1332162635,H2LA_Station_Opt_Geotab_FCEV70kg_0To8000mi_35stations_5stDist,35,any,$2.50 - $5.50/kg
31.974,-94.002,45870,10.00570528128798,smr-noCCS,11.49446887447306,8638.61805388699,93.10519788323175,0.0,1000.0,Onsite,539946.1332162635,H2LA_Station_Opt_Geotab_FCEV70kg_0To8000mi_35stations_5stDist,35,any,$2.00 - $5.00/kg
32.273,-107.714,71615,9.931175649634495,smr-noCCSExisting,11.408849889850384,14436.880341306083,0.0,0.0,1500.0,Onsite,539946.1332162635,H2LA_Station_Opt_Geotab_FCEV70kg_0To8000mi_35stations_5stDist,35,any,$2.50 - $5.50/kg
34.946,-104.637,72146,9.818882144888002,smr-noCCSExisting,11.479058592527029,14338.192205455964,0.0,0.0,1500.0,Onsite,539946.1332162635,H2LA_Station_Opt_Geotab_FCEV70kg_0To8000mi_35stations_5stDist,35,any,$2.50 - $5.50/kg
38.054,-122.155,8266,9.9733608348229,smr-noCCSExisting,11.457311855818288,27680.97791595024,0.0,0.0,3000.0,Onsite,539946.1332162635,H2LA_Station_Opt_Geotab_FCEV70kg_0To8000mi_35stations_5stDist,35,any,$4.00 - $7.00/kg
34.179,-118.857,9130,1.5394747520790006,smr-noCCSExisting,10.0,6940.122139017696,0.0,0.0,3000.0,Onsite,539946.1332162635,H2LA_Station_Opt_Geotab_FCEV70kg_0To8000mi_35stations_5stDist,35,any,$4.00 - $7.00/kg
32.801,-115.57,9454,6.145768342597218,smr-noCCSExisting,10.0,18010.13813311896,0.0,0.0,3000.0,Onsite,539946.1332162635,H2LA_Station_Opt_Geotab_FCEV70kg_0To8000mi_35stations_5stDist,35,any,$4.00 - $7.00/kg
32.801,-115.57,9454,6.145768342597218,smr-noCCSExisting,10.0,18010.13813311896,0.0,0.0,3000.0,Pipeline,539946.1332162635,H2LA_Station_Opt_Geotab_FCEV70kg_0To8000mi_35stations_5stDist,35,any,$4.00 - $7.00/kg
31.051,-97.484,95509,10.03916528235957,smr-noCCS,11.53290745606972,8667.506402585223,93.41655039416474,0.0,1000.0,Onsite,539946.1332162635,H2LA_Station_Opt_Geotab_FCEV70kg_0To8000mi_35stations_5stDist,35,any,$2.00 - $5.00/kg
33.152,-96.287,95977,7.465492016118621,smr-noCCSExisting,10.0,7407.677035577542,0.0,0.0,1000.0,Onsite,539946.1332162635,H2LA_Station_Opt_Geotab_FCEV70kg_0To8000mi_35stations_5stDist,35,any,$2.00 - $5.00/kg
29.497,-98.399,96569,9.999099743994718,smr-noCCSExisting,11.486880490088303,9303.75914043445,0.0,0.0,1000.0,Onsite,539946.1332162635,H2LA_Station_Opt_Geotab_FCEV70kg_0To8000mi_35stations_5stDist,35,any,$2.00 - $5.00/kg
30.744,-98.233,98497,10.028571781369992,smr-noCCSExisting,11.52073773248092,9331.181696858886,0.0,0.0,1000.0,Onsite,539946.1332162635,H2LA_Station_Opt_Geotab_FCEV70kg_0To8000mi_35stations_5stDist,35,any,$2.00 - $5.00/kg
32.856,-96.768,99018,9.999921754128623,smr-noCCSExisting,11.507589896183315,9310.92867353109,0.0,0.0,1000.0,Onsite,539946.1332162635,H2LA_Station_Opt_Geotab_FCEV70kg_0To8000mi_35stations_5stDist,35,any,$2.00 - $5.00/kg
32.648,-96.883,99189,9.998652251613684,smr-noCCSExisting,11.486540045277676,9303.399038431804,0.0,0.0,1000.0,Onsite,539946.1332162635,H2LA_Station_Opt_Geotab_FCEV70kg_0To8000mi_35stations_5stDist,35,any,$2.00 - $5.00/kg
32.648,-96.883,99189,9.998652251613684,smr-noCCSExisting,11.486540045277676,9303.399038431804,0.0,0.0,1000.0,Pipeline,539946.1332162635,H2LA_Station_Opt_Geotab_FCEV70kg_0To8000mi_35stations_5stDist,35,any,$2.00 - $5.00/kg
32.793,-96.684,99467,10.01276262652238,smr-noCCSExisting,11.519096826899348,9321.825222554278,0.0,0.0,1000.0,Onsite,539946.1332162635,H2LA_Station_Opt_Geotab_FCEV70kg_0To8000mi_35stations_5stDist,35,any,$2.00 - $5.00/kg
32.793,-96.684,99467,10.01276262652238,smr-noCCSExisting,11.519096826899348,9321.825222554278,0.0,0.0,1000.0,Pipeline,539946.1332162635,H2LA_Station_Opt_Geotab_FCEV70kg_0To8000mi_35stations_5stDist,35,any,$2.00 - $5.00/kg
29.779,-95.124,100467,9.997597252958412,electrolyzerExisting,11.02397022032924,50307.87465759532,0.0,0.0,1000.0,Onsite,2119993.047774248,H2LA_Station_Opt_Geotab_FCEV70kg_0To8000mi_35stations_5stDist,35,electrolysis,$2.00 - $5.00/kg
29.779,-95.124,100467,9.997597252958412,electrolyzerExisting,11.02397022032924,50307.87465759532,0.0,0.0,1000.0,Pipeline,2119993.047774248,H2LA_Station_Opt_Geotab_FCEV70kg_0To8000mi_35stations_5stDist,35,electrolysis,$2.00 - $5.00/kg
29.93,-95.314,100920,10.005261716407956,electrolyzerExisting,11.032421529674629,50346.4421974873,0.0,0.0,1000.0,Onsite,2119993.047774248,H2LA_Station_Opt_Geotab_FCEV70kg_0To8000mi_35stations_5stDist,35,electrolysis,$2.00 - $5.00/kg
29.93,-95.314,100920,10.005261716407956,electrolyzerExisting,11.032421529674629,50346.4421974873,0.0,0.0,1000.0,Pipeline,2119993.047774248,H2LA_Station_Opt_Geotab_FCEV70kg_0To8000mi_35stations_5stDist,35,electrolysis,$2.00 - $5.00/kg
29.804,-94.981,100951,9.992768209562774,electrolyzerExisting,11.018645419337217,50283.57493476141,0.0,0.0,1000.0,Onsite,2119993.047774248,H2LA_Station_Opt_Geotab_FCEV70kg_0To8000mi_35stations_5stDist,35,electrolysis,$2.00 - $5.00/kg
29.804,-94.981,100951,9.992768209562774,electrolyzerExisting,11.018645419337217,50283.57493476141,0.0,0.0,1000.0,Pipeline,2119993.047774248,H2LA_Station_Opt_Geotab_FCEV70kg_0To8000mi_35stations_5stDist,35,electrolysis,$2.00 - $5.00/kg
29.931,-95.508,101402,10.034115837054411,electrolyzer,11.064237876431909,47896.36022003944,38.835474946276,0.0,1000.0,Onsite,2119993.047774248,H2LA_Station_Opt_Geotab_FCEV70kg_0To8000mi_35stations_5stDist,35,electrolysis,$2.00 - $5.00/kg
29.931,-95.508,101402,10.034115837054411,electrolyzer,11.064237876431909,47896.36022003944,38.835474946276,0.0,1000.0,Pipeline,2119993.047774248,H2LA_Station_Opt_Geotab_FCEV70kg_0To8000mi_35stations_5stDist,35,electrolysis,$2.00 - $5.00/kg
29.813,-95.292,101729,9.999995359077191,electrolyzerExisting,11.026614519137803,50319.94191198368,0.0,0.0,1000.0,Onsite,2119993.047774248,H2LA_Station_Opt_Geotab_FCEV70kg_0To8000mi_35stations_5stDist,35,electrolysis,$2.00 - $5.00/kg
29.813,-95.292,101729,9.999995359077191,electrolyzerExisting,11.026614519137803,50319.94191198368,0.0,0.0,1000.0,Pipeline,2119993.047774248,H2LA_Station_Opt_Geotab_FCEV70kg_0To8000mi_35stations_5stDist,35,electrolysis,$2.00 - $5.00/kg
27.799,-97.659,102754,9.99959505095265,electrolyzerExisting,11.026419788605606,50318.24861127629,0.0,0.0,1000.0,Onsite,2119993.047774248,H2LA_Station_Opt_Geotab_FCEV70kg_0To8000mi_35stations_5stDist,35,electrolysis,$2.00 - $5.00/kg
30.022,-93.845,102997,9.999190270265132,electrolyzerExisting,11.02572675479665,50315.8906004954,0.0,0.0,1000.0,Onsite,2119993.047774248,H2LA_Station_Opt_Geotab_FCEV70kg_0To8000mi_35stations_5stDist,35,electrolysis,$2.00 - $5.00/kg
30.376,-97.726,103539,9.998204633291891,electrolyzerExisting,11.025411230151992,50311.93481359193,0.0,0.0,1000.0,Onsite,2119993.047774248,H2LA_Station_Opt_Geotab_FCEV70kg_0To8000mi_35stations_5stDist,35,electrolysis,$2.00 - $5.00/kg
30.376,-97.726,103539,9.998204633291891,electrolyzerExisting,11.025411230151992,50311.93481359193,0.0,0.0,1000.0,Pipeline,2119993.047774248,H2LA_Station_Opt_Geotab_FCEV70kg_0To8000mi_35stations_5stDist,35,electrolysis,$2.00 - $5.00/kg
29.78,-95.882,104122,9.999898748545862,electrolyzer,11.026507994660768,47733.03003602203,38.7030430612593,0.0,1000.0,Onsite,2119993.047774248,H2LA_Station_Opt_Geotab_FCEV70kg_0To8000mi_35stations_5stDist,35,electrolysis,$2.00 - $5.00/kg
32.319,-102.547,104234,1.4284819637425037,electrolyzerExisting,1.5751327205467234,7188.116249462715,0.0,0.0,1000.0,Onsite,2119993.047774248,H2LA_Station_Opt_Geotab_FCEV70kg_0To8000mi_35stations_5stDist,35,electrolysis,$2.00 - $5.00/kg
32.456,-97.385,105358,10.032319826445436,electrolyzer,11.062257484534529,47887.7872333816,38.8285237707162,0.0,1000.0,Onsite,2119993.047774248,H2LA_Station_Opt_Geotab_FCEV70kg_0To8000mi_35stations_5stDist,35,electrolysis,$2.00 - $5.00/kg
32.731,-97.276,106176,10.011936699777134,electrolyzer,11.03978178592687,47790.49140797255,38.74963406860331,0.0,1000.0,Onsite,2119993.047774248,H2LA_Station_Opt_Geotab_FCEV70kg_0To8000mi_35stations_5stDist,35,electrolysis,$2.00 - $5.00/kg
32.731,-97.276,106176,10.011936699777134,electrolyzer,11.03978178592687,47790.49140797255,38.74963406860331,0.0,1000.0,Pipeline,2119993.047774248,H2LA_Station_Opt_Geotab_FCEV70kg_0To8000mi_35stations_5stDist,35,electrolysis,$2.00 - $5.00/kg
30.7,-101.207,107617,9.895289885503669,electrolyzerExisting,10.911159752174928,49793.06422373674,0.0,0.0,1000.0,Onsite,2119993.047774248,H2LA_Station_Opt_Geotab_FCEV70kg_0To8000mi_35stations_5stDist,35,electrolysis,$2.00 - $5.00/kg
30.035,-94.15,108840,9.997258064000365,electrolyzerExisting,11.02359620759738,50306.16785094956,0.0,0.0,1000.0,Onsite,2119993.047774248,H2LA_Station_Opt_Geotab_FCEV70kg_0To8000mi_35stations_5stDist,35,electrolysis,$2.00 - $5.00/kg
30.035,-94.15,108840,9.997258064000365,electrolyzerExisting,11.02359620759738,50306.16785094956,0.0,0.0,1000.0,Pipeline,2119993.047774248,H2LA_Station_Opt_Geotab_FCEV70kg_0To8000mi_35stations_5stDist,35,electrolysis,$2.00 - $5.00/kg
30.209,-95.526,109345,9.998295981650315,electrolyzerExisting,11.024740677487632,50311.39063789813,0.0,0.0,1000.0,Onsite,2119993.047774248,H2LA_Station_Opt_Geotab_FCEV70kg_0To8000mi_35stations_5stDist,35,electrolysis,$2.00 - $5.00/kg
37.587,-122.364,11279,3.291885540456822,electrolyzerExisting,3.629836971147008,37991.2490147525,0.0,0.0,3000.0,Onsite,2119993.047774248,H2LA_Station_Opt_Geotab_FCEV70kg_0To8000mi_35stations_5stDist,35,electrolysis,$4.00 - $7.00/kg
37.587,-122.364,11279,3.291885540456822,electrolyzerExisting,3.629836971147008,37991.2490147525,0.0,0.0,3000.0,Pipeline,2119993.047774248,H2LA_Station_Opt_Geotab_FCEV70kg_0To8000mi_35stations_5stDist,35,electrolysis,$4.00 - $7.00/kg
37.705,-122.407,11323,2.4383089992819587,electrolyzerExisting,2.688630592416012,28140.226450137565,0.0,0.0,3000.0,Onsite,2119993.047774248,H2LA_Station_Opt_Geotab_FCEV70kg_0To8000mi_35stations_5stDist,35,electrolysis,$4.00 - $7.00/kg
38.525,-121.463,11536,9.999732005162633,electrolyzerExisting,11.026324127197183,115405.6859752989,0.0,0.0,3000.0,Onsite,2119993.047774248,H2LA_Station_Opt_Geotab_FCEV70kg_0To8000mi_35stations_5stDist,35,electrolysis,$4.00 - $7.00/kg
38.525,-121.463,11536,9.999732005162633,electrolyzerExisting,11.026324127197183,115405.6859752989,0.0,0.0,3000.0,Pipeline,2119993.047774248,H2LA_Station_Opt_Geotab_FCEV70kg_0To8000mi_35stations_5stDist,35,electrolysis,$4.00 - $7.00/kg
33.945,-118.291,12678,9.99419871119788,electrolyzerExisting,11.02022276522218,115341.82680918094,0.0,0.0,3000.0,Onsite,2119993.047774248,H2LA_Station_Opt_Geotab_FCEV70kg_0To8000mi_35stations_5stDist,35,electrolysis,$4.00 - $7.00/kg
33.945,-118.291,12678,9.99419871119788,electrolyzerExisting,11.02022276522218,115341.82680918094,0.0,0.0,3000.0,Pipeline,2119993.047774248,H2LA_Station_Opt_Geotab_FCEV70kg_0To8000mi_35stations_5stDist,35,electrolysis,$4.00 - $7.00/kg
37.812,-121.294,14201,10.00849609638608,electrolyzerExisting,11.035987946521702,115506.83116978276,0.0,0.0,3000.0,Onsite,2119993.047774248,H2LA_Station_Opt_Geotab_FCEV70kg_0To8000mi_35stations_5stDist,35,electrolysis,$4.00 - $7.00/kg
37.954,-121.271,14295,9.999816882947403,electrolyzerExisting,11.02641770860092,115406.66543372658,0.0,0.0,3000.0,Onsite,2119993.047774248,H2LA_Station_Opt_Geotab_FCEV70kg_0To8000mi_35stations_5stDist,35,electrolysis,$4.00 - $7.00/kg
37.954,-121.271,14295,9.999816882947403,electrolyzerExisting,11.02641770860092,115406.66543372658,0.0,0.0,3000.0,Pipeline,2119993.047774248,H2LA_Station_Opt_Geotab_FCEV70kg_0To8000mi_35stations_5stDist,35,electrolysis,$4.00 - $7.00/kg
34.07,-117.37,15891,9.998871293860873,electrolyzerExisting,11.025375048854064,115395.75256177248,0.0,0.0,3000.0,Onsite,2119993.047774248,H2LA_Station_Opt_Geotab_FCEV70kg_0To8000mi_35stations_5stDist,35,electrolysis,$4.00 - $7.00/kg
34.07,-117.37,15891,9.998871293860873,electrolyzerExisting,11.025375048854064,115395.75256177248,0.0,0.0,3000.0,Pipeline,2119993.047774248,H2LA_Station_Opt_Geotab_FCEV70kg_0To8000mi_35stations_5stDist,35,electrolysis,$4.00 - $7.00/kg
34.257,-110.024,4395,1.1074802623021127,electrolyzerExisting,1.999999980492884,7498.996267752507,0.0,0.0,1500.0,Onsite,2119993.047774248,H2LA_Station_Opt_Geotab_FCEV70kg_0To8000mi_35stations_5stDist,35,electrolysis,$2.50 - $5.50/kg
31.974,-94.002,45870,10.00570528128798,electrolyzer,11.032910638110389,47760.7466596565,38.72551633976746,0.0,1000.0,Onsite,2119993.047774248,H2LA_Station_Opt_Geotab_FCEV70kg_0To8000mi_35stations_5stDist,35,electrolysis,$2.00 - $5.00/kg
32.273,-107.714,71615,9.931175649634495,electrolyzerExisting,10.95072964345297,45679.60837033394,0.0,0.0,1500.0,Onsite,2119993.047774248,H2LA_Station_Opt_Geotab_FCEV70kg_0To8000mi_35stations_5stDist,35,electrolysis,$2.50 - $5.50/kg
34.946,-104.637,72146,9.818882144888002,electrolyzerExisting,11.018119130281686,45411.9608865387,0.0,0.0,1500.0,Onsite,2119993.047774248,H2LA_Station_Opt_Geotab_FCEV70kg_0To8000mi_35stations_5stDist,35,electrolysis,$2.50 - $5.50/kg
38.054,-122.155,8266,9.9733608348229,electrolyzerExisting,10.997240686150658,115101.28766215502,0.0,0.0,3000.0,Onsite,2119993.047774248,H2LA_Station_Opt_Geotab_FCEV70kg_0To8000mi_35stations_5stDist,35,electrolysis,$4.00 - $7.00/kg
34.179,-118.857,9130,1.5394747520790006,electrolyzer,1.6975202562427292,18425.04317934877,5.958296099411979,0.0,3000.0,Onsite,2119993.047774248,H2LA_Station_Opt_Geotab_FCEV70kg_0To8000mi_35stations_5stDist,35,electrolysis,$4.00 - $7.00/kg
31.051,-97.484,95509,10.03916528235957,electrolyzer,11.06980570806805,47920.46299807689,38.85501803531886,0.0,1000.0,Onsite,2119993.047774248,H2LA_Station_Opt_Geotab_FCEV70kg_0To8000mi_35stations_5stDist,35,electrolysis,$2.00 - $5.00/kg
33.152,-96.287,95977,7.465492016118621,electrolyzerExisting,8.231914085574346,37566.3298913374,0.0,0.0,1000.0,Onsite,2119993.047774248,H2LA_Station_Opt_Geotab_FCEV70kg_0To8000mi_35stations_5stDist,35,electrolysis,$2.00 - $5.00/kg
29.497,-98.399,96569,9.999099743994718,electrolyzerExisting,11.025626936917345,50315.4350817249,0.0,0.0,1000.0,Onsite,2119993.047774248,H2LA_Station_Opt_Geotab_FCEV70kg_0To8000mi_35stations_5stDist,35,electrolysis,$2.00 - $5.00/kg
30.744,-98.233,98497,10.028571781369992,electrolyzerExisting,11.058124651772337,50463.73836383721,0.0,0.0,1000.0,Onsite,2119993.047774248,H2LA_Station_Opt_Geotab_FCEV70kg_0To8000mi_35stations_5stDist,35,electrolysis,$2.00 - $5.00/kg
32.856,-96.768,99018,9.999921754128623,electrolyzerExisting,11.045504767976464,50344.26265709496,0.0,0.0,1000.0,Onsite,2119993.047774248,H2LA_Station_Opt_Geotab_FCEV70kg_0To8000mi_35stations_5stDist,35,electrolysis,$2.00 - $5.00/kg
32.648,-96.883,99189,9.998652251613684,electrolyzerExisting,11.025300167305778,50313.40029560412,0.0,0.0,1000.0,Onsite,2119993.047774248,H2LA_Station_Opt_Geotab_FCEV70kg_0To8000mi_35stations_5stDist,35,electrolysis,$2.00 - $5.00/kg
32.648,-96.883,99189,9.998652251613684,electrolyzerExisting,11.025300167305778,50313.40029560412,0.0,0.0,1000.0,Pipeline,2119993.047774248,H2LA_Station_Opt_Geotab_FCEV70kg_0To8000mi_35stations_5stDist,35,electrolysis,$2.00 - $5.00/kg
32.793,-96.684,99467,10.01276262652238,electrolyzerExisting,11.056549635303904,50404.824684260304,0.0,0.0,1000.0,Onsite,2119993.047774248,H2LA_Station_Opt_Geotab_FCEV70kg_0To8000mi_35stations_5stDist,35,electrolysis,$2.00 - $5.00/kg
32.793,-96.684,99467,10.01276262652238,electrolyzerExisting,11.056549635303904,50404.824684260304,0.0,0.0,1000.0,Pipeline,2119993.047774248,H2LA_Station_Opt_Geotab_FCEV70kg_0To8000mi_35stations_5stDist,35,electrolysis,$2.00 - $5.00/kg
33.73341025,-113.9782551,laPazAZ,,electrolyzerExisting,12.901144976616688,67144.99934546194,0.0,0.0,,Onsite,2119993.047774248,H2LA_Station_Opt_Geotab_FCEV70kg_0To8000mi_35stations_5stDist,35,electrolysis,
33.73341025,-113.9782551,laPazAZ,,electrolyzerExisting,12.901144976616688,67144.99934546194,0.0,0.0,,Pipeline,2119993.047774248,H2LA_Station_Opt_Geotab_FCEV70kg_0To8000mi_35stations_5stDist,35,electrolysis,
32.319,-102.547,104234,1.4284819637425037,electrolyzerExisting,1.5751327184748618,7188.1162400077765,0.0,0.0,1000.0,Onsite,1152614.5780648894,H2LA_Station_Opt_Geotab_FCEV70kg_0To8000mi_35stations_5stDist,35,low_carbon,$2.00 - $5.00/kg
34.257,-110.024,4395,1.1074802623021127,electrolyzerExisting,1.0,5310.751884577535,0.0,0.0,1500.0,Onsite,1152614.5780648894,H2LA_Station_Opt_Geotab_FCEV70kg_0To8000mi_35stations_5stDist,35,low_carbon,$2.50 - $5.50/kg
32.273,-107.714,71615,9.931175649634495,electrolyzerExisting,10.950729640462653,45679.60835815164,0.0,0.0,1500.0,Onsite,1152614.5780648894,H2LA_Station_Opt_Geotab_FCEV70kg_0To8000mi_35stations_5stDist,35,low_carbon,$2.50 - $5.50/kg
34.946,-104.637,72146,9.818882144888002,electrolyzerExisting,11.018119132076752,45411.960883345215,0.0,0.0,1500.0,Onsite,1152614.5780648894,H2LA_Station_Opt_Geotab_FCEV70kg_0To8000mi_35stations_5stDist,35,low_carbon,$2.50 - $5.50/kg
37.64275382,-121.8775366,alamedaCA,,smr-CCSExisting,21.48770433337546,53893.88116643127,0.0,0.0,,Onsite,1152614.5780648894,H2LA_Station_Opt_Geotab_FCEV70kg_0To8000mi_35stations_5stDist,35,low_carbon,
37.64275382,-121.8775366,alamedaCA,,smr-CCSExisting,21.48770433337546,53893.88116643127,0.0,0.0,,Pipeline,1152614.5780648894,H2LA_Station_Opt_Geotab_FCEV70kg_0To8000mi_35stations_5stDist,35,low_carbon,
29.84087424,-97.63039017,caldwellTX,,smr-CCS,11.544258517723126,11540.505985106229,9.35084939935573,84.15764459420159,,Onsite,1152614.5780648894,H2LA_Station_Opt_Geotab_FCEV70kg_0To8000mi_35stations_5stDist,35,low_carbon,
29.84087424,-97.63039017,caldwellTX,,smr-CCS,11.544258517723126,11540.505985106229,9.35084939935573,84.15764459420159,,Pipeline,1152614.5780648894,H2LA_Station_Opt_Geotab_FCEV70kg_0To8000mi_35stations_5stDist,35,low_carbon,
29.84087424,-97.63039017,caldwellTX,,smr-CCSExisting,34.49450282286753,37512.62828377935,0.0,0.0,,Onsite,1152614.5780648894,H2LA_Station_Opt_Geotab_FCEV70kg_0To8000mi_35stations_5stDist,35,low_carbon,
29.84087424,-97.63039017,caldwellTX,,smr-CCSExisting,34.49450282286753,37512.62828377935,0.0,0.0,,Pipeline,1152614.5780648894,H2LA_Station_Opt_Geotab_FCEV70kg_0To8000mi_35stations_5stDist,35,low_carbon,
32.77382278,-96.77460664,dallasTX,,smr-CCS,22.971244878207827,22963.77793301392,18.60670835134834,167.46037516213508,,Onsite,1152614.5780648894,H2LA_Station_Opt_Geotab_FCEV70kg_0To8000mi_35stations_5stDist,35,low_carbon,
32.77382278,-96.77460664,dallasTX,,smr-CCS,22.971244878207827,22963.77793301392,18.60670835134834,167.46037516213508,,Pipeline,1152614.5780648894,H2LA_Station_Opt_Geotab_FCEV70kg_0To8000mi_35stations_5stDist,35,low_carbon,
32.77382278,-96.77460664,dallasTX,,smr-CCSExisting,43.10848721288461,46880.30046401942,0.0,0.0,,Onsite,1152614.5780648894,H2LA_Station_Opt_Geotab_FCEV70kg_0To8000mi_35stations_5stDist,35,low_carbon,
32.77382278,-96.77460664,dallasTX,,smr-CCSExisting,43.10848721288461,46880.30046401942,0.0,0.0,,Pipeline,1152614.5780648894,H2LA_Station_Opt_Geotab_FCEV70kg_0To8000mi_35stations_5stDist,35,low_carbon,
33.73341025,-113.9782551,laPazAZ,,smr-CCSExisting,13.44086021505377,20012.58794264254,0.0,0.0,,Onsite,1152614.5780648894,H2LA_Station_Opt_Geotab_FCEV70kg_0To8000mi_35stations_5stDist,35,low_carbon,
33.73341025,-113.9782551,laPazAZ,,smr-CCSExisting,13.44086021505377,20012.58794264254,0.0,0.0,,Pipeline,1152614.5780648894,H2LA_Station_Opt_Geotab_FCEV70kg_0To8000mi_35stations_5stDist,35,low_carbon,
30.15482974,-94.81749325,libertyTX,,smr-CCS,23.12115556165797,23113.63988706941,18.72813600494296,168.55322404448663,,Onsite,1152614.5780648894,H2LA_Station_Opt_Geotab_FCEV70kg_0To8000mi_35stations_5stDist,35,low_carbon,
30.15482974,-94.81749325,libertyTX,,smr-CCS,23.12115556165797,23113.63988706941,18.72813600494296,168.55322404448663,,Pipeline,1152614.5780648894,H2LA_Station_Opt_Geotab_FCEV70kg_0To8000mi_35stations_5stDist,35,low_carbon,
30.15482974,-94.81749325,libertyTX,,smr-CCSExisting,80.43915213015052,87477.24322381958,0.0,0.0,,Onsite,1152614.5780648894,H2LA_Station_Opt_Geotab_FCEV70kg_0To8000mi_35stations_5stDist,35,low_carbon,
30.15482974,-94.81749325,libertyTX,,smr-CCSExisting,80.43915213015052,87477.24322381958,0.0,0.0,,Pipeline,1152614.5780648894,H2LA_Station_Opt_Geotab_FCEV70kg_0To8000mi_35stations_5stDist,35,low_carbon,
34.32209948,-118.2225598,losAngelesCA,,smr-CCS,11.500739026851152,34956.327776485654,9.315598611749431,83.8403875057449,,Onsite,1152614.5780648894,H2LA_Station_Opt_Geotab_FCEV70kg_0To8000mi_35stations_5stDist,35,low_carbon,
34.32209948,-118.2225598,losAngelesCA,,smr-CCS,11.500739026851152,34956.327776485654,9.315598611749431,83.8403875057449,,Pipeline,1152614.5780648894,H2LA_Station_Opt_Geotab_FCEV70kg_0To8000mi_35stations_5stDist,35,low_carbon,
34.32209948,-118.2225598,losAngelesCA,,smr-CCSExisting,22.967868292176146,66476.47732108211,0.0,0.0,,Onsite,1152614.5780648894,H2LA_Station_Opt_Geotab_FCEV70kg_0To8000mi_35stations_5stDist,35,low_carbon,
34.32209948,-118.2225598,losAngelesCA,,smr-CCSExisting,22.967868292176146,66476.47732108211,0.0,0.0,,Pipeline,1152614.5780648894,H2LA_Station_Opt_Geotab_FCEV70kg_0To8000mi_35stations_5stDist,35,low_carbon,
31.62004685,-94.61748025,nacogdochesTX,,smr-CCS,11.494468895264234,11490.732547072,9.310519805164027,83.79467824647627,,Onsite,1152614.5780648894,H2LA_Station_Opt_Geotab_FCEV70kg_0To8000mi_35stations_5stDist,35,low_carbon,
31.62004685,-94.61748025,nacogdochesTX,,smr-CCS,11.494468895264234,11490.732547072,9.310519805164027,83.79467824647627,,Pipeline,1152614.5780648894,H2LA_Station_Opt_Geotab_FCEV70kg_0To8000mi_35stations_5stDist,35,low_carbon,
28.00346828,-97.51134264,sanPatricioTX,,smr-CCSExisting,11.48770650490522,12492.678769470958,0.0,0.0,,Onsite,1152614.5780648894,H2LA_Station_Opt_Geotab_FCEV70kg_0To8000mi_35stations_5stDist,35,low_carbon,
28.00346828,-97.51134264,sanPatricioTX,,smr-CCSExisting,11.48770650490522,12492.678769470958,0.0,0.0,,Pipeline,1152614.5780648894,H2LA_Station_Opt_Geotab_FCEV70kg_0To8000mi_35stations_5stDist,35,low_carbon,
30.89254422,-100.5366337,schleicherTX,,smr-CCSExisting,11.367624600662104,12362.24445106335,0.0,0.0,,Onsite,1152614.5780648894,H2LA_Station_Opt_Geotab_FCEV70kg_0To8000mi_35stations_5stDist,35,low_carbon,
30.89254422,-100.5366337,schleicherTX,,smr-CCSExisting,11.367624600662104,12362.24445106335,0.0,0.0,,Pipeline,1152614.5780648894,H2LA_Station_Opt_Geotab_FCEV70kg_0To8000mi_35stations_5stDist,35,low_carbon,
39.03361022,-121.6882005,sutterCA,,smr-CCSExisting,38.96517025090788,101993.6088299346,0.0,0.0,,Onsite,1152614.5780648894,H2LA_Station_Opt_Geotab_FCEV70kg_0To8000mi_35stations_5stDist,35,low_carbon,
39.03361022,-121.6882005,sutterCA,,smr-CCSExisting,38.96517025090788,101993.6088299346,0.0,0.0,,Pipeline,1152614.5780648894,H2LA_Station_Opt_Geotab_FCEV70kg_0To8000mi_35stations_5stDist,35,low_carbon,
33.01,-97.036,100175,10.030258193595085,electrolyzerExisting,11.059984191575916,50472.22437146355,0.0,0.0,1000.0,Onsite,3449977.155698012,H2LA_Station_Opt_Geotab_FCEV70kg_0To8000mi_55stations_5stDist,55,electrolysis,$2.00 - $5.00/kg
33.01,-97.036,100175,10.030258193595085,electrolyzerExisting,11.059984191575916,50472.22437146355,0.0,0.0,1000.0,Pipeline,3449977.155698012,H2LA_Station_Opt_Geotab_FCEV70kg_0To8000mi_55stations_5stDist,55,electrolysis,$2.00 - $5.00/kg
33.235,-97.016,100178,10.040713562154863,electrolyzer,11.071512937293024,47927.85348143875,38.86101040989851,0.0,1000.0,Onsite,3449977.155698012,H2LA_Station_Opt_Geotab_FCEV70kg_0To8000mi_55stations_5stDist,55,electrolysis,$2.00 - $5.00/kg
29.779,-95.124,100467,9.997597254888133,electrolyzerExisting,11.02397022032924,50307.87466115817,0.0,0.0,1000.0,Onsite,3449977.155698012,H2LA_Station_Opt_Geotab_FCEV70kg_0To8000mi_55stations_5stDist,55,electrolysis,$2.00 - $5.00/kg
29.779,-95.124,100467,9.997597254888133,electrolyzerExisting,11.02397022032924,50307.87466115817,0.0,0.0,1000.0,Pipeline,3449977.155698012,H2LA_Station_Opt_Geotab_FCEV70kg_0To8000mi_55stations_5stDist,55,electrolysis,$2.00 - $5.00/kg
29.816,-95.809,100639,10.044447990849743,electrolyzerExisting,11.07563074408975,50543.62739778009,0.0,0.0,1000.0,Onsite,3449977.155698012,H2LA_Station_Opt_Geotab_FCEV70kg_0To8000mi_55stations_5stDist,55,electrolysis,$2.00 - $5.00/kg
29.816,-95.809,100639,10.044447990849743,electrolyzerExisting,11.07563074408975,50543.62739778009,0.0,0.0,1000.0,Pipeline,3449977.155698012,H2LA_Station_Opt_Geotab_FCEV70kg_0To8000mi_55stations_5stDist,55,electrolysis,$2.00 - $5.00/kg
29.93,-95.314,100920,10.005261718503204,electrolyzerExisting,11.032421529674629,50346.44220448383,0.0,0.0,1000.0,Onsite,3449977.155698012,H2LA_Station_Opt_Geotab_FCEV70kg_0To8000mi_55stations_5stDist,55,electrolysis,$2.00 - $5.00/kg
29.93,-95.314,100920,10.005261718503204,electrolyzerExisting,11.032421529674629,50346.44220448383,0.0,0.0,1000.0,Pipeline,3449977.155698012,H2LA_Station_Opt_Geotab_FCEV70kg_0To8000mi_55stations_5stDist,55,electrolysis,$2.00 - $5.00/kg
29.804,-94.981,100951,9.988860089408334,electrolyzerExisting,11.018645419337217,50269.5178506733,0.0,0.0,1000.0,Onsite,3449977.155698012,H2LA_Station_Opt_Geotab_FCEV70kg_0To8000mi_55stations_5stDist,55,electrolysis,$2.00 - $5.00/kg
29.804,-94.981,100951,9.988860089408334,electrolyzerExisting,11.018645419337217,50269.5178506733,0.0,0.0,1000.0,Pipeline,3449977.155698012,H2LA_Station_Opt_Geotab_FCEV70kg_0To8000mi_55stations_5stDist,55,electrolysis,$2.00 - $5.00/kg
29.931,-95.508,101402,10.033037159254146,electrolyzerExisting,11.064237876431909,50487.75615475656,0.0,0.0,1000.0,Onsite,3449977.155698012,H2LA_Station_Opt_Geotab_FCEV70kg_0To8000mi_55stations_5stDist,55,electrolysis,$2.00 - $5.00/kg
29.931,-95.508,101402,10.033037159254146,electrolyzerExisting,11.064237876431909,50487.75615475656,0.0,0.0,1000.0,Pipeline,3449977.155698012,H2LA_Station_Opt_Geotab_FCEV70kg_0To8000mi_55stations_5stDist,55,electrolysis,$2.00 - $5.00/kg
29.604,-95.266,101649,10.004535688822653,electrolyzerExisting,10.998801263180043,50193.01615335271,0.0,0.0,1000.0,Onsite,3449977.155698012,H2LA_Station_Opt_Geotab_FCEV70kg_0To8000mi_55stations_5stDist,55,electrolysis,$2.00 - $5.00/kg
29.813,-95.292,101729,9.999995359738852,electrolyzerExisting,11.026614519137803,50319.94191916724,0.0,0.0,1000.0,Onsite,3449977.155698012,H2LA_Station_Opt_Geotab_FCEV70kg_0To8000mi_55stations_5stDist,55,electrolysis,$2.00 - $5.00/kg
29.813,-95.292,101729,9.999995359738852,electrolyzerExisting,11.026614519137803,50319.94191916724,0.0,0.0,1000.0,Pipeline,3449977.155698012,H2LA_Station_Opt_Geotab_FCEV70kg_0To8000mi_55stations_5stDist,55,electrolysis,$2.00 - $5.00/kg
27.799,-97.659,102754,9.999818772539603,electrolyzerExisting,11.026419788605606,50319.05325958736,0.0,0.0,1000.0,Onsite,3449977.155698012,H2LA_Station_Opt_Geotab_FCEV70kg_0To8000mi_55stations_5stDist,55,electrolysis,$2.00 - $5.00/kg
30.022,-93.845,102997,9.99919026254693,electrolyzerExisting,11.02572675479665,50315.89060141562,0.0,0.0,1000.0,Onsite,3449977.155698012,H2LA_Station_Opt_Geotab_FCEV70kg_0To8000mi_55stations_5stDist,55,electrolysis,$2.00 - $5.00/kg
30.022,-93.845,102997,9.99919026254693,electrolyzerExisting,11.02572675479665,50315.89060141562,0.0,0.0,1000.0,Pipeline,3449977.155698012,H2LA_Station_Opt_Geotab_FCEV70kg_0To8000mi_55stations_5stDist,55,electrolysis,$2.00 - $5.00/kg
30.376,-97.726,103539,9.9989041072679,electrolyzerExisting,11.025411230151992,50314.45070455981,0.0,0.0,1000.0,Onsite,3449977.155698012,H2LA_Station_Opt_Geotab_FCEV70kg_0To8000mi_55stations_5stDist,55,electrolysis,$2.00 - $5.00/kg
30.376,-97.726,103539,9.9989041072679,electrolyzerExisting,11.025411230151992,50314.45070455981,0.0,0.0,1000.0,Pipeline,3449977.155698012,H2LA_Station_Opt_Geotab_FCEV70kg_0To8000mi_55stations_5stDist,55,electrolysis,$2.00 - $5.00/kg
29.78,-95.882,104122,9.997662981902652,electrolyzerExisting,11.026507994660768,50311.41396048768,0.0,0.0,1000.0,Onsite,3449977.155698012,H2LA_Station_Opt_Geotab_FCEV70kg_0To8000mi_55stations_5stDist,55,electrolysis,$2.00 - $5.00/kg
32.319,-102.547,104234,1.428481958374061,electrolyzerExisting,1.5751327205467234,7188.1162471335365,0.0,0.0,1000.0,Onsite,3449977.155698012,H2LA_Station_Opt_Geotab_FCEV70kg_0To8000mi_55stations_5stDist,55,electrolysis,$2.00 - $5.00/kg
32.456,-97.385,105358,10.01636040883879,electrolyzerExisting,11.062257484534529,50425.19423600786,0.0,0.0,1000.0,Onsite,3449977.155698012,H2LA_Station_Opt_Geotab_FCEV70kg_0To8000mi_55stations_5stDist,55,electrolysis,$2.00 - $5.00/kg
32.731,-97.276,106176,10.011936692058796,electrolyzerExisting,11.03978178592687,50380.03071935493,0.0,0.0,1000.0,Onsite,3449977.155698012,H2LA_Station_Opt_Geotab_FCEV70kg_0To8000mi_55stations_5stDist,55,electrolysis,$2.00 - $5.00/kg
32.731,-97.276,106176,10.011936692058796,electrolyzerExisting,11.03978178592687,50380.03071935493,0.0,0.0,1000.0,Pipeline,3449977.155698012,H2LA_Station_Opt_Geotab_FCEV70kg_0To8000mi_55stations_5stDist,55,electrolysis,$2.00 - $5.00/kg
30.7,-101.207,107617,9.895289862360965,electrolyzerExisting,10.911159752174928,49793.06422415092,0.0,0.0,1000.0,Onsite,3449977.155698012,H2LA_Station_Opt_Geotab_FCEV70kg_0To8000mi_55stations_5stDist,55,electrolysis,$2.00 - $5.00/kg
31.507,-97.146,107884,10.032639813089206,electrolyzerExisting,11.062610309169424,50484.20865589891,0.0,0.0,1000.0,Onsite,3449977.155698012,H2LA_Station_Opt_Geotab_FCEV70kg_0To8000mi_55stations_5stDist,55,electrolysis,$2.00 - $5.00/kg
31.04,-104.82,108208,9.989952108514702,electrolyzer,11.015540213009547,47685.55122847572,38.66454614766352,0.0,1000.0,Onsite,3449977.155698012,H2LA_Station_Opt_Geotab_FCEV70kg_0To8000mi_55stations_5stDist,55,electrolysis,$2.00 - $5.00/kg
29.649,-98.112,108692,10.028176494042802,electrolyzerExisting,11.062034689261353,50467.40543697662,0.0,0.0,1000.0,Onsite,3449977.155698012,H2LA_Station_Opt_Geotab_FCEV70kg_0To8000mi_55stations_5stDist,55,electrolysis,$2.00 - $5.00/kg
29.649,-98.112,108692,10.028176494042802,electrolyzerExisting,11.062034689261353,50467.40543697662,0.0,0.0,1000.0,Pipeline,3449977.155698012,H2LA_Station_Opt_Geotab_FCEV70kg_0To8000mi_55stations_5stDist,55,electrolysis,$2.00 - $5.00/kg
30.035,-94.15,108840,9.994172737145828,electrolyzerExisting,11.02359620759738,50295.07027853956,0.0,0.0,1000.0,Onsite,3449977.155698012,H2LA_Station_Opt_Geotab_FCEV70kg_0To8000mi_55stations_5stDist,55,electrolysis,$2.00 - $5.00/kg
30.035,-94.15,108840,9.994172737145828,electrolyzerExisting,11.02359620759738,50295.07027853956,0.0,0.0,1000.0,Pipeline,3449977.155698012,H2LA_Station_Opt_Geotab_FCEV70kg_0To8000mi_55stations_5stDist,55,electrolysis,$2.00 - $5.00/kg
30.209,-95.526,109345,9.998295981653888,electrolyzerExisting,11.024740677487632,50311.39063789824,0.0,0.0,1000.0,Onsite,3449977.155698012,H2LA_Station_Opt_Geotab_FCEV70kg_0To8000mi_55stations_5stDist,55,electrolysis,$2.00 - $5.00/kg
37.587,-122.364,11279,3.2918855391529696,electrolyzerExisting,3.629836971147008,37991.2490410701,0.0,0.0,3000.0,Onsite,3449977.155698012,H2LA_Station_Opt_Geotab_FCEV70kg_0To8000mi_55stations_5stDist,55,electrolysis,$4.00 - $7.00/kg
37.587,-122.364,11279,3.2918855391529696,electrolyzerExisting,3.629836971147008,37991.2490410701,0.0,0.0,3000.0,Pipeline,3449977.155698012,H2LA_Station_Opt_Geotab_FCEV70kg_0To8000mi_55stations_5stDist,55,electrolysis,$4.00 - $7.00/kg
37.705,-122.407,11323,2.438309004930834,electrolyzerExisting,2.688630592416012,28140.226423706918,0.0,0.0,3000.0,Onsite,3449977.155698012,H2LA_Station_Opt_Geotab_FCEV70kg_0To8000mi_55stations_5stDist,55,electrolysis,$4.00 - $7.00/kg
38.525,-121.463,11536,9.999487122138463,electrolyzerExisting,11.026324127197183,115403.21129867312,0.0,0.0,3000.0,Onsite,3449977.155698012,H2LA_Station_Opt_Geotab_FCEV70kg_0To8000mi_55stations_5stDist,55,electrolysis,$4.00 - $7.00/kg
38.525,-121.463,11536,9.999487122138463,electrolyzerExisting,11.026324127197183,115403.21129867312,0.0,0.0,3000.0,Pipeline,3449977.155698012,H2LA_Station_Opt_Geotab_FCEV70kg_0To8000mi_55stations_5stDist,55,electrolysis,$4.00 - $7.00/kg
33.945,-118.291,12678,9.994198703548417,electrolyzerExisting,11.02022276522218,14342.716080721668,0.0,0.0,3000.0,Onsite,3449977.155698012,H2LA_Station_Opt_Geotab_FCEV70kg_0To8000mi_55stations_5stDist,55,electrolysis,$4.00 - $7.00/kg
33.945,-118.291,12678,9.994198703548417,electrolyzerExisting,11.02022276522218,14342.716080721668,0.0,0.0,3000.0,Pipeline,3449977.155698012,H2LA_Station_Opt_Geotab_FCEV70kg_0To8000mi_55stations_5stDist,55,electrolysis,$4.00 - $7.00/kg
37.812,-121.294,14201,10.008496090102511,electrolyzerExisting,11.035987946521702,115506.83116978276,0.0,0.0,3000.0,Onsite,3449977.155698012,H2LA_Station_Opt_Geotab_FCEV70kg_0To8000mi_55stations_5stDist,55,electrolysis,$4.00 - $7.00/kg
37.954,-121.271,14295,9.999816875864546,electrolyzerExisting,11.02641770860092,115406.6654334922,0.0,0.0,3000.0,Onsite,3449977.155698012,H2LA_Station_Opt_Geotab_FCEV70kg_0To8000mi_55stations_5stDist,55,electrolysis,$4.00 - $7.00/kg
37.954,-121.271,14295,9.999816875864546,electrolyzerExisting,11.02641770860092,115406.6654334922,0.0,0.0,3000.0,Pipeline,3449977.155698012,H2LA_Station_Opt_Geotab_FCEV70kg_0To8000mi_55stations_5stDist,55,electrolysis,$4.00 - $7.00/kg
34.07,-117.37,15891,9.998604223221031,electrolyzerExisting,11.025375048854064,14349.42172931642,0.0,0.0,3000.0,Onsite,3449977.155698012,H2LA_Station_Opt_Geotab_FCEV70kg_0To8000mi_55stations_5stDist,55,electrolysis,$4.00 - $7.00/kg
34.07,-117.37,15891,9.998604223221031,electrolyzerExisting,11.025375048854064,14349.42172931642,0.0,0.0,3000.0,Pipeline,3449977.155698012,H2LA_Station_Opt_Geotab_FCEV70kg_0To8000mi_55stations_5stDist,55,electrolysis,$4.00 - $7.00/kg
35.63,-120.692,16130,1.1492314105726833,electrolyzerExisting,1.2672137624953288,13263.139337804068,0.0,0.0,3000.0,Onsite,3449977.155698012,H2LA_Station_Opt_Geotab_FCEV70kg_0To8000mi_55stations_5stDist,55,electrolysis,$4.00 - $7.00/kg
34.257,-110.024,4395,1.1074802611903458,electrolyzerExisting,2.0,7498.996276026914,0.0,0.0,1500.0,Onsite,3449977.155698012,H2LA_Station_Opt_Geotab_FCEV70kg_0To8000mi_55stations_5stDist,55,electrolysis,$2.50 - $5.50/kg
34.566,-111.866,4508,4.836807761163226,electrolyzerExisting,5.333363947442075,28324.172615240088,0.0,0.0,1500.0,Onsite,3449977.155698012,H2LA_Station_Opt_Geotab_FCEV70kg_0To8000mi_55stations_5stDist,55,electrolysis,$2.50 - $5.50/kg
31.974,-94.002,45870,10.00570526755742,electrolyzerExisting,11.032910638110389,50348.67424342561,0.0,0.0,1000.0,Onsite,3449977.155698012,H2LA_Station_Opt_Geotab_FCEV70kg_0To8000mi_55stations_5stDist,55,electrolysis,$2.00 - $5.00/kg
30.191,-93.571,46430,10.043651288778143,electrolyzerExisting,11.074752251687984,50539.61841305147,0.0,0.0,1000.0,Onsite,3449977.155698012,H2LA_Station_Opt_Geotab_FCEV70kg_0To8000mi_55stations_5stDist,55,electrolysis,$2.00 - $5.00/kg
33.399,-112.074,5475,9.99255666500538,electrolyzer,11.018412158496083,58085.842347991,38.67462667632126,0.0,2000.0,Onsite,3449977.155698012,H2LA_Station_Opt_Geotab_FCEV70kg_0To8000mi_55stations_5stDist,55,electrolysis,$3.00 - $6.00/kg
37.098,-120.217,7086,9.969763228751445,electrolyzerExisting,10.99327870432603,115059.82005926051,0.0,0.0,3000.0,Onsite,3449977.155698012,H2LA_Station_Opt_Geotab_FCEV70kg_0To8000mi_55stations_5stDist,55,electrolysis,$4.00 - $7.00/kg
37.098,-120.217,7086,9.969763228751445,electrolyzerExisting,10.99327870432603,115059.82005926051,0.0,0.0,3000.0,Pipeline,3449977.155698012,H2LA_Station_Opt_Geotab_FCEV70kg_0To8000mi_55stations_5stDist,55,electrolysis,$4.00 - $7.00/kg
37.074,-120.834,7148,9.976168366817191,electrolyzer,11.00034140253,119398.73152253666,38.61119832288031,0.0,3500.0,Onsite,3449977.155698012,H2LA_Station_Opt_Geotab_FCEV70kg_0To8000mi_55stations_5stDist,55,electrolysis,$4.50 - $7.50/kg
32.273,-107.714,71615,9.93117565211696,electrolyzerExisting,10.95072964345297,45679.60837054904,0.0,0.0,1500.0,Onsite,3449977.155698012,H2LA_Station_Opt_Geotab_FCEV70kg_0To8000mi_55stations_5stDist,55,electrolysis,$2.50 - $5.50/kg
34.946,-104.637,72146,9.818882144888002,electrolyzerExisting,11.018119130281686,45411.96088046457,0.0,0.0,1500.0,Onsite,3449977.155698012,H2LA_Station_Opt_Geotab_FCEV70kg_0To8000mi_55stations_5stDist,55,electrolysis,$2.50 - $5.50/kg
38.054,-122.155,8266,9.973360824933732,electrolyzerExisting,10.997240686150658,115101.28766215502,0.0,0.0,3000.0,Onsite,3449977.155698012,H2LA_Station_Opt_Geotab_FCEV70kg_0To8000mi_55stations_5stDist,55,electrolysis,$4.00 - $7.00/kg
34.179,-118.857,9130,1.5394747520790006,electrolyzerExisting,1.6975202562427292,17766.89016025477,0.0,0.0,3000.0,Onsite,3449977.155698012,H2LA_Station_Opt_Geotab_FCEV70kg_0To8000mi_55stations_5stDist,55,electrolysis,$4.00 - $7.00/kg
31.051,-97.484,95509,10.001162604655434,electrolyzerExisting,11.06980570806805,50380.3533082141,0.0,0.0,1000.0,Onsite,3449977.155698012,H2LA_Station_Opt_Geotab_FCEV70kg_0To8000mi_55stations_5stDist,55,electrolysis,$2.00 - $5.00/kg
31.051,-97.484,95509,10.001162604655434,electrolyzerExisting,11.06980570806805,50380.3533082141,0.0,0.0,1000.0,Pipeline,3449977.155698012,H2LA_Station_Opt_Geotab_FCEV70kg_0To8000mi_55stations_5stDist,55,electrolysis,$2.00 - $5.00/kg
31.104,-97.511,95545,9.998164844516802,electrolyzerExisting,11.029935988432188,50335.09944847145,0.0,0.0,1000.0,Onsite,3449977.155698012,H2LA_Station_Opt_Geotab_FCEV70kg_0To8000mi_55stations_5stDist,55,electrolysis,$2.00 - $5.00/kg
33.152,-96.287,95977,7.611193566414123,electrolyzerExisting,9.231914085574346,39391.893261157165,0.0,0.0,1000.0,Onsite,3449977.155698012,H2LA_Station_Opt_Geotab_FCEV70kg_0To8000mi_55stations_5stDist,55,electrolysis,$2.00 - $5.00/kg
29.511,-98.309,96543,10.007406115481844,electrolyzerExisting,11.034786082222558,50357.232830156536,0.0,0.0,1000.0,Onsite,3449977.155698012,H2LA_Station_Opt_Geotab_FCEV70kg_0To8000mi_55stations_5stDist,55,electrolysis,$2.00 - $5.00/kg
29.511,-98.309,96543,10.007406115481844,electrolyzerExisting,11.034786082222558,50357.232830156536,0.0,0.0,1000.0,Pipeline,3449977.155698012,H2LA_Station_Opt_Geotab_FCEV70kg_0To8000mi_55stations_5stDist,55,electrolysis,$2.00 - $5.00/kg
29.497,-98.399,96569,9.999099731079577,electrolyzerExisting,11.025626936917345,50315.435082822965,0.0,0.0,1000.0,Onsite,3449977.155698012,H2LA_Station_Opt_Geotab_FCEV70kg_0To8000mi_55stations_5stDist,55,electrolysis,$2.00 - $5.00/kg
29.497,-98.399,96569,9.999099731079577,electrolyzerExisting,11.025626936917345,50315.435082822965,0.0,0.0,1000.0,Pipeline,3449977.155698012,H2LA_Station_Opt_Geotab_FCEV70kg_0To8000mi_55stations_5stDist,55,electrolysis,$2.00 - $5.00/kg
29.53,-98.562,97041,10.01985296408689,electrolyzerExisting,11.05157096098822,50423.84815264164,0.0,0.0,1000.0,Onsite,3449977.155698012,H2LA_Station_Opt_Geotab_FCEV70kg_0To8000mi_55stations_5stDist,55,electrolysis,$2.00 - $5.00/kg
30.744,-98.233,98497,10.011411246311075,electrolyzerExisting,11.058124651772337,50402.01378561491,0.0,0.0,1000.0,Onsite,3449977.155698012,H2LA_Station_Opt_Geotab_FCEV70kg_0To8000mi_55stations_5stDist,55,electrolysis,$2.00 - $5.00/kg
32.856,-96.768,99018,10.002404560558752,electrolyzerExisting,11.045504767976464,50353.19305028964,0.0,0.0,1000.0,Onsite,3449977.155698012,H2LA_Station_Opt_Geotab_FCEV70kg_0To8000mi_55stations_5stDist,55,electrolysis,$2.00 - $5.00/kg
32.856,-96.768,99018,10.002404560558752,electrolyzerExisting,11.045504767976464,50353.19305028964,0.0,0.0,1000.0,Pipeline,3449977.155698012,H2LA_Station_Opt_Geotab_FCEV70kg_0To8000mi_55stations_5stDist,55,electrolysis,$2.00 - $5.00/kg
32.648,-96.883,99189,9.998803379572688,electrolyzerExisting,11.025300167305778,50313.943869000985,0.0,0.0,1000.0,Onsite,3449977.155698012,H2LA_Station_Opt_Geotab_FCEV70kg_0To8000mi_55stations_5stDist,55,electrolysis,$2.00 - $5.00/kg
32.648,-96.883,99189,9.998803379572688,electrolyzerExisting,11.025300167305778,50313.943869000985,0.0,0.0,1000.0,Pipeline,3449977.155698012,H2LA_Station_Opt_Geotab_FCEV70kg_0To8000mi_55stations_5stDist,55,electrolysis,$2.00 - $5.00/kg
32.793,-96.684,99467,10.008387679708882,electrolyzerExisting,11.056549635303904,50389.08847132462,0.0,0.0,1000.0,Onsite,3449977.155698012,H2LA_Station_Opt_Geotab_FCEV70kg_0To8000mi_55stations_5stDist,55,electrolysis,$2.00 - $5.00/kg
32.793,-96.684,99467,10.008387679708882,electrolyzerExisting,11.056549635303904,50389.08847132462,0.0,0.0,1000.0,Pipeline,3449977.155698012,H2LA_Station_Opt_Geotab_FCEV70kg_0To8000mi_55stations_5stDist,55,electrolysis,$2.00 - $5.00/kg
32.736,-101.95,99923,1.0315570584267315,electrolyzerExisting,1.137458734794356,5190.791533947418,0.0,0.0,1000.0,Onsite,3449977.155698012,H2LA_Station_Opt_Geotab_FCEV70kg_0To8000mi_55stations_5stDist,55,electrolysis,$2.00 - $5.00/kg
33.73341025,-113.9782551,laPazAZ,,electrolyzer,11.011412117241212,58048.94018033643,38.65005653151666,0.0,,Onsite,3449977.155698012,H2LA_Station_Opt_Geotab_FCEV70kg_0To8000mi_55stations_5stDist,55,electrolysis,
33.73341025,-113.9782551,laPazAZ,,electrolyzer,11.011412117241212,58048.94018033643,38.65005653151666,0.0,,Pipeline,3449977.155698012,H2LA_Station_Opt_Geotab_FCEV70kg_0To8000mi_55stations_5stDist,55,electrolysis,
33.73341025,-113.9782551,laPazAZ,,electrolyzerExisting,72.97766334190892,387566.2631251062,0.0,0.0,,Onsite,3449977.155698012,H2LA_Station_Opt_Geotab_FCEV70kg_0To8000mi_55stations_5stDist,55,electrolysis,
33.73341025,-113.9782551,laPazAZ,,electrolyzerExisting,72.97766334190892,387566.2631251062,0.0,0.0,,Pipeline,3449977.155698012,H2LA_Station_Opt_Geotab_FCEV70kg_0To8000mi_55stations_5stDist,55,electrolysis,
33.01,-97.036,100175,10.030258193595085,smr-noCCSExisting,11.522675066897593,9332.750833922848,0.0,0.0,1000.0,Onsite,887377.0597285402,H2LA_Station_Opt_Geotab_FCEV70kg_0To8000mi_55stations_5stDist,55,any,$2.00 - $5.00/kg
33.01,-97.036,100175,10.030258193595085,smr-noCCSExisting,11.522675066897593,9332.750833922848,0.0,0.0,1000.0,Pipeline,887377.0597285402,H2LA_Station_Opt_Geotab_FCEV70kg_0To8000mi_55stations_5stDist,55,any,$2.00 - $5.00/kg
33.235,-97.016,100178,10.040713562154863,smr-noCCS,11.534686109308096,8668.843141685209,93.43095748539764,0.0,1000.0,Onsite,887377.0597285402,H2LA_Station_Opt_Geotab_FCEV70kg_0To8000mi_55stations_5stDist,55,any,$2.00 - $5.00/kg
29.779,-95.124,100467,9.997597254888133,smr-noCCSExisting,11.485154458411923,9302.361147045413,0.0,0.0,1000.0,Onsite,887377.0597285402,H2LA_Station_Opt_Geotab_FCEV70kg_0To8000mi_55stations_5stDist,55,any,$2.00 - $5.00/kg
29.779,-95.124,100467,9.997597254888133,smr-noCCSExisting,11.485154458411923,9302.361147045413,0.0,0.0,1000.0,Pipeline,887377.0597285402,H2LA_Station_Opt_Geotab_FCEV70kg_0To8000mi_55stations_5stDist,55,any,$2.00 - $5.00/kg
29.816,-95.809,100639,10.044447990849743,smr-noCCSExisting,11.53897618652898,9345.953868647272,0.0,0.0,1000.0,Onsite,887377.0597285402,H2LA_Station_Opt_Geotab_FCEV70kg_0To8000mi_55stations_5stDist,55,any,$2.00 - $5.00/kg
29.816,-95.809,100639,10.044447990849743,smr-noCCSExisting,11.53897618652898,9345.953868647272,0.0,0.0,1000.0,Pipeline,887377.0597285402,H2LA_Station_Opt_Geotab_FCEV70kg_0To8000mi_55stations_5stDist,55,any,$2.00 - $5.00/kg
29.93,-95.314,100920,10.005261718503204,smr-noCCSExisting,11.493959328655404,9309.492621258869,0.0,0.0,1000.0,Onsite,887377.0597285402,H2LA_Station_Opt_Geotab_FCEV70kg_0To8000mi_55stations_5stDist,55,any,$2.00 - $5.00/kg
29.93,-95.314,100920,10.005261718503204,smr-noCCSExisting,11.493959328655404,9309.492621258869,0.0,0.0,1000.0,Pipeline,887377.0597285402,H2LA_Station_Opt_Geotab_FCEV70kg_0To8000mi_55stations_5stDist,55,any,$2.00 - $5.00/kg
29.804,-94.981,100951,9.988860089408334,smr-noCCSExisting,11.47960689454413,9295.686384212097,0.0,0.0,1000.0,Onsite,887377.0597285402,H2LA_Station_Opt_Geotab_FCEV70kg_0To8000mi_55stations_5stDist,55,any,$2.00 - $5.00/kg
29.804,-94.981,100951,9.988860089408334,smr-noCCSExisting,11.47960689454413,9295.686384212097,0.0,0.0,1000.0,Pipeline,887377.0597285402,H2LA_Station_Opt_Geotab_FCEV70kg_0To8000mi_55stations_5stDist,55,any,$2.00 - $5.00/kg
29.931,-95.508,101402,10.033037159254146,smr-noCCSExisting,11.527106696367998,9335.738092304691,0.0,0.0,1000.0,Onsite,887377.0597285402,H2LA_Station_Opt_Geotab_FCEV70kg_0To8000mi_55stations_5stDist,55,any,$2.00 - $5.00/kg
29.931,-95.508,101402,10.033037159254146,smr-noCCSExisting,11.527106696367998,9335.738092304691,0.0,0.0,1000.0,Pipeline,887377.0597285402,H2LA_Station_Opt_Geotab_FCEV70kg_0To8000mi_55stations_5stDist,55,any,$2.00 - $5.00/kg
29.604,-95.266,101649,10.004535688822653,smr-noCCSExisting,11.49312527435722,9308.817081863552,0.0,0.0,1000.0,Onsite,887377.0597285402,H2LA_Station_Opt_Geotab_FCEV70kg_0To8000mi_55stations_5stDist,55,any,$2.00 - $5.00/kg
29.813,-95.292,101729,9.999995359738852,smr-noCCSExisting,11.487909382268624,9304.592488098808,0.0,0.0,1000.0,Onsite,887377.0597285402,H2LA_Station_Opt_Geotab_FCEV70kg_0To8000mi_55stations_5stDist,55,any,$2.00 - $5.00/kg
29.813,-95.292,101729,9.999995359738852,smr-noCCSExisting,11.487909382268624,9304.592488098808,0.0,0.0,1000.0,Pipeline,887377.0597285402,H2LA_Station_Opt_Geotab_FCEV70kg_0To8000mi_55stations_5stDist,55,any,$2.00 - $5.00/kg
27.799,-97.659,102754,9.999818772539603,smr-noCCSExisting,11.48770652102606,9304.428181336723,0.0,0.0,1000.0,Onsite,887377.0597285402,H2LA_Station_Opt_Geotab_FCEV70kg_0To8000mi_55stations_5stDist,55,any,$2.00 - $5.00/kg
30.022,-93.845,102997,9.99919026254693,smr-noCCSExisting,11.486984494240874,9303.843378238258,0.0,0.0,1000.0,Onsite,887377.0597285402,H2LA_Station_Opt_Geotab_FCEV70kg_0To8000mi_55stations_5stDist,55,any,$2.00 - $5.00/kg
30.022,-93.845,102997,9.99919026254693,smr-noCCSExisting,11.486984494240874,9303.843378238258,0.0,0.0,1000.0,Pipeline,887377.0597285402,H2LA_Station_Opt_Geotab_FCEV70kg_0To8000mi_55stations_5stDist,55,any,$2.00 - $5.00/kg
30.376,-97.726,103539,9.9989041072679,smr-noCCSExisting,11.4866557593684,9303.577120564803,0.0,0.0,1000.0,Onsite,887377.0597285402,H2LA_Station_Opt_Geotab_FCEV70kg_0To8000mi_55stations_5stDist,55,any,$2.00 - $5.00/kg
30.376,-97.726,103539,9.9989041072679,smr-noCCSExisting,11.4866557593684,9303.577120564803,0.0,0.0,1000.0,Pipeline,887377.0597285402,H2LA_Station_Opt_Geotab_FCEV70kg_0To8000mi_55stations_5stDist,55,any,$2.00 - $5.00/kg
29.78,-95.882,104122,9.997662981902652,smr-noCCSExisting,11.48779839512167,9303.254579637194,0.0,0.0,1000.0,Onsite,887377.0597285402,H2LA_Station_Opt_Geotab_FCEV70kg_0To8000mi_55stations_5stDist,55,any,$2.00 - $5.00/kg
32.319,-102.547,104234,1.428481958374061,smr-noCCSExisting,10.0,4037.785500965108,0.0,0.0,1000.0,Onsite,887377.0597285402,H2LA_Station_Opt_Geotab_FCEV70kg_0To8000mi_55stations_5stDist,55,any,$2.00 - $5.00/kg
32.456,-97.385,105358,10.01636040883879,smr-noCCSExisting,11.525043428619208,9325.7604615868,0.0,0.0,1000.0,Onsite,887377.0597285402,H2LA_Station_Opt_Geotab_FCEV70kg_0To8000mi_55stations_5stDist,55,any,$2.00 - $5.00/kg
32.731,-97.276,106176,10.011936692058796,smr-noCCSExisting,11.501627483754708,9315.703416971155,0.0,0.0,1000.0,Onsite,887377.0597285402,H2LA_Station_Opt_Geotab_FCEV70kg_0To8000mi_55stations_5stDist,55,any,$2.00 - $5.00/kg
32.731,-97.276,106176,10.011936692058796,smr-noCCSExisting,11.501627483754708,9315.703416971155,0.0,0.0,1000.0,Pipeline,887377.0597285402,H2LA_Station_Opt_Geotab_FCEV70kg_0To8000mi_55stations_5stDist,55,any,$2.00 - $5.00/kg
30.7,-101.207,107617,9.895289862360965,smr-noCCSExisting,11.367624600621106,9207.168245052677,0.0,0.0,1000.0,Onsite,887377.0597285402,H2LA_Station_Opt_Geotab_FCEV70kg_0To8000mi_55stations_5stDist,55,any,$2.00 - $5.00/kg
31.507,-97.146,107884,10.032639813089206,smr-noCCSExisting,11.52541105061624,9334.966834725965,0.0,0.0,1000.0,Onsite,887377.0597285402,H2LA_Station_Opt_Geotab_FCEV70kg_0To8000mi_55stations_5stDist,55,any,$2.00 - $5.00/kg
31.04,-104.82,108208,9.989952108514702,smr-noCCS,11.47637178455112,8625.017264722244,92.95861145486408,0.0,1000.0,Onsite,887377.0597285402,H2LA_Station_Opt_Geotab_FCEV70kg_0To8000mi_55stations_5stDist,55,any,$2.00 - $5.00/kg
29.649,-98.112,108692,10.028176494042802,smr-noCCSExisting,11.524811341063325,9332.281058169436,0.0,0.0,1000.0,Onsite,887377.0597285402,H2LA_Station_Opt_Geotab_FCEV70kg_0To8000mi_55stations_5stDist,55,any,$2.00 - $5.00/kg
29.649,-98.112,108692,10.028176494042802,smr-noCCSExisting,11.524811341063325,9332.281058169436,0.0,0.0,1000.0,Pipeline,887377.0597285402,H2LA_Station_Opt_Geotab_FCEV70kg_0To8000mi_55stations_5stDist,55,any,$2.00 - $5.00/kg
30.035,-94.15,108840,9.994172737145828,smr-noCCSExisting,11.48476481654758,9300.323303385623,0.0,0.0,1000.0,Onsite,887377.0597285402,H2LA_Station_Opt_Geotab_FCEV70kg_0To8000mi_55stations_5stDist,55,any,$2.00 - $5.00/kg
30.035,-94.15,108840,9.994172737145828,smr-noCCSExisting,11.48476481654758,9300.323303385623,0.0,0.0,1000.0,Pipeline,887377.0597285402,H2LA_Station_Opt_Geotab_FCEV70kg_0To8000mi_55stations_5stDist,55,any,$2.00 - $5.00/kg
30.209,-95.526,109345,9.998295981653888,smr-noCCSExisting,11.485957151973988,9303.011285920931,0.0,0.0,1000.0,Onsite,887377.0597285402,H2LA_Station_Opt_Geotab_FCEV70kg_0To8000mi_55stations_5stDist,55,any,$2.00 - $5.00/kg
37.587,-122.364,11279,3.2918855391529696,smr-noCCSExisting,10.0,11151.580903729562,0.0,0.0,3000.0,Onsite,887377.0597285402,H2LA_Station_Opt_Geotab_FCEV70kg_0To8000mi_55stations_5stDist,55,any,$4.00 - $7.00/kg
37.587,-122.364,11279,3.2918855391529696,smr-noCCSExisting,10.0,11151.580903729562,0.0,0.0,3000.0,Pipeline,887377.0597285402,H2LA_Station_Opt_Geotab_FCEV70kg_0To8000mi_55stations_5stDist,55,any,$4.00 - $7.00/kg
37.705,-122.407,11323,2.438309004930834,smr-noCCSExisting,10.0,9100.234027358438,0.0,0.0,3000.0,Onsite,887377.0597285402,H2LA_Station_Opt_Geotab_FCEV70kg_0To8000mi_55stations_5stDist,55,any,$4.00 - $7.00/kg
38.525,-121.463,11536,9.999487122138463,smr-noCCSExisting,11.48760684119054,27753.582409880222,0.0,0.0,3000.0,Onsite,887377.0597285402,H2LA_Station_Opt_Geotab_FCEV70kg_0To8000mi_55stations_5stDist,55,any,$4.00 - $7.00/kg
38.525,-121.463,11536,9.999487122138463,smr-noCCSExisting,11.48760684119054,27753.582409880222,0.0,0.0,3000.0,Pipeline,887377.0597285402,H2LA_Station_Opt_Geotab_FCEV70kg_0To8000mi_55stations_5stDist,55,any,$4.00 - $7.00/kg
34.796,-118.853,12389,9.988799697120887,smr-noCCSExisting,11.482167589608258,27726.135458447392,0.0,0.0,3000.0,Onsite,887377.0597285402,H2LA_Station_Opt_Geotab_FCEV70kg_0To8000mi_55stations_5stDist,55,any,$4.00 - $7.00/kg
33.81,-118.163,12555,9.999858039190858,smr-noCCS,11.487751688546057,28863.451643800214,93.0507886772232,0.0,3500.0,Onsite,887377.0597285402,H2LA_Station_Opt_Geotab_FCEV70kg_0To8000mi_55stations_5stDist,55,any,$4.50 - $7.50/kg
33.945,-118.291,12678,9.994198703548417,smr-noCCSExisting,11.481250231748378,27738.813280453294,0.0,0.0,3000.0,Onsite,887377.0597285402,H2LA_Station_Opt_Geotab_FCEV70kg_0To8000mi_55stations_5stDist,55,any,$4.00 - $7.00/kg
33.945,-118.291,12678,9.994198703548417,smr-noCCSExisting,11.481250231748378,27738.813280453294,0.0,0.0,3000.0,Pipeline,887377.0597285402,H2LA_Station_Opt_Geotab_FCEV70kg_0To8000mi_55stations_5stDist,55,any,$4.00 - $7.00/kg
33.902,-118.06,13548,9.9984754227812,smr-noCCSExisting,11.486849796717866,27750.905743695537,0.0,0.0,3000.0,Onsite,887377.0597285402,H2LA_Station_Opt_Geotab_FCEV70kg_0To8000mi_55stations_5stDist,55,any,$4.00 - $7.00/kg
33.902,-118.06,13548,9.9984754227812,smr-noCCSExisting,11.486849796717866,27750.905743695537,0.0,0.0,3000.0,Pipeline,887377.0597285402,H2LA_Station_Opt_Geotab_FCEV70kg_0To8000mi_55stations_5stDist,55,any,$4.00 - $7.00/kg
37.812,-121.294,14201,10.008496090102511,smr-noCCSExisting,11.497674947484638,27778.49555492658,0.0,0.0,3000.0,Onsite,887377.0597285402,H2LA_Station_Opt_Geotab_FCEV70kg_0To8000mi_55stations_5stDist,55,any,$4.00 - $7.00/kg
37.954,-121.271,14295,9.999816875864546,smr-noCCSExisting,11.487704339720612,27754.40646867932,0.0,0.0,3000.0,Onsite,887377.0597285402,H2LA_Station_Opt_Geotab_FCEV70kg_0To8000mi_55stations_5stDist,55,any,$4.00 - $7.00/kg
37.954,-121.271,14295,9.999816875864546,smr-noCCSExisting,11.487704339720612,27754.40646867932,0.0,0.0,3000.0,Pipeline,887377.0597285402,H2LA_Station_Opt_Geotab_FCEV70kg_0To8000mi_55stations_5stDist,55,any,$4.00 - $7.00/kg
34.058,-117.181,15834,10.005897868625976,smr-noCCSExisting,11.500738987201151,27773.244293341715,0.0,0.0,3000.0,Onsite,887377.0597285402,H2LA_Station_Opt_Geotab_FCEV70kg_0To8000mi_55stations_5stDist,55,any,$4.00 - $7.00/kg
34.058,-117.181,15834,10.005897868625976,smr-noCCSExisting,11.500738987201151,27773.244293341715,0.0,0.0,3000.0,Pipeline,887377.0597285402,H2LA_Station_Opt_Geotab_FCEV70kg_0To8000mi_55stations_5stDist,55,any,$4.00 - $7.00/kg
34.07,-117.37,15891,9.998604223221031,smr-noCCSExisting,11.486618056574336,27751.140189118832,0.0,0.0,3000.0,Onsite,887377.0597285402,H2LA_Station_Opt_Geotab_FCEV70kg_0To8000mi_55stations_5stDist,55,any,$4.00 - $7.00/kg
34.07,-117.37,15891,9.998604223221031,smr-noCCSExisting,11.486618056574336,27751.140189118832,0.0,0.0,3000.0,Pipeline,887377.0597285402,H2LA_Station_Opt_Geotab_FCEV70kg_0To8000mi_55stations_5stDist,55,any,$4.00 - $7.00/kg
34.091,-117.294,15955,10.004568183853054,smr-noCCSExisting,11.49482081755636,27768.13102241478,0.0,0.0,3000.0,Onsite,887377.0597285402,H2LA_Station_Opt_Geotab_FCEV70kg_0To8000mi_55stations_5stDist,55,any,$4.00 - $7.00/kg
34.091,-117.294,15955,10.004568183853054,smr-noCCSExisting,11.49482081755636,27768.13102241478,0.0,0.0,3000.0,Pipeline,887377.0597285402,H2LA_Station_Opt_Geotab_FCEV70kg_0To8000mi_55stations_5stDist,55,any,$4.00 - $7.00/kg
35.63,-120.692,16130,1.1492314105726833,smr-noCCSExisting,10.0,6002.274828400387,0.0,0.0,3000.0,Onsite,887377.0597285402,H2LA_Station_Opt_Geotab_FCEV70kg_0To8000mi_55stations_5stDist,55,any,$4.00 - $7.00/kg
34.257,-110.024,4395,1.1074802611903458,electrolyzerExisting,1.0,1301.490576577515,0.0,0.0,1500.0,Onsite,887377.0597285402,H2LA_Station_Opt_Geotab_FCEV70kg_0To8000mi_55stations_5stDist,55,any,$2.50 - $5.50/kg
34.257,-110.024,4395,1.1074802611903458,smr-noCCSExisting,9.99999963434066,4635.1094019558,0.0,0.0,1500.0,Onsite,887377.0597285402,H2LA_Station_Opt_Geotab_FCEV70kg_0To8000mi_55stations_5stDist,55,any,$2.50 - $5.50/kg
34.566,-111.866,4508,4.836807761163226,smr-noCCSExisting,10.0,9331.655183545548,0.0,0.0,1500.0,Onsite,887377.0597285402,H2LA_Station_Opt_Geotab_FCEV70kg_0To8000mi_55stations_5stDist,55,any,$2.50 - $5.50/kg
31.974,-94.002,45870,10.00570526755742,smr-noCCSExisting,11.49446887447306,9309.905326132275,0.0,0.0,1000.0,Onsite,887377.0597285402,H2LA_Station_Opt_Geotab_FCEV70kg_0To8000mi_55stations_5stDist,55,any,$2.00 - $5.00/kg
30.191,-93.571,46430,10.043651288778143,smr-noCCSExisting,11.538060940027997,9345.212568921745,0.0,0.0,1000.0,Onsite,887377.0597285402,H2LA_Station_Opt_Geotab_FCEV70kg_0To8000mi_55stations_5stDist,55,any,$2.00 - $5.00/kg
33.399,-112.074,5475,9.99255666500538,smr-noCCS,11.479363876796391,16192.350970562018,92.98284740205104,0.0,2000.0,Onsite,887377.0597285402,H2LA_Station_Opt_Geotab_FCEV70kg_0To8000mi_55stations_5stDist,55,any,$3.00 - $6.00/kg
37.098,-120.217,7086,9.969763228751445,smr-noCCSExisting,11.453178968770588,27670.99283350108,0.0,0.0,3000.0,Onsite,887377.0597285402,H2LA_Station_Opt_Geotab_FCEV70kg_0To8000mi_55stations_5stDist,55,any,$4.00 - $7.00/kg
37.098,-120.217,7086,9.969763228751445,smr-noCCSExisting,11.453178968770588,27670.99283350108,0.0,0.0,3000.0,Pipeline,887377.0597285402,H2LA_Station_Opt_Geotab_FCEV70kg_0To8000mi_55stations_5stDist,55,any,$4.00 - $7.00/kg
37.074,-120.834,7148,9.976168366817191,smr-noCCS,11.460537139640694,28795.07396226864,92.8303508276736,0.0,3500.0,Onsite,887377.0597285402,H2LA_Station_Opt_Geotab_FCEV70kg_0To8000mi_55stations_5stDist,55,any,$4.50 - $7.50/kg
32.273,-107.714,71615,9.93117565211696,smr-noCCSExisting,11.408849889850384,14436.880357876658,0.0,0.0,1500.0,Onsite,887377.0597285402,H2LA_Station_Opt_Geotab_FCEV70kg_0To8000mi_55stations_5stDist,55,any,$2.50 - $5.50/kg
34.946,-104.637,72146,9.818882144888002,smr-noCCSExisting,11.479058592527029,14338.192239695376,0.0,0.0,1500.0,Onsite,887377.0597285402,H2LA_Station_Opt_Geotab_FCEV70kg_0To8000mi_55stations_5stDist,55,any,$2.50 - $5.50/kg
38.054,-122.155,8266,9.973360824933732,smr-noCCSExisting,11.457311855818288,27680.97792918416,0.0,0.0,3000.0,Onsite,887377.0597285402,H2LA_Station_Opt_Geotab_FCEV70kg_0To8000mi_55stations_5stDist,55,any,$4.00 - $7.00/kg
34.179,-118.857,9130,1.5394747520790006,smr-noCCSExisting,10.0,6940.1221461734585,0.0,0.0,3000.0,Onsite,887377.0597285402,H2LA_Station_Opt_Geotab_FCEV70kg_0To8000mi_55stations_5stDist,55,any,$4.00 - $7.00/kg
32.801,-115.57,9454,6.145768334689193,smr-noCCSExisting,10.0,18010.13814190501,0.0,0.0,3000.0,Onsite,887377.0597285402,H2LA_Station_Opt_Geotab_FCEV70kg_0To8000mi_55stations_5stDist,55,any,$4.00 - $7.00/kg
32.801,-115.57,9454,6.145768334689193,smr-noCCSExisting,10.0,18010.13814190501,0.0,0.0,3000.0,Pipeline,887377.0597285402,H2LA_Station_Opt_Geotab_FCEV70kg_0To8000mi_55stations_5stDist,55,any,$4.00 - $7.00/kg
31.051,-97.484,95509,10.001162604655434,smr-noCCSExisting,11.53290745606972,9319.8252273389,0.0,0.0,1000.0,Onsite,887377.0597285402,H2LA_Station_Opt_Geotab_FCEV70kg_0To8000mi_55stations_5stDist,55,any,$2.00 - $5.00/kg
31.051,-97.484,95509,10.001162604655434,smr-noCCSExisting,11.53290745606972,9319.8252273389,0.0,0.0,1000.0,Pipeline,887377.0597285402,H2LA_Station_Opt_Geotab_FCEV70kg_0To8000mi_55stations_5stDist,55,any,$2.00 - $5.00/kg
31.104,-97.511,95545,9.998164844516802,smr-noCCSExisting,11.48580650244515,9302.889267855871,0.0,0.0,1000.0,Onsite,887377.0597285402,H2LA_Station_Opt_Geotab_FCEV70kg_0To8000mi_55stations_5stDist,55,any,$2.00 - $5.00/kg
33.152,-96.287,95977,7.611193566414123,smr-noCCSExisting,10.0,7489.0084271137075,0.0,0.0,1000.0,Onsite,887377.0597285402,H2LA_Station_Opt_Geotab_FCEV70kg_0To8000mi_55stations_5stDist,55,any,$2.00 - $5.00/kg
29.511,-98.309,96543,10.007406115481844,smr-noCCSExisting,11.496422792787698,9311.487895516117,0.0,0.0,1000.0,Onsite,887377.0597285402,H2LA_Station_Opt_Geotab_FCEV70kg_0To8000mi_55stations_5stDist,55,any,$2.00 - $5.00/kg
29.511,-98.309,96543,10.007406115481844,smr-noCCSExisting,11.496422792787698,9311.487895516117,0.0,0.0,1000.0,Pipeline,887377.0597285402,H2LA_Station_Opt_Geotab_FCEV70kg_0To8000mi_55stations_5stDist,55,any,$2.00 - $5.00/kg
29.497,-98.399,96569,9.999099731079577,smr-noCCSExisting,11.486880490088303,9303.75914043445,0.0,0.0,1000.0,Onsite,887377.0597285402,H2LA_Station_Opt_Geotab_FCEV70kg_0To8000mi_55stations_5stDist,55,any,$2.00 - $5.00/kg
29.497,-98.399,96569,9.999099731079577,smr-noCCSExisting,11.486880490088303,9303.75914043445,0.0,0.0,1000.0,Pipeline,887377.0597285402,H2LA_Station_Opt_Geotab_FCEV70kg_0To8000mi_55stations_5stDist,55,any,$2.00 - $5.00/kg
29.53,-98.562,97041,10.01985296408689,smr-noCCSExisting,11.518437583378338,9325.569464946091,0.0,0.0,1000.0,Onsite,887377.0597285402,H2LA_Station_Opt_Geotab_FCEV70kg_0To8000mi_55stations_5stDist,55,any,$2.00 - $5.00/kg
30.744,-98.233,98497,10.011411246311075,smr-noCCSExisting,11.52073773248092,9321.602595301494,0.0,0.0,1000.0,Onsite,887377.0597285402,H2LA_Station_Opt_Geotab_FCEV70kg_0To8000mi_55stations_5stDist,55,any,$2.00 - $5.00/kg
32.856,-96.768,99018,10.002404560558752,smr-noCCSExisting,11.507589896183315,9312.314588504092,0.0,0.0,1000.0,Onsite,887377.0597285402,H2LA_Station_Opt_Geotab_FCEV70kg_0To8000mi_55stations_5stDist,55,any,$2.00 - $5.00/kg
32.856,-96.768,99018,10.002404560558752,smr-noCCSExisting,11.507589896183315,9312.314588504092,0.0,0.0,1000.0,Pipeline,887377.0597285402,H2LA_Station_Opt_Geotab_FCEV70kg_0To8000mi_55stations_5stDist,55,any,$2.00 - $5.00/kg
32.648,-96.883,99189,9.998803379572688,smr-noCCSExisting,11.486540045277676,9303.48339833707,0.0,0.0,1000.0,Onsite,887377.0597285402,H2LA_Station_Opt_Geotab_FCEV70kg_0To8000mi_55stations_5stDist,55,any,$2.00 - $5.00/kg
32.648,-96.883,99189,9.998803379572688,smr-noCCSExisting,11.486540045277676,9303.48339833707,0.0,0.0,1000.0,Pipeline,887377.0597285402,H2LA_Station_Opt_Geotab_FCEV70kg_0To8000mi_55stations_5stDist,55,any,$2.00 - $5.00/kg
32.793,-96.684,99467,10.008387679708882,smr-noCCSExisting,11.519096826899348,9319.383104975384,0.0,0.0,1000.0,Onsite,887377.0597285402,H2LA_Station_Opt_Geotab_FCEV70kg_0To8000mi_55stations_5stDist,55,any,$2.00 - $5.00/kg
32.793,-96.684,99467,10.008387679708882,smr-noCCSExisting,11.519096826899348,9319.383104975384,0.0,0.0,1000.0,Pipeline,887377.0597285402,H2LA_Station_Opt_Geotab_FCEV70kg_0To8000mi_55stations_5stDist,55,any,$2.00 - $5.00/kg
32.736,-101.95,99923,1.0315570584267315,smr-noCCSExisting,10.0,3816.219883674136,0.0,0.0,1000.0,Onsite,887377.0597285402,H2LA_Station_Opt_Geotab_FCEV70kg_0To8000mi_55stations_5stDist,55,any,$2.00 - $5.00/kg
32.319,-102.547,104234,1.428481958374061,electrolyzerExisting,1.5751327184748618,7188.1162400077765,0.0,0.0,1000.0,Onsite,1805859.42844648,H2LA_Station_Opt_Geotab_FCEV70kg_0To8000mi_55stations_5stDist,55,low_carbon,$2.00 - $5.00/kg
34.257,-110.024,4395,1.1074802611903458,electrolyzer,1.0000000114457863,5271.707227619024,3.5100000401747105,0.0,1500.0,Onsite,1805859.42844648,H2LA_Station_Opt_Geotab_FCEV70kg_0To8000mi_55stations_5stDist,55,low_carbon,$2.50 - $5.50/kg
34.257,-110.024,4395,1.1074802611903458,electrolyzerExisting,1.0,2188.244361982249,0.0,0.0,1500.0,Onsite,1805859.42844648,H2LA_Station_Opt_Geotab_FCEV70kg_0To8000mi_55stations_5stDist,55,low_carbon,$2.50 - $5.50/kg
34.566,-111.866,4508,4.836807761163226,electrolyzerExisting,5.333363944512051,28324.17261217936,0.0,0.0,1500.0,Onsite,1805859.42844648,H2LA_Station_Opt_Geotab_FCEV70kg_0To8000mi_55stations_5stDist,55,low_carbon,$2.50 - $5.50/kg
32.273,-107.714,71615,9.93117565211696,electrolyzerExisting,10.950729640462653,45679.60836256515,0.0,0.0,1500.0,Onsite,1805859.42844648,H2LA_Station_Opt_Geotab_FCEV70kg_0To8000mi_55stations_5stDist,55,low_carbon,$2.50 - $5.50/kg
34.946,-104.637,72146,9.818882144888002,electrolyzerExisting,11.018119132076752,45411.96087510289,0.0,0.0,1500.0,Onsite,1805859.42844648,H2LA_Station_Opt_Geotab_FCEV70kg_0To8000mi_55stations_5stDist,55,low_carbon,$2.50 - $5.50/kg
32.736,-101.95,99923,1.0315570584267315,electrolyzerExisting,1.1374587318309048,5190.791530066303,0.0,0.0,1000.0,Onsite,1805859.42844648,H2LA_Station_Opt_Geotab_FCEV70kg_0To8000mi_55stations_5stDist,55,low_carbon,$2.00 - $5.00/kg
37.64275382,-121.8775366,alamedaCA,,smr-CCSExisting,21.48770433337546,53893.88113493603,0.0,0.0,,Onsite,1805859.42844648,H2LA_Station_Opt_Geotab_FCEV70kg_0To8000mi_55stations_5stDist,55,low_carbon,
37.64275382,-121.8775366,alamedaCA,,smr-CCSExisting,21.48770433337546,53893.88113493603,0.0,0.0,,Pipeline,1805859.42844648,H2LA_Station_Opt_Geotab_FCEV70kg_0To8000mi_55stations_5stDist,55,low_carbon,
29.84087424,-97.63039017,caldwellTX,,smr-CCSExisting,103.66922127979402,112707.57750900164,0.0,0.0,,Onsite,1805859.42844648,H2LA_Station_Opt_Geotab_FCEV70kg_0To8000mi_55stations_5stDist,55,low_carbon,
29.84087424,-97.63039017,caldwellTX,,smr-CCSExisting,103.66922127979402,112707.57750900164,0.0,0.0,,Pipeline,1805859.42844648,H2LA_Station_Opt_Geotab_FCEV70kg_0To8000mi_55stations_5stDist,55,low_carbon,
32.77382278,-96.77460664,dallasTX,,smr-CCS,11.526666460294273,11522.919646084429,9.336599832838358,84.02939849554525,,Onsite,1805859.42844648,H2LA_Station_Opt_Geotab_FCEV70kg_0To8000mi_55stations_5stDist,55,low_carbon,
32.77382278,-96.77460664,dallasTX,,smr-CCS,11.526666460294273,11522.919646084429,9.336599832838358,84.02939849554525,,Pipeline,1805859.42844648,H2LA_Station_Opt_Geotab_FCEV70kg_0To8000mi_55stations_5stDist,55,low_carbon,
32.77382278,-96.77460664,dallasTX,,smr-CCSExisting,77.7884411818199,84594.60609746123,0.0,0.0,,Onsite,1805859.42844648,H2LA_Station_Opt_Geotab_FCEV70kg_0To8000mi_55stations_5stDist,55,low_carbon,
32.77382278,-96.77460664,dallasTX,,smr-CCSExisting,77.7884411818199,84594.60609746123,0.0,0.0,,Pipeline,1805859.42844648,H2LA_Station_Opt_Geotab_FCEV70kg_0To8000mi_55stations_5stDist,55,low_carbon,
36.7542967,-119.641139,fresnoCA,,smr-CCS,13.082562543985894,39764.25718175404,10.596875660628571,95.37188094565715,,Onsite,1805859.42844648,H2LA_Station_Opt_Geotab_FCEV70kg_0To8000mi_55stations_5stDist,55,low_carbon,
36.7542967,-119.641139,fresnoCA,,smr-CCS,13.082562543985894,39764.25718175404,10.596875660628571,95.37188094565715,,Pipeline,1805859.42844648,H2LA_Station_Opt_Geotab_FCEV70kg_0To8000mi_55stations_5stDist,55,low_carbon,
36.7542967,-119.641139,fresnoCA,,smr-CCSExisting,11.45317897206492,33149.22317717073,0.0,0.0,,Onsite,1805859.42844648,H2LA_Station_Opt_Geotab_FCEV70kg_0To8000mi_55stations_5stDist,55,low_carbon,
36.7542967,-119.641139,fresnoCA,,smr-CCSExisting,11.45317897206492,33149.22317717073,0.0,0.0,,Pipeline,1805859.42844648,H2LA_Station_Opt_Geotab_FCEV70kg_0To8000mi_55stations_5stDist,55,low_carbon,
30.7171973,-104.1414386,jeffDavisTX,,smr-CCS,11.476371781674592,11472.641316061035,9.295861143156417,83.66275028840776,,Onsite,1805859.42844648,H2LA_Station_Opt_Geotab_FCEV70kg_0To8000mi_55stations_5stDist,55,low_carbon,
30.7171973,-104.1414386,jeffDavisTX,,smr-CCS,11.476371781674592,11472.641316061035,9.295861143156417,83.66275028840776,,Pipeline,1805859.42844648,H2LA_Station_Opt_Geotab_FCEV70kg_0To8000mi_55stations_5stDist,55,low_carbon,
33.73341025,-113.9782551,laPazAZ,,smr-CCSExisting,13.44086021505377,20012.587941949914,0.0,0.0,,Onsite,1805859.42844648,H2LA_Station_Opt_Geotab_FCEV70kg_0To8000mi_55stations_5stDist,55,low_carbon,
33.73341025,-113.9782551,laPazAZ,,smr-CCSExisting,13.44086021505377,20012.587941949914,0.0,0.0,,Pipeline,1805859.42844648,H2LA_Station_Opt_Geotab_FCEV70kg_0To8000mi_55stations_5stDist,55,low_carbon,
30.15482974,-94.81749325,libertyTX,,smr-CCSExisting,138.12060051409026,150205.57832138462,0.0,0.0,,Onsite,1805859.42844648,H2LA_Station_Opt_Geotab_FCEV70kg_0To8000mi_55stations_5stDist,55,low_carbon,
30.15482974,-94.81749325,libertyTX,,smr-CCSExisting,138.12060051409026,150205.57832138462,0.0,0.0,,Pipeline,1805859.42844648,H2LA_Station_Opt_Geotab_FCEV70kg_0To8000mi_55stations_5stDist,55,low_carbon,
34.32209948,-118.2225598,losAngelesCA,,smr-CCS,11.47207099151185,34869.19170308299,9.292377503124598,83.6313975281214,,Onsite,1805859.42844648,H2LA_Station_Opt_Geotab_FCEV70kg_0To8000mi_55stations_5stDist,55,low_carbon,
34.32209948,-118.2225598,losAngelesCA,,smr-CCS,11.47207099151185,34869.19170308299,9.292377503124598,83.6313975281214,,Pipeline,1805859.42844648,H2LA_Station_Opt_Geotab_FCEV70kg_0To8000mi_55stations_5stDist,55,low_carbon,
34.32209948,-118.2225598,losAngelesCA,,smr-CCSExisting,68.97045408383998,199622.91530080503,0.0,0.0,,Onsite,1805859.42844648,H2LA_Station_Opt_Geotab_FCEV70kg_0To8000mi_55stations_5stDist,55,low_carbon,
34.32209948,-118.2225598,losAngelesCA,,smr-CCSExisting,68.97045408383998,199622.91530080503,0.0,0.0,,Pipeline,1805859.42844648,H2LA_Station_Opt_Geotab_FCEV70kg_0To8000mi_55stations_5stDist,55,low_carbon,
31.62004685,-94.61748025,nacogdochesTX,,smr-CCSExisting,11.494468895264234,12500.187093627645,0.0,0.0,,Onsite,1805859.42844648,H2LA_Station_Opt_Geotab_FCEV70kg_0To8000mi_55stations_5stDist,55,low_carbon,
31.62004685,-94.61748025,nacogdochesTX,,smr-CCSExisting,11.494468895264234,12500.187093627645,0.0,0.0,,Pipeline,1805859.42844648,H2LA_Station_Opt_Geotab_FCEV70kg_0To8000mi_55stations_5stDist,55,low_carbon,
32.91428377,-111.3483757,pinalAZ,,smr-CCS,11.479363873935071,19789.02993872036,9.298284737887409,83.68456264098668,,Onsite,1805859.42844648,H2LA_Station_Opt_Geotab_FCEV70kg_0To8000mi_55stations_5stDist,55,low_carbon,
32.91428377,-111.3483757,pinalAZ,,smr-CCS,11.479363873935071,19789.02993872036,9.298284737887409,83.68456264098668,,Pipeline,1805859.42844648,H2LA_Station_Opt_Geotab_FCEV70kg_0To8000mi_55stations_5stDist,55,low_carbon,
28.00346828,-97.51134264,sanPatricioTX,,smr-CCSExisting,11.48770650490522,12492.833022251398,0.0,0.0,,Onsite,1805859.42844648,H2LA_Station_Opt_Geotab_FCEV70kg_0To8000mi_55stations_5stDist,55,low_carbon,
28.00346828,-97.51134264,sanPatricioTX,,smr-CCSExisting,11.48770650490522,12492.833022251398,0.0,0.0,,Pipeline,1805859.42844648,H2LA_Station_Opt_Geotab_FCEV70kg_0To8000mi_55stations_5stDist,55,low_carbon,
30.89254422,-100.5366337,schleicherTX,,smr-CCSExisting,11.367624600662104,12362.244451063352,0.0,0.0,,Onsite,1805859.42844648,H2LA_Station_Opt_Geotab_FCEV70kg_0To8000mi_55stations_5stDist,55,low_carbon,
30.89254422,-100.5366337,schleicherTX,,smr-CCSExisting,11.367624600662104,12362.244451063352,0.0,0.0,,Pipeline,1805859.42844648,H2LA_Station_Opt_Geotab_FCEV70kg_0To8000mi_55stations_5stDist,55,low_carbon,
39.03361022,-121.6882005,sutterCA,,smr-CCSExisting,38.96517025090788,101972.36459128596,0.0,0.0,,Onsite,1805859.42844648,H2LA_Station_Opt_Geotab_FCEV70kg_0To8000mi_55stations_5stDist,55,low_carbon,
39.03361022,-121.6882005,sutterCA,,smr-CCSExisting,38.96517025090788,101972.36459128596,0.0,0.0,,Pipeline,1805859.42844648,H2LA_Station_Opt_Geotab_FCEV70kg_0To8000mi_55stations_5stDist,55,low_carbon,
32.319,-102.547,104234,1.428481964088801,electrolyzerExisting,1.5751327184748618,7188.116240006283,0.0,0.0,4000.0,Onsite,1451987.6586668198,H2LA_Station_Opt_Geotab_FCEV70kg_0To8000mi_45stations_5stDist,45,low_carbon,$5.00 - $8.00/kg
34.257,-110.024,4395,1.107480264894367,electrolyzerExisting,1.0,5310.751884576284,0.0,0.0,5000.0,Onsite,1451987.6586668198,H2LA_Station_Opt_Geotab_FCEV70kg_0To8000mi_45stations_5stDist,45,low_carbon,$6.00 - $9.00/kg
34.566,-111.866,4508,4.836807765977896,electrolyzerExisting,5.333363944512051,28324.17261945268,0.0,0.0,5000.0,Onsite,1451987.6586668198,H2LA_Station_Opt_Geotab_FCEV70kg_0To8000mi_45stations_5stDist,45,low_carbon,$6.00 - $9.00/kg
32.273,-107.714,71615,9.931175650387358,electrolyzerExisting,10.950729640462653,45679.608358074016,0.0,0.0,3500.0,Onsite,1451987.6586668198,H2LA_Station_Opt_Geotab_FCEV70kg_0To8000mi_45stations_5stDist,45,low_carbon,$4.50 - $7.50/kg
34.946,-104.637,72146,9.818882144888002,electrolyzerExisting,11.018119132076752,45411.96087510226,0.0,0.0,3500.0,Onsite,1451987.6586668198,H2LA_Station_Opt_Geotab_FCEV70kg_0To8000mi_45stations_5stDist,45,low_carbon,$4.50 - $7.50/kg
32.736,-101.95,99923,1.031557062663024,electrolyzer,1.1374587318309048,4923.9842602463,3.9924801487235,0.0,5000.0,Onsite,1451987.6586668198,H2LA_Station_Opt_Geotab_FCEV70kg_0To8000mi_45stations_5stDist,45,low_carbon,$6.00 - $9.00/kg
37.64275382,-121.8775366,alamedaCA,,smr-CCSExisting,21.48770433337546,53893.88114344583,0.0,0.0,,Onsite,1451987.6586668198,H2LA_Station_Opt_Geotab_FCEV70kg_0To8000mi_45stations_5stDist,45,low_carbon,
37.64275382,-121.8775366,alamedaCA,,smr-CCSExisting,21.48770433337546,53893.88114344583,0.0,0.0,,Pipeline,1451987.6586668198,H2LA_Station_Opt_Geotab_FCEV70kg_0To8000mi_45stations_5stDist,45,low_carbon,
29.84087424,-97.63039017,caldwellTX,,smr-CCS,34.53761264859641,34526.38598403092,27.975466245355825,251.77919620820245,,Onsite,1451987.6586668198,H2LA_Station_Opt_Geotab_FCEV70kg_0To8000mi_45stations_5stDist,45,low_carbon,
29.84087424,-97.63039017,caldwellTX,,smr-CCS,34.53761264859641,34526.38598403092,27.975466245355825,251.77919620820245,,Pipeline,1451987.6586668198,H2LA_Station_Opt_Geotab_FCEV70kg_0To8000mi_45stations_5stDist,45,low_carbon,
29.84087424,-97.63039017,caldwellTX,,smr-CCSExisting,46.03876134059065,50066.96138464406,0.0,0.0,,Onsite,1451987.6586668198,H2LA_Station_Opt_Geotab_FCEV70kg_0To8000mi_45stations_5stDist,45,low_carbon,
29.84087424,-97.63039017,caldwellTX,,smr-CCSExisting,46.03876134059065,50066.96138464406,0.0,0.0,,Pipeline,1451987.6586668198,H2LA_Station_Opt_Geotab_FCEV70kg_0To8000mi_45stations_5stDist,45,low_carbon,
32.77382278,-96.77460664,dallasTX,,smr-CCSExisting,66.07973209109244,71861.4336827482,0.0,0.0,,Onsite,1451987.6586668198,H2LA_Station_Opt_Geotab_FCEV70kg_0To8000mi_45stations_5stDist,45,low_carbon,
32.77382278,-96.77460664,dallasTX,,smr-CCSExisting,66.07973209109244,71861.4336827482,0.0,0.0,,Pipeline,1451987.6586668198,H2LA_Station_Opt_Geotab_FCEV70kg_0To8000mi_45stations_5stDist,45,low_carbon,
33.73341025,-113.9782551,laPazAZ,,smr-CCSExisting,13.44086021505377,22025.832844389857,0.0,0.0,,Onsite,1451987.6586668198,H2LA_Station_Opt_Geotab_FCEV70kg_0To8000mi_45stations_5stDist,45,low_carbon,
33.73341025,-113.9782551,laPazAZ,,smr-CCSExisting,13.44086021505377,22025.832844389857,0.0,0.0,,Pipeline,1451987.6586668198,H2LA_Station_Opt_Geotab_FCEV70kg_0To8000mi_45stations_5stDist,45,low_carbon,
30.15482974,-94.81749325,libertyTX,,smr-CCSExisting,126.5415782767517,137613.4398200881,0.0,0.0,,Onsite,1451987.6586668198,H2LA_Station_Opt_Geotab_FCEV70kg_0To8000mi_45stations_5stDist,45,low_carbon,
30.15482974,-94.81749325,libertyTX,,smr-CCSExisting,126.5415782767517,137613.4398200881,0.0,0.0,,Pipeline,1451987.6586668198,H2LA_Station_Opt_Geotab_FCEV70kg_0To8000mi_45stations_5stDist,45,low_carbon,
34.32209948,-118.2225598,losAngelesCA,,smr-CCS,11.472838717370418,34871.52519457817,9.292999361068658,83.63699424961794,,Onsite,1451987.6586668198,H2LA_Station_Opt_Geotab_FCEV70kg_0To8000mi_45stations_5stDist,45,low_carbon,
34.32209948,-118.2225598,losAngelesCA,,smr-CCS,11.472838717370418,34871.52519457817,9.292999361068658,83.63699424961794,,Pipeline,1451987.6586668198,H2LA_Station_Opt_Geotab_FCEV70kg_0To8000mi_45stations_5stDist,45,low_carbon,
34.32209948,-118.2225598,losAngelesCA,,smr-CCSExisting,57.49761536646956,166416.79041790767,0.0,0.0,,Onsite,1451987.6586668198,H2LA_Station_Opt_Geotab_FCEV70kg_0To8000mi_45stations_5stDist,45,low_carbon,
34.32209948,-118.2225598,losAngelesCA,,smr-CCSExisting,57.49761536646956,166416.79041790767,0.0,0.0,,Pipeline,1451987.6586668198,H2LA_Station_Opt_Geotab_FCEV70kg_0To8000mi_45stations_5stDist,45,low_carbon,
31.62004685,-94.61748025,nacogdochesTX,,smr-CCSExisting,11.494468895264234,12500.187093627515,0.0,0.0,,Onsite,1451987.6586668198,H2LA_Station_Opt_Geotab_FCEV70kg_0To8000mi_45stations_5stDist,45,low_carbon,
31.62004685,-94.61748025,nacogdochesTX,,smr-CCSExisting,11.494468895264234,12500.187093627515,0.0,0.0,,Pipeline,1451987.6586668198,H2LA_Station_Opt_Geotab_FCEV70kg_0To8000mi_45stations_5stDist,45,low_carbon,
28.00346828,-97.51134264,sanPatricioTX,,smr-CCSExisting,11.48770650490522,12492.79895524078,0.0,0.0,,Onsite,1451987.6586668198,H2LA_Station_Opt_Geotab_FCEV70kg_0To8000mi_45stations_5stDist,45,low_carbon,
28.00346828,-97.51134264,sanPatricioTX,,smr-CCSExisting,11.48770650490522,12492.79895524078,0.0,0.0,,Pipeline,1451987.6586668198,H2LA_Station_Opt_Geotab_FCEV70kg_0To8000mi_45stations_5stDist,45,low_carbon,
30.89254422,-100.5366337,schleicherTX,,smr-CCSExisting,11.367624600662104,12362.244451063278,0.0,0.0,,Onsite,1451987.6586668198,H2LA_Station_Opt_Geotab_FCEV70kg_0To8000mi_45stations_5stDist,45,low_carbon,
30.89254422,-100.5366337,schleicherTX,,smr-CCSExisting,11.367624600662104,12362.244451063278,0.0,0.0,,Pipeline,1451987.6586668198,H2LA_Station_Opt_Geotab_FCEV70kg_0To8000mi_45stations_5stDist,45,low_carbon,
39.03361022,-121.6882005,sutterCA,,smr-CCSExisting,38.96517025090788,102004.6771334514,0.0,0.0,,Onsite,1451987.6586668198,H2LA_Station_Opt_Geotab_FCEV70kg_0To8000mi_45stations_5stDist,45,low_carbon,
39.03361022,-121.6882005,sutterCA,,smr-CCSExisting,38.96517025090788,102004.6771334514,0.0,0.0,,Pipeline,1451987.6586668198,H2LA_Station_Opt_Geotab_FCEV70kg_0To8000mi_45stations_5stDist,45,low_carbon,
29.779,-95.124,100467,9.997597253798162,electrolyzerExisting,11.02397022032924,50307.874660724265,0.0,0.0,4000.0,Onsite,2767671.6988215973,H2LA_Station_Opt_Geotab_FCEV70kg_0To8000mi_45stations_5stDist,45,electrolysis,$5.00 - $8.00/kg
29.779,-95.124,100467,9.997597253798162,electrolyzerExisting,11.02397022032924,50307.874660724265,0.0,0.0,4000.0,Pipeline,2767671.6988215973,H2LA_Station_Opt_Geotab_FCEV70kg_0To8000mi_45stations_5stDist,45,electrolysis,$5.00 - $8.00/kg
29.93,-95.314,100920,10.005261717818668,electrolyzerExisting,11.032421529674629,50346.44220583713,0.0,0.0,4000.0,Onsite,2767671.6988215973,H2LA_Station_Opt_Geotab_FCEV70kg_0To8000mi_45stations_5stDist,45,electrolysis,$5.00 - $8.00/kg
29.93,-95.314,100920,10.005261717818668,electrolyzerExisting,11.032421529674629,50346.44220583713,0.0,0.0,4000.0,Pipeline,2767671.6988215973,H2LA_Station_Opt_Geotab_FCEV70kg_0To8000mi_45stations_5stDist,45,electrolysis,$5.00 - $8.00/kg
29.804,-94.981,100951,9.988860089408334,electrolyzerExisting,11.018645419337217,50269.517835930346,0.0,0.0,4000.0,Onsite,2767671.6988215973,H2LA_Station_Opt_Geotab_FCEV70kg_0To8000mi_45stations_5stDist,45,electrolysis,$5.00 - $8.00/kg
29.804,-94.981,100951,9.988860089408334,electrolyzerExisting,11.018645419337217,50269.517835930346,0.0,0.0,4000.0,Pipeline,2767671.6988215973,H2LA_Station_Opt_Geotab_FCEV70kg_0To8000mi_45stations_5stDist,45,electrolysis,$5.00 - $8.00/kg
29.931,-95.508,101402,10.015236066079847,electrolyzerExisting,11.064237876431909,50423.727538501145,0.0,0.0,4000.0,Onsite,2767671.6988215973,H2LA_Station_Opt_Geotab_FCEV70kg_0To8000mi_45stations_5stDist,45,electrolysis,$5.00 - $8.00/kg
29.931,-95.508,101402,10.015236066079847,electrolyzerExisting,11.064237876431909,50423.727538501145,0.0,0.0,4000.0,Pipeline,2767671.6988215973,H2LA_Station_Opt_Geotab_FCEV70kg_0To8000mi_45stations_5stDist,45,electrolysis,$5.00 - $8.00/kg
29.604,-95.266,101649,9.974771621889348,electrolyzerExisting,10.998801263180043,50193.016152336655,0.0,0.0,4000.0,Onsite,2767671.6988215973,H2LA_Station_Opt_Geotab_FCEV70kg_0To8000mi_45stations_5stDist,45,electrolysis,$5.00 - $8.00/kg
29.813,-95.292,101729,9.999995363034918,electrolyzerExisting,11.026614519137803,50319.94192499441,0.0,0.0,4000.0,Onsite,2767671.6988215973,H2LA_Station_Opt_Geotab_FCEV70kg_0To8000mi_45stations_5stDist,45,electrolysis,$5.00 - $8.00/kg
29.813,-95.292,101729,9.999995363034918,electrolyzerExisting,11.026614519137803,50319.94192499441,0.0,0.0,4000.0,Pipeline,2767671.6988215973,H2LA_Station_Opt_Geotab_FCEV70kg_0To8000mi_45stations_5stDist,45,electrolysis,$5.00 - $8.00/kg
27.799,-97.659,102754,9.999769357253154,electrolyzerExisting,11.026419788605606,50318.87556616102,0.0,0.0,4000.0,Onsite,2767671.6988215973,H2LA_Station_Opt_Geotab_FCEV70kg_0To8000mi_45stations_5stDist,45,electrolysis,$5.00 - $8.00/kg
30.022,-93.845,102997,9.999190249902592,electrolyzerExisting,11.02572675479665,50315.89060156097,0.0,0.0,4000.0,Onsite,2767671.6988215973,H2LA_Station_Opt_Geotab_FCEV70kg_0To8000mi_45stations_5stDist,45,electrolysis,$5.00 - $8.00/kg
30.022,-93.845,102997,9.999190249902592,electrolyzerExisting,11.02572675479665,50315.89060156097,0.0,0.0,4000.0,Pipeline,2767671.6988215973,H2LA_Station_Opt_Geotab_FCEV70kg_0To8000mi_45stations_5stDist,45,electrolysis,$5.00 - $8.00/kg
30.376,-97.726,103539,9.998904101517724,electrolyzerExisting,11.025411230151992,50314.45070467468,0.0,0.0,4000.0,Onsite,2767671.6988215973,H2LA_Station_Opt_Geotab_FCEV70kg_0To8000mi_45stations_5stDist,45,electrolysis,$5.00 - $8.00/kg
30.376,-97.726,103539,9.998904101517724,electrolyzerExisting,11.025411230151992,50314.45070467468,0.0,0.0,4000.0,Pipeline,2767671.6988215973,H2LA_Station_Opt_Geotab_FCEV70kg_0To8000mi_45stations_5stDist,45,electrolysis,$5.00 - $8.00/kg
29.78,-95.882,104122,9.985663605218342,electrolyzerExisting,11.026507994660768,50268.25349361248,0.0,0.0,4000.0,Onsite,2767671.6988215973,H2LA_Station_Opt_Geotab_FCEV70kg_0To8000mi_45stations_5stDist,45,electrolysis,$5.00 - $8.00/kg
32.319,-102.547,104234,1.428481964088801,electrolyzerExisting,1.5751327205467234,7188.11626769562,0.0,0.0,4000.0,Onsite,2767671.6988215973,H2LA_Station_Opt_Geotab_FCEV70kg_0To8000mi_45stations_5stDist,45,electrolysis,$5.00 - $8.00/kg
32.456,-97.385,105358,10.014171126763136,electrolyzerExisting,11.062257484534529,50417.31960459537,0.0,0.0,4000.0,Onsite,2767671.6988215973,H2LA_Station_Opt_Geotab_FCEV70kg_0To8000mi_45stations_5stDist,45,electrolysis,$5.00 - $8.00/kg
32.731,-97.276,106176,10.011936703644125,electrolyzerExisting,11.03978178592687,50380.03072212296,0.0,0.0,4000.0,Onsite,2767671.6988215973,H2LA_Station_Opt_Geotab_FCEV70kg_0To8000mi_45stations_5stDist,45,electrolysis,$5.00 - $8.00/kg
32.731,-97.276,106176,10.011936703644125,electrolyzerExisting,11.03978178592687,50380.03072212296,0.0,0.0,4000.0,Pipeline,2767671.6988215973,H2LA_Station_Opt_Geotab_FCEV70kg_0To8000mi_45stations_5stDist,45,electrolysis,$5.00 - $8.00/kg
30.7,-101.207,107617,9.895289862476195,electrolyzerExisting,10.911159752174928,49793.06422442502,0.0,0.0,4000.0,Onsite,2767671.6988215973,H2LA_Station_Opt_Geotab_FCEV70kg_0To8000mi_45stations_5stDist,45,electrolysis,$5.00 - $8.00/kg
31.507,-97.146,107884,10.032639806962958,electrolyzer,11.062610309169424,47889.31458808928,38.82976218518468,0.0,5000.0,Onsite,2767671.6988215973,H2LA_Station_Opt_Geotab_FCEV70kg_0To8000mi_45stations_5stDist,45,electrolysis,$6.00 - $9.00/kg
29.649,-98.112,108692,10.03211777912541,electrolyzer,11.062034689261353,47886.822767254016,38.827741759307344,0.0,5000.0,Onsite,2767671.6988215973,H2LA_Station_Opt_Geotab_FCEV70kg_0To8000mi_45stations_5stDist,45,electrolysis,$6.00 - $9.00/kg
29.649,-98.112,108692,10.03211777912541,electrolyzer,11.062034689261353,47886.822767254016,38.827741759307344,0.0,5000.0,Pipeline,2767671.6988215973,H2LA_Station_Opt_Geotab_FCEV70kg_0To8000mi_45stations_5stDist,45,electrolysis,$6.00 - $9.00/kg
30.035,-94.15,108840,9.992688546989283,electrolyzerExisting,11.02359620759738,50289.73178925125,0.0,0.0,4000.0,Onsite,2767671.6988215973,H2LA_Station_Opt_Geotab_FCEV70kg_0To8000mi_45stations_5stDist,45,electrolysis,$5.00 - $8.00/kg
30.035,-94.15,108840,9.992688546989283,electrolyzerExisting,11.02359620759738,50289.73178925125,0.0,0.0,4000.0,Pipeline,2767671.6988215973,H2LA_Station_Opt_Geotab_FCEV70kg_0To8000mi_45stations_5stDist,45,electrolysis,$5.00 - $8.00/kg
30.209,-95.526,109345,9.998295979792704,electrolyzerExisting,11.024740677487632,50311.39063789855,0.0,0.0,4000.0,Onsite,2767671.6988215973,H2LA_Station_Opt_Geotab_FCEV70kg_0To8000mi_45stations_5stDist,45,electrolysis,$5.00 - $8.00/kg
37.587,-122.364,11279,3.291885544536083,electrolyzerExisting,3.629836971147008,37991.24906549768,0.0,0.0,10500.0,Onsite,2767671.6988215973,H2LA_Station_Opt_Geotab_FCEV70kg_0To8000mi_45stations_5stDist,45,electrolysis,$11.50 - $14.50/kg
37.587,-122.364,11279,3.291885544536083,electrolyzerExisting,3.629836971147008,37991.24906549768,0.0,0.0,10500.0,Pipeline,2767671.6988215973,H2LA_Station_Opt_Geotab_FCEV70kg_0To8000mi_45stations_5stDist,45,electrolysis,$11.50 - $14.50/kg
37.705,-122.407,11323,2.438309004167458,electrolyzerExisting,2.688630592416012,28140.22645013756,0.0,0.0,10500.0,Onsite,2767671.6988215973,H2LA_Station_Opt_Geotab_FCEV70kg_0To8000mi_45stations_5stDist,45,electrolysis,$11.50 - $14.50/kg
38.525,-121.463,11536,9.998355385595964,electrolyzerExisting,11.026324127197183,115391.77418182533,0.0,0.0,10500.0,Onsite,2767671.6988215973,H2LA_Station_Opt_Geotab_FCEV70kg_0To8000mi_45stations_5stDist,45,electrolysis,$11.50 - $14.50/kg
38.525,-121.463,11536,9.998355385595964,electrolyzerExisting,11.026324127197183,115391.77418182533,0.0,0.0,10500.0,Pipeline,2767671.6988215973,H2LA_Station_Opt_Geotab_FCEV70kg_0To8000mi_45stations_5stDist,45,electrolysis,$11.50 - $14.50/kg
33.945,-118.291,12678,10.032385723076327,electrolyzerExisting,11.02022276522218,14342.716080721668,0.0,0.0,8500.0,Onsite,2767671.6988215973,H2LA_Station_Opt_Geotab_FCEV70kg_0To8000mi_45stations_5stDist,45,electrolysis,$9.50 - $12.50/kg
33.945,-118.291,12678,10.032385723076327,electrolyzerExisting,11.02022276522218,14342.716080721668,0.0,0.0,8500.0,Pipeline,2767671.6988215973,H2LA_Station_Opt_Geotab_FCEV70kg_0To8000mi_45stations_5stDist,45,electrolysis,$9.50 - $12.50/kg
37.812,-121.294,14201,10.008496098907354,electrolyzerExisting,11.035987946521702,115506.83117465828,0.0,0.0,10500.0,Onsite,2767671.6988215973,H2LA_Station_Opt_Geotab_FCEV70kg_0To8000mi_45stations_5stDist,45,electrolysis,$11.50 - $14.50/kg
37.954,-121.271,14295,9.999816873346896,electrolyzerExisting,11.02641770860092,115406.6654382622,0.0,0.0,10500.0,Onsite,2767671.6988215973,H2LA_Station_Opt_Geotab_FCEV70kg_0To8000mi_45stations_5stDist,45,electrolysis,$11.50 - $14.50/kg
37.954,-121.271,14295,9.999816873346896,electrolyzerExisting,11.02641770860092,115406.6654382622,0.0,0.0,10500.0,Pipeline,2767671.6988215973,H2LA_Station_Opt_Geotab_FCEV70kg_0To8000mi_45stations_5stDist,45,electrolysis,$11.50 - $14.50/kg
34.07,-117.37,15891,9.999864981645402,electrolyzerExisting,11.025375048854064,14349.42172931642,0.0,0.0,8500.0,Onsite,2767671.6988215973,H2LA_Station_Opt_Geotab_FCEV70kg_0To8000mi_45stations_5stDist,45,electrolysis,$9.50 - $12.50/kg
34.07,-117.37,15891,9.999864981645402,electrolyzerExisting,11.025375048854064,14349.42172931642,0.0,0.0,8500.0,Pipeline,2767671.6988215973,H2LA_Station_Opt_Geotab_FCEV70kg_0To8000mi_45stations_5stDist,45,electrolysis,$9.50 - $12.50/kg
35.63,-120.692,16130,1.1492314105742223,electrolyzer,1.2672137624953288,13754.456363967443,4.447920306358604,0.0,12500.0,Onsite,2767671.6988215973,H2LA_Station_Opt_Geotab_FCEV70kg_0To8000mi_45stations_5stDist,45,electrolysis,$13.50 - $16.50/kg
34.257,-110.024,4395,1.107480264894367,electrolyzerExisting,2.0,7498.996292401871,0.0,0.0,5000.0,Onsite,2767671.6988215973,H2LA_Station_Opt_Geotab_FCEV70kg_0To8000mi_45stations_5stDist,45,electrolysis,$6.00 - $9.00/kg
34.566,-111.866,4508,4.836807765977896,electrolyzerExisting,5.333363947442075,28324.17263627417,0.0,0.0,5000.0,Onsite,2767671.6988215973,H2LA_Station_Opt_Geotab_FCEV70kg_0To8000mi_45stations_5stDist,45,electrolysis,$6.00 - $9.00/kg
31.974,-94.002,45870,10.005705286125997,electrolyzerExisting,11.032910638110389,50348.6742441349,0.0,0.0,4000.0,Onsite,2767671.6988215973,H2LA_Station_Opt_Geotab_FCEV70kg_0To8000mi_45stations_5stDist,45,electrolysis,$5.00 - $8.00/kg
30.191,-93.571,46430,10.043651293580853,electrolyzerExisting,11.074752251687984,50539.61841305163,0.0,0.0,4000.0,Onsite,2767671.6988215973,H2LA_Station_Opt_Geotab_FCEV70kg_0To8000mi_45stations_5stDist,45,electrolysis,$5.00 - $8.00/kg
32.273,-107.714,71615,9.931175650387358,electrolyzerExisting,10.95072964345297,45679.60837072155,0.0,0.0,3500.0,Onsite,2767671.6988215973,H2LA_Station_Opt_Geotab_FCEV70kg_0To8000mi_45stations_5stDist,45,electrolysis,$4.50 - $7.50/kg
34.946,-104.637,72146,9.818882144888002,electrolyzerExisting,11.018119130281686,45411.960867738,0.0,0.0,3500.0,Onsite,2767671.6988215973,H2LA_Station_Opt_Geotab_FCEV70kg_0To8000mi_45stations_5stDist,45,electrolysis,$4.50 - $7.50/kg
38.054,-122.155,8266,9.97335634098336,electrolyzerExisting,10.997240686150658,115101.28766427025,0.0,0.0,10500.0,Onsite,2767671.6988215973,H2LA_Station_Opt_Geotab_FCEV70kg_0To8000mi_45stations_5stDist,45,electrolysis,$11.50 - $14.50/kg
34.179,-118.857,9130,1.5394747520790006,electrolyzerExisting,1.6975202562427292,17766.89013295003,0.0,0.0,10500.0,Onsite,2767671.6988215973,H2LA_Station_Opt_Geotab_FCEV70kg_0To8000mi_45stations_5stDist,45,electrolysis,$11.50 - $14.50/kg
31.051,-97.484,95509,9.998110871100272,electrolyzerExisting,11.06980570806805,50369.376534896575,0.0,0.0,4000.0,Onsite,2767671.6988215973,H2LA_Station_Opt_Geotab_FCEV70kg_0To8000mi_45stations_5stDist,45,electrolysis,$5.00 - $8.00/kg
31.051,-97.484,95509,9.998110871100272,electrolyzerExisting,11.06980570806805,50369.376534896575,0.0,0.0,4000.0,Pipeline,2767671.6988215973,H2LA_Station_Opt_Geotab_FCEV70kg_0To8000mi_45stations_5stDist,45,electrolysis,$5.00 - $8.00/kg
33.152,-96.287,95977,7.465492021087639,electrolyzerExisting,8.231914085574346,37566.329907169085,0.0,0.0,4000.0,Onsite,2767671.6988215973,H2LA_Station_Opt_Geotab_FCEV70kg_0To8000mi_45stations_5stDist,45,electrolysis,$5.00 - $8.00/kg
29.511,-98.309,96543,10.007406119781068,electrolyzer,11.034786082222558,47768.865334234215,38.73209914860118,0.0,5000.0,Onsite,2767671.6988215973,H2LA_Station_Opt_Geotab_FCEV70kg_0To8000mi_45stations_5stDist,45,electrolysis,$6.00 - $9.00/kg
29.511,-98.309,96543,10.007406119781068,electrolyzer,11.034786082222558,47768.865334234215,38.73209914860118,0.0,5000.0,Pipeline,2767671.6988215973,H2LA_Station_Opt_Geotab_FCEV70kg_0To8000mi_45stations_5stDist,45,electrolysis,$6.00 - $9.00/kg
29.497,-98.399,96569,9.999099723258103,electrolyzerExisting,11.025626936917345,50315.43508269168,0.0,0.0,4000.0,Onsite,2767671.6988215973,H2LA_Station_Opt_Geotab_FCEV70kg_0To8000mi_45stations_5stDist,45,electrolysis,$5.00 - $8.00/kg
30.744,-98.233,98497,10.023920672865968,electrolyzerExisting,11.058124651772337,50447.00883011874,0.0,0.0,4000.0,Onsite,2767671.6988215973,H2LA_Station_Opt_Geotab_FCEV70kg_0To8000mi_45stations_5stDist,45,electrolysis,$5.00 - $8.00/kg
32.856,-96.768,99018,10.001257540032194,electrolyzerExisting,11.045504767976464,50349.067320661,0.0,0.0,4000.0,Onsite,2767671.6988215973,H2LA_Station_Opt_Geotab_FCEV70kg_0To8000mi_45stations_5stDist,45,electrolysis,$5.00 - $8.00/kg
32.648,-96.883,99189,9.99880337834728,electrolyzerExisting,11.025300167305778,50313.943869000985,0.0,0.0,4000.0,Onsite,2767671.6988215973,H2LA_Station_Opt_Geotab_FCEV70kg_0To8000mi_45stations_5stDist,45,electrolysis,$5.00 - $8.00/kg
32.648,-96.883,99189,9.99880337834728,electrolyzerExisting,11.025300167305778,50313.943869000985,0.0,0.0,4000.0,Pipeline,2767671.6988215973,H2LA_Station_Opt_Geotab_FCEV70kg_0To8000mi_45stations_5stDist,45,electrolysis,$5.00 - $8.00/kg
32.793,-96.684,99467,10.005085590227443,electrolyzerExisting,11.056549635303904,50377.2111959549,0.0,0.0,4000.0,Onsite,2767671.6988215973,H2LA_Station_Opt_Geotab_FCEV70kg_0To8000mi_45stations_5stDist,45,electrolysis,$5.00 - $8.00/kg
32.793,-96.684,99467,10.005085590227443,electrolyzerExisting,11.056549635303904,50377.2111959549,0.0,0.0,4000.0,Pipeline,2767671.6988215973,H2LA_Station_Opt_Geotab_FCEV70kg_0To8000mi_45stations_5stDist,45,electrolysis,$5.00 - $8.00/kg
32.736,-101.95,99923,1.031557062663024,electrolyzer,1.137458734794356,4923.984273077649,3.992480159128189,0.0,5000.0,Onsite,2767671.6988215973,H2LA_Station_Opt_Geotab_FCEV70kg_0To8000mi_45stations_5stDist,45,electrolysis,$6.00 - $9.00/kg
33.73341025,-113.9782551,laPazAZ,,electrolyzer,11.012149026846114,58052.82495198224,38.65264308422986,0.0,,Onsite,2767671.6988215973,H2LA_Station_Opt_Geotab_FCEV70kg_0To8000mi_45stations_5stDist,45,electrolysis,
33.73341025,-113.9782551,laPazAZ,,electrolyzer,11.012149026846114,58052.82495198224,38.65264308422986,0.0,,Pipeline,2767671.6988215973,H2LA_Station_Opt_Geotab_FCEV70kg_0To8000mi_45stations_5stDist,45,electrolysis,
33.73341025,-113.9782551,laPazAZ,,electrolyzerExisting,61.965514315062805,329083.4719487216,0.0,0.0,,Onsite,2767671.6988215973,H2LA_Station_Opt_Geotab_FCEV70kg_0To8000mi_45stations_5stDist,45,electrolysis,
33.73341025,-113.9782551,laPazAZ,,electrolyzerExisting,61.965514315062805,329083.4719487216,0.0,0.0,,Pipeline,2767671.6988215973,H2LA_Station_Opt_Geotab_FCEV70kg_0To8000mi_45stations_5stDist,45,electrolysis,
29.779,-95.124,100467,9.997597253798162,smr-noCCSExisting,11.485154458411923,9302.361147045413,0.0,0.0,4000.0,Onsite,710162.6193449413,H2LA_Station_Opt_Geotab_FCEV70kg_0To8000mi_45stations_5stDist,45,any,$5.00 - $8.00/kg
29.779,-95.124,100467,9.997597253798162,smr-noCCSExisting,11.485154458411923,9302.361147045413,0.0,0.0,4000.0,Pipeline,710162.6193449413,H2LA_Station_Opt_Geotab_FCEV70kg_0To8000mi_45stations_5stDist,45,any,$5.00 - $8.00/kg
29.93,-95.314,100920,10.005261717818668,smr-noCCSExisting,11.493959328655404,9309.492621258869,0.0,0.0,4000.0,Onsite,710162.6193449413,H2LA_Station_Opt_Geotab_FCEV70kg_0To8000mi_45stations_5stDist,45,any,$5.00 - $8.00/kg
29.93,-95.314,100920,10.005261717818668,smr-noCCSExisting,11.493959328655404,9309.492621258869,0.0,0.0,4000.0,Pipeline,710162.6193449413,H2LA_Station_Opt_Geotab_FCEV70kg_0To8000mi_45stations_5stDist,45,any,$5.00 - $8.00/kg
29.804,-94.981,100951,9.988860089408334,smr-noCCSExisting,11.47960689454413,9295.686382134005,0.0,0.0,4000.0,Onsite,710162.6193449413,H2LA_Station_Opt_Geotab_FCEV70kg_0To8000mi_45stations_5stDist,45,any,$5.00 - $8.00/kg
29.804,-94.981,100951,9.988860089408334,smr-noCCSExisting,11.47960689454413,9295.686382134005,0.0,0.0,4000.0,Pipeline,710162.6193449413,H2LA_Station_Opt_Geotab_FCEV70kg_0To8000mi_45stations_5stDist,45,any,$5.00 - $8.00/kg
29.931,-95.508,101402,10.015236066079847,smr-noCCSExisting,11.527106696367998,9325.80142400336,0.0,0.0,4000.0,Onsite,710162.6193449413,H2LA_Station_Opt_Geotab_FCEV70kg_0To8000mi_45stations_5stDist,45,any,$5.00 - $8.00/kg
29.931,-95.508,101402,10.015236066079847,smr-noCCSExisting,11.527106696367998,9325.80142400336,0.0,0.0,4000.0,Pipeline,710162.6193449413,H2LA_Station_Opt_Geotab_FCEV70kg_0To8000mi_45stations_5stDist,45,any,$5.00 - $8.00/kg
29.604,-95.266,101649,9.974771621889348,smr-noCCSExisting,11.49312527435722,9308.817081863552,0.0,0.0,4000.0,Onsite,710162.6193449413,H2LA_Station_Opt_Geotab_FCEV70kg_0To8000mi_45stations_5stDist,45,any,$5.00 - $8.00/kg
29.813,-95.292,101729,9.999995363034918,smr-noCCSExisting,11.487909382268624,9304.592488098808,0.0,0.0,4000.0,Onsite,710162.6193449413,H2LA_Station_Opt_Geotab_FCEV70kg_0To8000mi_45stations_5stDist,45,any,$5.00 - $8.00/kg
29.813,-95.292,101729,9.999995363034918,smr-noCCSExisting,11.487909382268624,9304.592488098808,0.0,0.0,4000.0,Pipeline,710162.6193449413,H2LA_Station_Opt_Geotab_FCEV70kg_0To8000mi_45stations_5stDist,45,any,$5.00 - $8.00/kg
27.799,-97.659,102754,9.999769357253154,smr-noCCSExisting,11.48770652102606,9304.400596446763,0.0,0.0,4000.0,Onsite,710162.6193449413,H2LA_Station_Opt_Geotab_FCEV70kg_0To8000mi_45stations_5stDist,45,any,$5.00 - $8.00/kg
30.022,-93.845,102997,9.999190249902592,smr-noCCSExisting,11.486984494240874,9303.843378238258,0.0,0.0,4000.0,Onsite,710162.6193449413,H2LA_Station_Opt_Geotab_FCEV70kg_0To8000mi_45stations_5stDist,45,any,$5.00 - $8.00/kg
30.022,-93.845,102997,9.999190249902592,smr-noCCSExisting,11.486984494240874,9303.843378238258,0.0,0.0,4000.0,Pipeline,710162.6193449413,H2LA_Station_Opt_Geotab_FCEV70kg_0To8000mi_45stations_5stDist,45,any,$5.00 - $8.00/kg
30.376,-97.726,103539,9.998904101517724,smr-noCCSExisting,11.4866557593684,9303.577120564803,0.0,0.0,4000.0,Onsite,710162.6193449413,H2LA_Station_Opt_Geotab_FCEV70kg_0To8000mi_45stations_5stDist,45,any,$5.00 - $8.00/kg
30.376,-97.726,103539,9.998904101517724,smr-noCCSExisting,11.4866557593684,9303.577120564803,0.0,0.0,4000.0,Pipeline,710162.6193449413,H2LA_Station_Opt_Geotab_FCEV70kg_0To8000mi_45stations_5stDist,45,any,$5.00 - $8.00/kg
29.78,-95.882,104122,9.985663605218342,smr-noCCSExisting,11.48779839512167,9296.556460425389,0.0,0.0,4000.0,Onsite,710162.6193449413,H2LA_Station_Opt_Geotab_FCEV70kg_0To8000mi_45stations_5stDist,45,any,$5.00 - $8.00/kg
32.319,-102.547,104234,1.428481964088801,smr-noCCSExisting,10.0,4037.785500996788,0.0,0.0,4000.0,Onsite,710162.6193449413,H2LA_Station_Opt_Geotab_FCEV70kg_0To8000mi_45stations_5stDist,45,any,$5.00 - $8.00/kg
32.456,-97.385,105358,10.014171126763136,smr-noCCSExisting,11.525043428619208,9324.538387858614,0.0,0.0,4000.0,Onsite,710162.6193449413,H2LA_Station_Opt_Geotab_FCEV70kg_0To8000mi_45stations_5stDist,45,any,$5.00 - $8.00/kg
32.731,-97.276,106176,10.011936703644125,smr-noCCSExisting,11.501627483754708,9315.703416971155,0.0,0.0,4000.0,Onsite,710162.6193449413,H2LA_Station_Opt_Geotab_FCEV70kg_0To8000mi_45stations_5stDist,45,any,$5.00 - $8.00/kg
32.731,-97.276,106176,10.011936703644125,smr-noCCSExisting,11.501627483754708,9315.703416971155,0.0,0.0,4000.0,Pipeline,710162.6193449413,H2LA_Station_Opt_Geotab_FCEV70kg_0To8000mi_45stations_5stDist,45,any,$5.00 - $8.00/kg
30.7,-101.207,107617,9.895289862476195,smr-noCCSExisting,11.367624600621106,9207.168245052677,0.0,0.0,4000.0,Onsite,710162.6193449413,H2LA_Station_Opt_Geotab_FCEV70kg_0To8000mi_45stations_5stDist,45,any,$5.00 - $8.00/kg
31.507,-97.146,107884,10.032639806962958,smr-noCCS,11.52541105061624,8661.872511694142,93.35582950999154,0.0,5000.0,Onsite,710162.6193449413,H2LA_Station_Opt_Geotab_FCEV70kg_0To8000mi_45stations_5stDist,45,any,$6.00 - $9.00/kg
29.649,-98.112,108692,10.03211777912541,smr-noCCS,11.524811341063325,8661.421802589834,93.35097186261292,0.0,5000.0,Onsite,710162.6193449413,H2LA_Station_Opt_Geotab_FCEV70kg_0To8000mi_45stations_5stDist,45,any,$6.00 - $9.00/kg
29.649,-98.112,108692,10.03211777912541,smr-noCCS,11.524811341063325,8661.421802589834,93.35097186261292,0.0,5000.0,Pipeline,710162.6193449413,H2LA_Station_Opt_Geotab_FCEV70kg_0To8000mi_45stations_5stDist,45,any,$6.00 - $9.00/kg
30.035,-94.15,108840,9.992688546989283,smr-noCCSExisting,11.48476481654758,9299.494817775943,0.0,0.0,4000.0,Onsite,710162.6193449413,H2LA_Station_Opt_Geotab_FCEV70kg_0To8000mi_45stations_5stDist,45,any,$5.00 - $8.00/kg
30.035,-94.15,108840,9.992688546989283,smr-noCCSExisting,11.48476481654758,9299.494817775943,0.0,0.0,4000.0,Pipeline,710162.6193449413,H2LA_Station_Opt_Geotab_FCEV70kg_0To8000mi_45stations_5stDist,45,any,$5.00 - $8.00/kg
30.209,-95.526,109345,9.998295979792704,smr-noCCSExisting,11.485957151973988,9303.011285920931,0.0,0.0,4000.0,Onsite,710162.6193449413,H2LA_Station_Opt_Geotab_FCEV70kg_0To8000mi_45stations_5stDist,45,any,$5.00 - $8.00/kg
37.587,-122.364,11279,3.291885544536083,smr-noCCSExisting,10.0,11151.580903188264,0.0,0.0,10500.0,Onsite,710162.6193449413,H2LA_Station_Opt_Geotab_FCEV70kg_0To8000mi_45stations_5stDist,45,any,$11.50 - $14.50/kg
37.587,-122.364,11279,3.291885544536083,smr-noCCSExisting,10.0,11151.580903188264,0.0,0.0,10500.0,Pipeline,710162.6193449413,H2LA_Station_Opt_Geotab_FCEV70kg_0To8000mi_45stations_5stDist,45,any,$11.50 - $14.50/kg
37.705,-122.407,11323,2.438309004167458,smr-noCCSExisting,10.0,9100.2340269932,0.0,0.0,10500.0,Onsite,710162.6193449413,H2LA_Station_Opt_Geotab_FCEV70kg_0To8000mi_45stations_5stDist,45,any,$11.50 - $14.50/kg
38.525,-121.463,11536,9.998355385595964,smr-noCCSExisting,11.48760684119054,27750.862568771423,0.0,0.0,10500.0,Onsite,710162.6193449413,H2LA_Station_Opt_Geotab_FCEV70kg_0To8000mi_45stations_5stDist,45,any,$11.50 - $14.50/kg
38.525,-121.463,11536,9.998355385595964,smr-noCCSExisting,11.48760684119054,27750.862568771423,0.0,0.0,10500.0,Pipeline,710162.6193449413,H2LA_Station_Opt_Geotab_FCEV70kg_0To8000mi_45stations_5stDist,45,any,$11.50 - $14.50/kg
34.796,-118.853,12389,9.994997245048904,smr-noCCSExisting,11.482167589608258,27741.0296260492,0.0,0.0,10500.0,Onsite,710162.6193449413,H2LA_Station_Opt_Geotab_FCEV70kg_0To8000mi_45stations_5stDist,45,any,$11.50 - $14.50/kg
34.796,-118.853,12389,9.994997245048904,smr-noCCSExisting,11.482167589608258,27741.0296260492,0.0,0.0,10500.0,Pipeline,710162.6193449413,H2LA_Station_Opt_Geotab_FCEV70kg_0To8000mi_45stations_5stDist,45,any,$11.50 - $14.50/kg
33.945,-118.291,12678,10.032385723076327,smr-noCCSExisting,11.481250231748378,27738.813280453294,0.0,0.0,8500.0,Onsite,710162.6193449413,H2LA_Station_Opt_Geotab_FCEV70kg_0To8000mi_45stations_5stDist,45,any,$9.50 - $12.50/kg
33.945,-118.291,12678,10.032385723076327,smr-noCCSExisting,11.481250231748378,27738.813280453294,0.0,0.0,8500.0,Pipeline,710162.6193449413,H2LA_Station_Opt_Geotab_FCEV70kg_0To8000mi_45stations_5stDist,45,any,$9.50 - $12.50/kg
33.902,-118.06,13548,9.999073017279766,smr-noCCSExisting,11.486849796717866,27752.34188439496,0.0,0.0,8500.0,Onsite,710162.6193449413,H2LA_Station_Opt_Geotab_FCEV70kg_0To8000mi_45stations_5stDist,45,any,$9.50 - $12.50/kg
33.902,-118.06,13548,9.999073017279766,smr-noCCSExisting,11.486849796717866,27752.34188439496,0.0,0.0,8500.0,Pipeline,710162.6193449413,H2LA_Station_Opt_Geotab_FCEV70kg_0To8000mi_45stations_5stDist,45,any,$9.50 - $12.50/kg
37.812,-121.294,14201,10.008496098907354,smr-noCCSExisting,11.497674947484638,27778.49555492658,0.0,0.0,10500.0,Onsite,710162.6193449413,H2LA_Station_Opt_Geotab_FCEV70kg_0To8000mi_45stations_5stDist,45,any,$11.50 - $14.50/kg
37.954,-121.271,14295,9.999816873346896,smr-noCCSExisting,11.487704339720612,27754.40646867932,0.0,0.0,10500.0,Onsite,710162.6193449413,H2LA_Station_Opt_Geotab_FCEV70kg_0To8000mi_45stations_5stDist,45,any,$11.50 - $14.50/kg
37.954,-121.271,14295,9.999816873346896,smr-noCCSExisting,11.487704339720612,27754.40646867932,0.0,0.0,10500.0,Pipeline,710162.6193449413,H2LA_Station_Opt_Geotab_FCEV70kg_0To8000mi_45stations_5stDist,45,any,$11.50 - $14.50/kg
34.058,-117.181,15834,10.005068302971228,smr-noCCSExisting,11.500738987201151,27771.250640631435,0.0,0.0,8500.0,Onsite,710162.6193449413,H2LA_Station_Opt_Geotab_FCEV70kg_0To8000mi_45stations_5stDist,45,any,$9.50 - $12.50/kg
34.058,-117.181,15834,10.005068302971228,smr-noCCSExisting,11.500738987201151,27771.250640631435,0.0,0.0,8500.0,Pipeline,710162.6193449413,H2LA_Station_Opt_Geotab_FCEV70kg_0To8000mi_45stations_5stDist,45,any,$9.50 - $12.50/kg
34.07,-117.37,15891,9.999864981645402,smr-noCCSExisting,11.486618056574336,27751.78199793301,0.0,0.0,8500.0,Onsite,710162.6193449413,H2LA_Station_Opt_Geotab_FCEV70kg_0To8000mi_45stations_5stDist,45,any,$9.50 - $12.50/kg
34.07,-117.37,15891,9.999864981645402,smr-noCCSExisting,11.486618056574336,27751.78199793301,0.0,0.0,8500.0,Pipeline,710162.6193449413,H2LA_Station_Opt_Geotab_FCEV70kg_0To8000mi_45stations_5stDist,45,any,$9.50 - $12.50/kg
34.091,-117.294,15955,10.006011627080769,smr-noCCS,11.49482081755636,28881.21312305952,93.10804862220652,0.0,8500.0,Onsite,710162.6193449413,H2LA_Station_Opt_Geotab_FCEV70kg_0To8000mi_45stations_5stDist,45,any,$9.50 - $12.50/kg
34.091,-117.294,15955,10.006011627080769,smr-noCCS,11.49482081755636,28881.21312305952,93.10804862220652,0.0,8500.0,Pipeline,710162.6193449413,H2LA_Station_Opt_Geotab_FCEV70kg_0To8000mi_45stations_5stDist,45,any,$9.50 - $12.50/kg
35.63,-120.692,16130,1.1492314105742223,smr-noCCS,10.0,6967.590592783883,10.693840657595857,0.0,12500.0,Onsite,710162.6193449413,H2LA_Station_Opt_Geotab_FCEV70kg_0To8000mi_45stations_5stDist,45,any,$13.50 - $16.50/kg
34.257,-110.024,4395,1.107480264894367,electrolyzerExisting,1.0,1301.490576577515,0.0,0.0,5000.0,Onsite,710162.6193449413,H2LA_Station_Opt_Geotab_FCEV70kg_0To8000mi_45stations_5stDist,45,any,$6.00 - $9.00/kg
34.257,-110.024,4395,1.107480264894367,smr-noCCSExisting,9.99999963434066,4635.109402000469,0.0,0.0,5000.0,Onsite,710162.6193449413,H2LA_Station_Opt_Geotab_FCEV70kg_0To8000mi_45stations_5stDist,45,any,$6.00 - $9.00/kg
34.566,-111.866,4508,4.836807765977896,smr-noCCSExisting,10.0,9331.655189009964,0.0,0.0,5000.0,Onsite,710162.6193449413,H2LA_Station_Opt_Geotab_FCEV70kg_0To8000mi_45stations_5stDist,45,any,$6.00 - $9.00/kg
31.974,-94.002,45870,10.005705286125997,smr-noCCSExisting,11.49446887447306,9309.905326132275,0.0,0.0,4000.0,Onsite,710162.6193449413,H2LA_Station_Opt_Geotab_FCEV70kg_0To8000mi_45stations_5stDist,45,any,$5.00 - $8.00/kg
30.191,-93.571,46430,10.043651293580853,smr-noCCSExisting,11.538060940027997,9345.21256892174,0.0,0.0,4000.0,Onsite,710162.6193449413,H2LA_Station_Opt_Geotab_FCEV70kg_0To8000mi_45stations_5stDist,45,any,$5.00 - $8.00/kg
32.273,-107.714,71615,9.931175650387358,smr-noCCSExisting,11.408849889850384,14436.880353741071,0.0,0.0,3500.0,Onsite,710162.6193449413,H2LA_Station_Opt_Geotab_FCEV70kg_0To8000mi_45stations_5stDist,45,any,$4.50 - $7.50/kg
34.946,-104.637,72146,9.818882144888002,smr-noCCSExisting,11.479058592527029,14338.192239696336,0.0,0.0,3500.0,Onsite,710162.6193449413,H2LA_Station_Opt_Geotab_FCEV70kg_0To8000mi_45stations_5stDist,45,any,$4.50 - $7.50/kg
38.054,-122.155,8266,9.97335634098336,smr-noCCSExisting,11.457311855818288,27680.97792918416,0.0,0.0,10500.0,Onsite,710162.6193449413,H2LA_Station_Opt_Geotab_FCEV70kg_0To8000mi_45stations_5stDist,45,any,$11.50 - $14.50/kg
34.179,-118.857,9130,1.5394747520790006,smr-noCCSExisting,10.0,6940.122145036825,0.0,0.0,10500.0,Onsite,710162.6193449413,H2LA_Station_Opt_Geotab_FCEV70kg_0To8000mi_45stations_5stDist,45,any,$11.50 - $14.50/kg
32.801,-115.57,9454,6.145768334689192,smr-noCCSExisting,10.0,18010.13814225582,0.0,0.0,8500.0,Onsite,710162.6193449413,H2LA_Station_Opt_Geotab_FCEV70kg_0To8000mi_45stations_5stDist,45,any,$9.50 - $12.50/kg
32.801,-115.57,9454,6.145768334689192,smr-noCCSExisting,10.0,18010.13814225582,0.0,0.0,8500.0,Pipeline,710162.6193449413,H2LA_Station_Opt_Geotab_FCEV70kg_0To8000mi_45stations_5stDist,45,any,$9.50 - $12.50/kg
31.051,-97.484,95509,9.998110871100272,smr-noCCSExisting,11.53290745606972,9318.12172762817,0.0,0.0,4000.0,Onsite,710162.6193449413,H2LA_Station_Opt_Geotab_FCEV70kg_0To8000mi_45stations_5stDist,45,any,$5.00 - $8.00/kg
31.051,-97.484,95509,9.998110871100272,smr-noCCSExisting,11.53290745606972,9318.12172762817,0.0,0.0,4000.0,Pipeline,710162.6193449413,H2LA_Station_Opt_Geotab_FCEV70kg_0To8000mi_45stations_5stDist,45,any,$5.00 - $8.00/kg
33.152,-96.287,95977,7.465492021087639,smr-noCCSExisting,10.0,7407.677037021707,0.0,0.0,4000.0,Onsite,710162.6193449413,H2LA_Station_Opt_Geotab_FCEV70kg_0To8000mi_45stations_5stDist,45,any,$5.00 - $8.00/kg
29.511,-98.309,96543,10.007406119781068,smr-noCCS,11.496422792787698,8640.086512692093,93.12102462158036,0.0,5000.0,Onsite,710162.6193449413,H2LA_Station_Opt_Geotab_FCEV70kg_0To8000mi_45stations_5stDist,45,any,$6.00 - $9.00/kg
29.511,-98.309,96543,10.007406119781068,smr-noCCS,11.496422792787698,8640.086512692093,93.12102462158036,0.0,5000.0,Pipeline,710162.6193449413,H2LA_Station_Opt_Geotab_FCEV70kg_0To8000mi_45stations_5stDist,45,any,$6.00 - $9.00/kg
29.497,-98.399,96569,9.999099723258103,smr-noCCSExisting,11.486880490088303,9303.75914043445,0.0,0.0,4000.0,Onsite,710162.6193449413,H2LA_Station_Opt_Geotab_FCEV70kg_0To8000mi_45stations_5stDist,45,any,$5.00 - $8.00/kg
30.744,-98.233,98497,10.023920672865968,smr-noCCSExisting,11.52073773248092,9328.585421961803,0.0,0.0,4000.0,Onsite,710162.6193449413,H2LA_Station_Opt_Geotab_FCEV70kg_0To8000mi_45stations_5stDist,45,any,$5.00 - $8.00/kg
32.856,-96.768,99018,10.001257540032194,smr-noCCSExisting,11.507589896183315,9311.674315530892,0.0,0.0,4000.0,Onsite,710162.6193449413,H2LA_Station_Opt_Geotab_FCEV70kg_0To8000mi_45stations_5stDist,45,any,$5.00 - $8.00/kg
32.648,-96.883,99189,9.99880337834728,smr-noCCSExisting,11.486540045277676,9303.48339833707,0.0,0.0,4000.0,Onsite,710162.6193449413,H2LA_Station_Opt_Geotab_FCEV70kg_0To8000mi_45stations_5stDist,45,any,$5.00 - $8.00/kg
32.648,-96.883,99189,9.99880337834728,smr-noCCSExisting,11.486540045277676,9303.48339833707,0.0,0.0,4000.0,Pipeline,710162.6193449413,H2LA_Station_Opt_Geotab_FCEV70kg_0To8000mi_45stations_5stDist,45,any,$5.00 - $8.00/kg
32.793,-96.684,99467,10.005085590227443,smr-noCCSExisting,11.519096826899348,9317.539856284911,0.0,0.0,4000.0,Onsite,710162.6193449413,H2LA_Station_Opt_Geotab_FCEV70kg_0To8000mi_45stations_5stDist,45,any,$5.00 - $8.00/kg
32.793,-96.684,99467,10.005085590227443,smr-noCCSExisting,11.519096826899348,9317.539856284911,0.0,0.0,4000.0,Pipeline,710162.6193449413,H2LA_Station_Opt_Geotab_FCEV70kg_0To8000mi_45stations_5stDist,45,any,$5.00 - $8.00/kg
32.736,-101.95,99923,1.031557062663024,smr-noCCS,10.0,3232.210933890052,9.598856025675678,0.0,5000.0,Onsite,710162.6193449413,H2LA_Station_Opt_Geotab_FCEV70kg_0To8000mi_45stations_5stDist,45,any,$6.00 - $9.00/kg
33.01,-97.036,100175,10.03561591417202,smr-noCCSExisting,11.522675066897593,9332.750834171906,0.0,0.0,1000.0,Onsite,1060682.3836762577,H2LA_Station_Opt_Geotab_FCEV70kg_0To8000mi_65stations_5stDist,65,any,$2.00 - $5.00/kg
33.01,-97.036,100175,10.03561591417202,smr-noCCSExisting,11.522675066897593,9332.750834171906,0.0,0.0,1000.0,Pipeline,1060682.3836762577,H2LA_Station_Opt_Geotab_FCEV70kg_0To8000mi_65stations_5stDist,65,any,$2.00 - $5.00/kg
33.235,-97.016,100178,10.040713566259006,smr-noCCSExisting,11.534686109308096,9342.479136447644,0.0,0.0,1000.0,Onsite,1060682.3836762577,H2LA_Station_Opt_Geotab_FCEV70kg_0To8000mi_65stations_5stDist,65,any,$2.00 - $5.00/kg
29.967,-95.703,100458,10.02862581262853,smr-noCCS,11.52079981109244,8658.406954700316,93.31847846985288,0.0,1000.0,Onsite,1060682.3836762577,H2LA_Station_Opt_Geotab_FCEV70kg_0To8000mi_65stations_5stDist,65,any,$2.00 - $5.00/kg
29.967,-95.703,100458,10.02862581262853,smr-noCCS,11.52079981109244,8658.406954700316,93.31847846985288,0.0,1000.0,Pipeline,1060682.3836762577,H2LA_Station_Opt_Geotab_FCEV70kg_0To8000mi_65stations_5stDist,65,any,$2.00 - $5.00/kg
29.779,-95.124,100467,10.02744524026894,smr-noCCSExisting,11.485154458411923,9302.361147045413,0.0,0.0,1000.0,Onsite,1060682.3836762577,H2LA_Station_Opt_Geotab_FCEV70kg_0To8000mi_65stations_5stDist,65,any,$2.00 - $5.00/kg
29.779,-95.124,100467,10.02744524026894,smr-noCCSExisting,11.485154458411923,9302.361147045413,0.0,0.0,1000.0,Pipeline,1060682.3836762577,H2LA_Station_Opt_Geotab_FCEV70kg_0To8000mi_65stations_5stDist,65,any,$2.00 - $5.00/kg
29.816,-95.809,100639,10.044294777381223,smr-noCCSExisting,11.53897618652898,9345.868343744512,0.0,0.0,1000.0,Onsite,1060682.3836762577,H2LA_Station_Opt_Geotab_FCEV70kg_0To8000mi_65stations_5stDist,65,any,$2.00 - $5.00/kg
29.816,-95.809,100639,10.044294777381223,smr-noCCSExisting,11.53897618652898,9345.868343744512,0.0,0.0,1000.0,Pipeline,1060682.3836762577,H2LA_Station_Opt_Geotab_FCEV70kg_0To8000mi_65stations_5stDist,65,any,$2.00 - $5.00/kg
29.93,-95.314,100920,10.034256316828763,smr-noCCSExisting,11.493959328655404,9309.492621258869,0.0,0.0,1000.0,Onsite,1060682.3836762577,H2LA_Station_Opt_Geotab_FCEV70kg_0To8000mi_65stations_5stDist,65,any,$2.00 - $5.00/kg
29.93,-95.314,100920,10.034256316828763,smr-noCCSExisting,11.493959328655404,9309.492621258869,0.0,0.0,1000.0,Pipeline,1060682.3836762577,H2LA_Station_Opt_Geotab_FCEV70kg_0To8000mi_65stations_5stDist,65,any,$2.00 - $5.00/kg
29.804,-94.981,100951,9.989644370876707,smr-noCCSExisting,11.47960689454413,9296.124178643884,0.0,0.0,1000.0,Onsite,1060682.3836762577,H2LA_Station_Opt_Geotab_FCEV70kg_0To8000mi_65stations_5stDist,65,any,$2.00 - $5.00/kg
29.804,-94.981,100951,9.989644370876707,smr-noCCSExisting,11.47960689454413,9296.124178643884,0.0,0.0,1000.0,Pipeline,1060682.3836762577,H2LA_Station_Opt_Geotab_FCEV70kg_0To8000mi_65stations_5stDist,65,any,$2.00 - $5.00/kg
29.931,-95.508,101402,10.028412801315069,smr-noCCSExisting,11.527106696367998,9333.1567502153,0.0,0.0,1000.0,Onsite,1060682.3836762577,H2LA_Station_Opt_Geotab_FCEV70kg_0To8000mi_65stations_5stDist,65,any,$2.00 - $5.00/kg
29.931,-95.508,101402,10.028412801315069,smr-noCCSExisting,11.527106696367998,9333.1567502153,0.0,0.0,1000.0,Pipeline,1060682.3836762577,H2LA_Station_Opt_Geotab_FCEV70kg_0To8000mi_65stations_5stDist,65,any,$2.00 - $5.00/kg
29.604,-95.266,101649,10.004702890631966,smr-noCCSExisting,11.49312527435722,9308.817081863552,0.0,0.0,1000.0,Onsite,1060682.3836762577,H2LA_Station_Opt_Geotab_FCEV70kg_0To8000mi_65stations_5stDist,65,any,$2.00 - $5.00/kg
29.604,-95.266,101649,10.004702890631966,smr-noCCSExisting,11.49312527435722,9308.817081863552,0.0,0.0,1000.0,Pipeline,1060682.3836762577,H2LA_Station_Opt_Geotab_FCEV70kg_0To8000mi_65stations_5stDist,65,any,$2.00 - $5.00/kg
29.813,-95.292,101729,9.999573944098309,smr-noCCSExisting,11.487909382268624,9304.35726472462,0.0,0.0,1000.0,Onsite,1060682.3836762577,H2LA_Station_Opt_Geotab_FCEV70kg_0To8000mi_65stations_5stDist,65,any,$2.00 - $5.00/kg
29.813,-95.292,101729,9.999573944098309,smr-noCCSExisting,11.487909382268624,9304.35726472462,0.0,0.0,1000.0,Pipeline,1060682.3836762577,H2LA_Station_Opt_Geotab_FCEV70kg_0To8000mi_65stations_5stDist,65,any,$2.00 - $5.00/kg
27.799,-97.659,102754,9.999714487275565,smr-noCCSExisting,11.48770652102606,9304.369968637173,0.0,0.0,1000.0,Onsite,1060682.3836762577,H2LA_Station_Opt_Geotab_FCEV70kg_0To8000mi_65stations_5stDist,65,any,$2.00 - $5.00/kg
30.022,-93.845,102997,10.037198083803746,smr-noCCSExisting,11.486984494240874,9303.843378238258,0.0,0.0,1000.0,Onsite,1060682.3836762577,H2LA_Station_Opt_Geotab_FCEV70kg_0To8000mi_65stations_5stDist,65,any,$2.00 - $5.00/kg
30.022,-93.845,102997,10.037198083803746,smr-noCCSExisting,11.486984494240874,9303.843378238258,0.0,0.0,1000.0,Pipeline,1060682.3836762577,H2LA_Station_Opt_Geotab_FCEV70kg_0To8000mi_65stations_5stDist,65,any,$2.00 - $5.00/kg
30.376,-97.726,103539,10.029556826563486,smr-noCCSExisting,11.4866557593684,9303.577120564803,0.0,0.0,1000.0,Onsite,1060682.3836762577,H2LA_Station_Opt_Geotab_FCEV70kg_0To8000mi_65stations_5stDist,65,any,$2.00 - $5.00/kg
30.376,-97.726,103539,10.029556826563486,smr-noCCSExisting,11.4866557593684,9303.577120564803,0.0,0.0,1000.0,Pipeline,1060682.3836762577,H2LA_Station_Opt_Geotab_FCEV70kg_0To8000mi_65stations_5stDist,65,any,$2.00 - $5.00/kg
29.78,-95.882,104122,10.002544395814407,smr-noCCSExisting,11.48779839512167,9304.502594442836,0.0,0.0,1000.0,Onsite,1060682.3836762577,H2LA_Station_Opt_Geotab_FCEV70kg_0To8000mi_65stations_5stDist,65,any,$2.00 - $5.00/kg
29.78,-95.882,104122,10.002544395814407,smr-noCCSExisting,11.48779839512167,9304.502594442836,0.0,0.0,1000.0,Pipeline,1060682.3836762577,H2LA_Station_Opt_Geotab_FCEV70kg_0To8000mi_65stations_5stDist,65,any,$2.00 - $5.00/kg
32.319,-102.547,104234,1.4284819582358173,smr-noCCSExisting,10.0,4037.785502973265,0.0,0.0,1000.0,Onsite,1060682.3836762577,H2LA_Station_Opt_Geotab_FCEV70kg_0To8000mi_65stations_5stDist,65,any,$2.00 - $5.00/kg
32.456,-97.385,105358,10.004513575517567,smr-noCCSExisting,11.525043428619208,9319.147491564085,0.0,0.0,1000.0,Onsite,1060682.3836762577,H2LA_Station_Opt_Geotab_FCEV70kg_0To8000mi_65stations_5stDist,65,any,$2.00 - $5.00/kg
32.731,-97.276,106176,10.002940015916476,smr-noCCSExisting,11.501627483754708,9310.681422489632,0.0,0.0,1000.0,Onsite,1060682.3836762577,H2LA_Station_Opt_Geotab_FCEV70kg_0To8000mi_65stations_5stDist,65,any,$2.00 - $5.00/kg
32.731,-97.276,106176,10.002940015916476,smr-noCCSExisting,11.501627483754708,9310.681422489632,0.0,0.0,1000.0,Pipeline,1060682.3836762577,H2LA_Station_Opt_Geotab_FCEV70kg_0To8000mi_65stations_5stDist,65,any,$2.00 - $5.00/kg
32.713,-97.068,106428,10.024635708817742,smr-noCCSExisting,11.516216006833275,9327.519340803112,0.0,0.0,1000.0,Onsite,1060682.3836762577,H2LA_Station_Opt_Geotab_FCEV70kg_0To8000mi_65stations_5stDist,65,any,$2.00 - $5.00/kg
32.713,-97.068,106428,10.024635708817742,smr-noCCSExisting,11.516216006833275,9327.519340803112,0.0,0.0,1000.0,Pipeline,1060682.3836762577,H2LA_Station_Opt_Geotab_FCEV70kg_0To8000mi_65stations_5stDist,65,any,$2.00 - $5.00/kg
29.064,-95.427,107230,10.024630009394246,smr-noCCSExisting,11.51129538045944,9323.533896483246,0.0,0.0,1000.0,Onsite,1060682.3836762577,H2LA_Station_Opt_Geotab_FCEV70kg_0To8000mi_65stations_5stDist,65,any,$2.00 - $5.00/kg
29.69,-96.775,107599,9.998560971428748,smr-noCCS,11.486261564365122,8632.449885697673,93.03871867136856,0.0,1000.0,Onsite,1060682.3836762577,H2LA_Station_Opt_Geotab_FCEV70kg_0To8000mi_65stations_5stDist,65,any,$2.00 - $5.00/kg
30.7,-101.207,107617,9.98211059588612,smr-noCCSExisting,11.367624600621106,9207.168245052677,0.0,0.0,1000.0,Onsite,1060682.3836762577,H2LA_Station_Opt_Geotab_FCEV70kg_0To8000mi_65stations_5stDist,65,any,$2.00 - $5.00/kg
31.507,-97.146,107884,10.04055223578726,smr-noCCSExisting,11.52541105061624,9334.966834725965,0.0,0.0,1000.0,Onsite,1060682.3836762577,H2LA_Station_Opt_Geotab_FCEV70kg_0To8000mi_65stations_5stDist,65,any,$2.00 - $5.00/kg
31.04,-104.82,108208,9.989952110555189,smr-noCCSExisting,11.47637178455112,9295.247650715366,0.0,0.0,1000.0,Onsite,1060682.3836762577,H2LA_Station_Opt_Geotab_FCEV70kg_0To8000mi_65stations_5stDist,65,any,$2.00 - $5.00/kg
29.649,-98.112,108692,10.032117778222531,smr-noCCSExisting,11.524811341063325,9334.4811020469,0.0,0.0,1000.0,Onsite,1060682.3836762577,H2LA_Station_Opt_Geotab_FCEV70kg_0To8000mi_65stations_5stDist,65,any,$2.00 - $5.00/kg
29.649,-98.112,108692,10.032117778222531,smr-noCCSExisting,11.524811341063325,9334.4811020469,0.0,0.0,1000.0,Pipeline,1060682.3836762577,H2LA_Station_Opt_Geotab_FCEV70kg_0To8000mi_65stations_5stDist,65,any,$2.00 - $5.00/kg
30.035,-94.15,108840,9.995235107146078,smr-noCCSExisting,11.48476481654758,9300.916323790909,0.0,0.0,1000.0,Onsite,1060682.3836762577,H2LA_Station_Opt_Geotab_FCEV70kg_0To8000mi_65stations_5stDist,65,any,$2.00 - $5.00/kg
30.035,-94.15,108840,9.995235107146078,smr-noCCSExisting,11.48476481654758,9300.916323790909,0.0,0.0,1000.0,Pipeline,1060682.3836762577,H2LA_Station_Opt_Geotab_FCEV70kg_0To8000mi_65stations_5stDist,65,any,$2.00 - $5.00/kg
30.209,-95.526,109345,10.02396244428492,smr-noCCSExisting,11.485957151973988,9303.011285920931,0.0,0.0,1000.0,Onsite,1060682.3836762577,H2LA_Station_Opt_Geotab_FCEV70kg_0To8000mi_65stations_5stDist,65,any,$2.00 - $5.00/kg
27.948,-97.585,110091,10.00905264846188,smr-noCCS,11.49831430791619,8641.508072654848,93.13634589413115,0.0,1000.0,Onsite,1060682.3836762577,H2LA_Station_Opt_Geotab_FCEV70kg_0To8000mi_65stations_5stDist,65,any,$2.00 - $5.00/kg
27.948,-97.585,110091,10.00905264846188,smr-noCCS,11.49831430791619,8641.508072654848,93.13634589413115,0.0,1000.0,Pipeline,1060682.3836762577,H2LA_Station_Opt_Geotab_FCEV70kg_0To8000mi_65stations_5stDist,65,any,$2.00 - $5.00/kg
37.587,-122.364,11279,3.2918855357335097,smr-noCCSExisting,10.0,11151.580898269707,0.0,0.0,3000.0,Onsite,1060682.3836762577,H2LA_Station_Opt_Geotab_FCEV70kg_0To8000mi_65stations_5stDist,65,any,$4.00 - $7.00/kg
37.587,-122.364,11279,3.2918855357335097,smr-noCCSExisting,10.0,11151.580898269707,0.0,0.0,3000.0,Pipeline,1060682.3836762577,H2LA_Station_Opt_Geotab_FCEV70kg_0To8000mi_65stations_5stDist,65,any,$4.00 - $7.00/kg
37.705,-122.407,11323,2.4383089992819587,smr-noCCSExisting,10.0,9100.234013723371,0.0,0.0,3000.0,Onsite,1060682.3836762577,H2LA_Station_Opt_Geotab_FCEV70kg_0To8000mi_65stations_5stDist,65,any,$4.00 - $7.00/kg
38.525,-121.463,11536,10.012375231082665,smr-noCCSExisting,11.48760684119054,27754.170918113607,0.0,0.0,3000.0,Onsite,1060682.3836762577,H2LA_Station_Opt_Geotab_FCEV70kg_0To8000mi_65stations_5stDist,65,any,$4.00 - $7.00/kg
38.525,-121.463,11536,10.012375231082665,smr-noCCSExisting,11.48760684119054,27754.170918113607,0.0,0.0,3000.0,Pipeline,1060682.3836762577,H2LA_Station_Opt_Geotab_FCEV70kg_0To8000mi_65stations_5stDist,65,any,$4.00 - $7.00/kg
34.796,-118.853,12389,9.999665674249632,smr-noCCSExisting,11.482167589608258,27741.0296260492,0.0,0.0,3000.0,Onsite,1060682.3836762577,H2LA_Station_Opt_Geotab_FCEV70kg_0To8000mi_65stations_5stDist,65,any,$4.00 - $7.00/kg
34.264,-118.438,12512,10.014639193107364,smr-noCCS,11.5047320871509,28906.11559818516,93.18832990592324,0.0,3500.0,Onsite,1060682.3836762577,H2LA_Station_Opt_Geotab_FCEV70kg_0To8000mi_65stations_5stDist,65,any,$4.50 - $7.50/kg
34.264,-118.438,12512,10.014639193107364,smr-noCCS,11.5047320871509,28906.11559818516,93.18832990592324,0.0,3500.0,Pipeline,1060682.3836762577,H2LA_Station_Opt_Geotab_FCEV70kg_0To8000mi_65stations_5stDist,65,any,$4.50 - $7.50/kg
33.81,-118.163,12555,9.99985804332792,smr-noCCSExisting,11.487751688546057,27754.52086390645,0.0,0.0,3000.0,Onsite,1060682.3836762577,H2LA_Station_Opt_Geotab_FCEV70kg_0To8000mi_65stations_5stDist,65,any,$4.00 - $7.00/kg
33.945,-118.291,12678,10.025411202027684,smr-noCCSExisting,11.481250231748378,27738.813280453294,0.0,0.0,3000.0,Onsite,1060682.3836762577,H2LA_Station_Opt_Geotab_FCEV70kg_0To8000mi_65stations_5stDist,65,any,$4.00 - $7.00/kg
33.945,-118.291,12678,10.025411202027684,smr-noCCSExisting,11.481250231748378,27738.813280453294,0.0,0.0,3000.0,Pipeline,1060682.3836762577,H2LA_Station_Opt_Geotab_FCEV70kg_0To8000mi_65stations_5stDist,65,any,$4.00 - $7.00/kg
33.902,-118.06,13548,9.997404612510223,smr-noCCSExisting,11.486849796717866,27748.332333526894,0.0,0.0,3000.0,Onsite,1060682.3836762577,H2LA_Station_Opt_Geotab_FCEV70kg_0To8000mi_65stations_5stDist,65,any,$4.00 - $7.00/kg
33.902,-118.06,13548,9.997404612510223,smr-noCCSExisting,11.486849796717866,27748.332333526894,0.0,0.0,3000.0,Pipeline,1060682.3836762577,H2LA_Station_Opt_Geotab_FCEV70kg_0To8000mi_65stations_5stDist,65,any,$4.00 - $7.00/kg
34.259,-118.537,14178,9.99697856582025,smr-noCCS,11.484443709160589,28855.140208663164,93.02399404420136,0.0,3500.0,Onsite,1060682.3836762577,H2LA_Station_Opt_Geotab_FCEV70kg_0To8000mi_65stations_5stDist,65,any,$4.50 - $7.50/kg
37.812,-121.294,14201,10.005668954540855,smr-noCCSExisting,11.497674947484638,27771.701277345343,0.0,0.0,3000.0,Onsite,1060682.3836762577,H2LA_Station_Opt_Geotab_FCEV70kg_0To8000mi_65stations_5stDist,65,any,$4.00 - $7.00/kg
37.954,-121.271,14295,9.999343497511113,smr-noCCSExisting,11.487704339720612,27753.26884565002,0.0,0.0,3000.0,Onsite,1060682.3836762577,H2LA_Station_Opt_Geotab_FCEV70kg_0To8000mi_65stations_5stDist,65,any,$4.00 - $7.00/kg
37.954,-121.271,14295,9.999343497511113,smr-noCCSExisting,11.487704339720612,27753.26884565002,0.0,0.0,3000.0,Pipeline,1060682.3836762577,H2LA_Station_Opt_Geotab_FCEV70kg_0To8000mi_65stations_5stDist,65,any,$4.00 - $7.00/kg
34.058,-117.181,15834,10.012008964726924,smr-noCCSExisting,11.500738987201151,27785.898304963783,0.0,0.0,3000.0,Onsite,1060682.3836762577,H2LA_Station_Opt_Geotab_FCEV70kg_0To8000mi_65stations_5stDist,65,any,$4.00 - $7.00/kg
34.058,-117.181,15834,10.012008964726924,smr-noCCSExisting,11.500738987201151,27785.898304963783,0.0,0.0,3000.0,Pipeline,1060682.3836762577,H2LA_Station_Opt_Geotab_FCEV70kg_0To8000mi_65stations_5stDist,65,any,$4.00 - $7.00/kg
34.07,-117.37,15891,9.998785956491709,smr-noCCSExisting,11.486618056574336,27751.576921390493,0.0,0.0,3000.0,Onsite,1060682.3836762577,H2LA_Station_Opt_Geotab_FCEV70kg_0To8000mi_65stations_5stDist,65,any,$4.00 - $7.00/kg
34.07,-117.37,15891,9.998785956491709,smr-noCCSExisting,11.486618056574336,27751.576921390493,0.0,0.0,3000.0,Pipeline,1060682.3836762577,H2LA_Station_Opt_Geotab_FCEV70kg_0To8000mi_65stations_5stDist,65,any,$4.00 - $7.00/kg
34.091,-117.294,15955,10.012533759351577,smr-noCCSExisting,11.49482081755636,27771.599948998595,0.0,0.0,3000.0,Onsite,1060682.3836762577,H2LA_Station_Opt_Geotab_FCEV70kg_0To8000mi_65stations_5stDist,65,any,$4.00 - $7.00/kg
34.091,-117.294,15955,10.012533759351577,smr-noCCSExisting,11.49482081755636,27771.599948998595,0.0,0.0,3000.0,Pipeline,1060682.3836762577,H2LA_Station_Opt_Geotab_FCEV70kg_0To8000mi_65stations_5stDist,65,any,$4.00 - $7.00/kg
35.63,-120.692,16130,1.135778644748993,smr-noCCSExisting,10.0,6002.274824023703,0.0,0.0,3000.0,Onsite,1060682.3836762577,H2LA_Station_Opt_Geotab_FCEV70kg_0To8000mi_65stations_5stDist,65,any,$4.00 - $7.00/kg
34.257,-110.024,4395,1.1074802611903478,electrolyzerExisting,1.0,1301.490576577515,0.0,0.0,1500.0,Onsite,1060682.3836762577,H2LA_Station_Opt_Geotab_FCEV70kg_0To8000mi_65stations_5stDist,65,any,$2.50 - $5.50/kg
34.257,-110.024,4395,1.1074802611903478,smr-noCCSExisting,9.99999963434066,4635.109395619937,0.0,0.0,1500.0,Onsite,1060682.3836762577,H2LA_Station_Opt_Geotab_FCEV70kg_0To8000mi_65stations_5stDist,65,any,$2.50 - $5.50/kg
34.566,-111.866,4508,4.836807765593043,smr-noCCSExisting,10.0,9331.655186089109,0.0,0.0,1500.0,Onsite,1060682.3836762577,H2LA_Station_Opt_Geotab_FCEV70kg_0To8000mi_65stations_5stDist,65,any,$2.50 - $5.50/kg
31.974,-94.002,45870,10.00785772975906,smr-noCCSExisting,11.49446887447306,9309.905326132275,0.0,0.0,1000.0,Onsite,1060682.3836762577,H2LA_Station_Opt_Geotab_FCEV70kg_0To8000mi_65stations_5stDist,65,any,$2.00 - $5.00/kg
30.191,-93.571,46430,10.043651291553674,smr-noCCSExisting,11.538060940027997,9345.212568921745,0.0,0.0,1000.0,Onsite,1060682.3836762577,H2LA_Station_Opt_Geotab_FCEV70kg_0To8000mi_65stations_5stDist,65,any,$2.00 - $5.00/kg
33.399,-112.074,5475,9.992556667451057,smr-noCCSExisting,11.479363876796391,16303.94412889464,0.0,0.0,1500.0,Onsite,1060682.3836762577,H2LA_Station_Opt_Geotab_FCEV70kg_0To8000mi_65stations_5stDist,65,any,$2.50 - $5.50/kg
38.564,-121.581,6449,10.019783462573656,smr-noCCSExisting,11.510641784707582,27809.823560962945,0.0,0.0,3000.0,Onsite,1060682.3836762577,H2LA_Station_Opt_Geotab_FCEV70kg_0To8000mi_65stations_5stDist,65,any,$4.00 - $7.00/kg
38.564,-121.581,6449,10.019783462573656,smr-noCCSExisting,11.510641784707582,27809.823560962945,0.0,0.0,3000.0,Pipeline,1060682.3836762577,H2LA_Station_Opt_Geotab_FCEV70kg_0To8000mi_65stations_5stDist,65,any,$4.00 - $7.00/kg
37.098,-120.217,7086,9.997473685706614,smr-noCCSExisting,11.453178968770588,27670.99283350108,0.0,0.0,3000.0,Onsite,1060682.3836762577,H2LA_Station_Opt_Geotab_FCEV70kg_0To8000mi_65stations_5stDist,65,any,$4.00 - $7.00/kg
37.098,-120.217,7086,9.997473685706614,smr-noCCSExisting,11.453178968770588,27670.99283350108,0.0,0.0,3000.0,Pipeline,1060682.3836762577,H2LA_Station_Opt_Geotab_FCEV70kg_0To8000mi_65stations_5stDist,65,any,$4.00 - $7.00/kg
37.074,-120.834,7148,9.97616837181686,smr-noCCSExisting,11.460537139640694,27688.770246564265,0.0,0.0,3000.0,Onsite,1060682.3836762577,H2LA_Station_Opt_Geotab_FCEV70kg_0To8000mi_65stations_5stDist,65,any,$4.00 - $7.00/kg
32.273,-107.714,71615,9.931175645699426,smr-noCCSExisting,11.408849889850384,14436.880357629962,0.0,0.0,1500.0,Onsite,1060682.3836762577,H2LA_Station_Opt_Geotab_FCEV70kg_0To8000mi_65stations_5stDist,65,any,$2.50 - $5.50/kg
35.176,-103.103,71633,2.97183754070393,smr-noCCSExisting,10.0,6454.259268056464,0.0,0.0,1500.0,Onsite,1060682.3836762577,H2LA_Station_Opt_Geotab_FCEV70kg_0To8000mi_65stations_5stDist,65,any,$2.50 - $5.50/kg
32.296,-106.81,72089,9.998327180652636,smr-noCCSExisting,11.485992990630027,14534.498060549924,0.0,0.0,1500.0,Onsite,1060682.3836762577,H2LA_Station_Opt_Geotab_FCEV70kg_0To8000mi_65stations_5stDist,65,any,$2.50 - $5.50/kg
34.946,-104.637,72146,9.585094788401614,smr-noCCSExisting,11.479058592527029,14085.36554627032,0.0,0.0,1500.0,Onsite,1060682.3836762577,H2LA_Station_Opt_Geotab_FCEV70kg_0To8000mi_65stations_5stDist,65,any,$2.50 - $5.50/kg
38.054,-122.155,8266,9.973360824933732,smr-noCCSExisting,11.457311855818288,27680.97792918416,0.0,0.0,3000.0,Onsite,1060682.3836762577,H2LA_Station_Opt_Geotab_FCEV70kg_0To8000mi_65stations_5stDist,65,any,$4.00 - $7.00/kg
34.179,-118.857,9130,1.5394747554473738,smr-noCCSExisting,10.0,6940.122143424919,0.0,0.0,3000.0,Onsite,1060682.3836762577,H2LA_Station_Opt_Geotab_FCEV70kg_0To8000mi_65stations_5stDist,65,any,$4.00 - $7.00/kg
32.801,-115.57,9454,6.14576833679294,smr-noCCSExisting,10.0,18010.138142143038,0.0,0.0,3000.0,Onsite,1060682.3836762577,H2LA_Station_Opt_Geotab_FCEV70kg_0To8000mi_65stations_5stDist,65,any,$4.00 - $7.00/kg
32.801,-115.57,9454,6.14576833679294,smr-noCCSExisting,10.0,18010.138142143038,0.0,0.0,3000.0,Pipeline,1060682.3836762577,H2LA_Station_Opt_Geotab_FCEV70kg_0To8000mi_65stations_5stDist,65,any,$4.00 - $7.00/kg
31.051,-97.484,95509,10.030339961035866,smr-noCCSExisting,11.53290745606972,9336.112178740792,0.0,0.0,1000.0,Onsite,1060682.3836762577,H2LA_Station_Opt_Geotab_FCEV70kg_0To8000mi_65stations_5stDist,65,any,$2.00 - $5.00/kg
31.051,-97.484,95509,10.030339961035866,smr-noCCSExisting,11.53290745606972,9336.112178740792,0.0,0.0,1000.0,Pipeline,1060682.3836762577,H2LA_Station_Opt_Geotab_FCEV70kg_0To8000mi_65stations_5stDist,65,any,$2.00 - $5.00/kg
31.104,-97.511,95545,10.003007592216823,smr-noCCSExisting,11.48580650244515,9302.889266960272,0.0,0.0,1000.0,Onsite,1060682.3836762577,H2LA_Station_Opt_Geotab_FCEV70kg_0To8000mi_65stations_5stDist,65,any,$2.00 - $5.00/kg
33.152,-96.287,95977,7.611193571160776,smr-noCCSExisting,10.0,7489.008426600551,0.0,0.0,1000.0,Onsite,1060682.3836762577,H2LA_Station_Opt_Geotab_FCEV70kg_0To8000mi_65stations_5stDist,65,any,$2.00 - $5.00/kg
27.432,-99.479,96222,1.2633400572224909,smr-noCCSExisting,10.0,3945.602400145308,0.0,0.0,1000.0,Onsite,1060682.3836762577,H2LA_Station_Opt_Geotab_FCEV70kg_0To8000mi_65stations_5stDist,65,any,$2.00 - $5.00/kg
29.511,-98.309,96543,10.010416325172631,smr-noCCSExisting,11.496422792787698,9311.487895516117,0.0,0.0,1000.0,Onsite,1060682.3836762577,H2LA_Station_Opt_Geotab_FCEV70kg_0To8000mi_65stations_5stDist,65,any,$2.00 - $5.00/kg
29.511,-98.309,96543,10.010416325172631,smr-noCCSExisting,11.496422792787698,9311.487895516117,0.0,0.0,1000.0,Pipeline,1060682.3836762577,H2LA_Station_Opt_Geotab_FCEV70kg_0To8000mi_65stations_5stDist,65,any,$2.00 - $5.00/kg
29.497,-98.399,96569,10.020801535140713,smr-noCCSExisting,11.486880490088303,9303.75913867852,0.0,0.0,1000.0,Onsite,1060682.3836762577,H2LA_Station_Opt_Geotab_FCEV70kg_0To8000mi_65stations_5stDist,65,any,$2.00 - $5.00/kg
29.497,-98.399,96569,10.020801535140713,smr-noCCSExisting,11.486880490088303,9303.75913867852,0.0,0.0,1000.0,Pipeline,1060682.3836762577,H2LA_Station_Opt_Geotab_FCEV70kg_0To8000mi_65stations_5stDist,65,any,$2.00 - $5.00/kg
29.53,-98.562,97041,10.008754149768723,smr-noCCSExisting,11.518437583378338,9321.054371499304,0.0,0.0,1000.0,Onsite,1060682.3836762577,H2LA_Station_Opt_Geotab_FCEV70kg_0To8000mi_65stations_5stDist,65,any,$2.00 - $5.00/kg
29.53,-98.562,97041,10.008754149768723,smr-noCCSExisting,11.518437583378338,9321.054371499304,0.0,0.0,1000.0,Pipeline,1060682.3836762577,H2LA_Station_Opt_Geotab_FCEV70kg_0To8000mi_65stations_5stDist,65,any,$2.00 - $5.00/kg
30.744,-98.233,98497,10.019544074572028,smr-noCCSExisting,11.52073773248092,9326.142384201044,0.0,0.0,1000.0,Onsite,1060682.3836762577,H2LA_Station_Opt_Geotab_FCEV70kg_0To8000mi_65stations_5stDist,65,any,$2.00 - $5.00/kg
32.856,-96.768,99018,10.002404560558752,smr-noCCSExisting,11.507589896183315,9312.314587583443,0.0,0.0,1000.0,Onsite,1060682.3836762577,H2LA_Station_Opt_Geotab_FCEV70kg_0To8000mi_65stations_5stDist,65,any,$2.00 - $5.00/kg
32.648,-96.883,99189,10.016655241432362,smr-noCCSExisting,11.486540045277676,9303.48339833707,0.0,0.0,1000.0,Onsite,1060682.3836762577,H2LA_Station_Opt_Geotab_FCEV70kg_0To8000mi_65stations_5stDist,65,any,$2.00 - $5.00/kg
32.648,-96.883,99189,10.016655241432362,smr-noCCSExisting,11.486540045277676,9303.48339833707,0.0,0.0,1000.0,Pipeline,1060682.3836762577,H2LA_Station_Opt_Geotab_FCEV70kg_0To8000mi_65stations_5stDist,65,any,$2.00 - $5.00/kg
32.793,-96.684,99467,10.008387683864212,smr-noCCSExisting,11.519096826899348,9319.38310414766,0.0,0.0,1000.0,Onsite,1060682.3836762577,H2LA_Station_Opt_Geotab_FCEV70kg_0To8000mi_65stations_5stDist,65,any,$2.00 - $5.00/kg
32.793,-96.684,99467,10.008387683864212,smr-noCCSExisting,11.519096826899348,9319.38310414766,0.0,0.0,1000.0,Pipeline,1060682.3836762577,H2LA_Station_Opt_Geotab_FCEV70kg_0To8000mi_65stations_5stDist,65,any,$2.00 - $5.00/kg
32.736,-101.95,99923,1.031557061146669,smr-noCCSExisting,10.0,3816.2198856121736,0.0,0.0,1000.0,Onsite,1060682.3836762577,H2LA_Station_Opt_Geotab_FCEV70kg_0To8000mi_65stations_5stDist,65,any,$2.00 - $5.00/kg
32.319,-102.547,104234,1.4284819582358173,electrolyzerExisting,1.5751327184748618,7188.116243894332,0.0,0.0,1000.0,Onsite,2098686.259623059,H2LA_Station_Opt_Geotab_FCEV70kg_0To8000mi_65stations_5stDist,65,low_carbon,$2.00 - $5.00/kg
30.7,-101.207,107617,9.98211059588612,electrolyzer,1.0,1379.2110467373222,0.336026052923675,0.0,1000.0,Onsite,2098686.259623059,H2LA_Station_Opt_Geotab_FCEV70kg_0To8000mi_65stations_5stDist,65,low_carbon,$2.00 - $5.00/kg
34.257,-110.024,4395,1.1074802611903478,electrolyzerExisting,2.0000000114457865,7498.996297195874,0.0,0.0,1500.0,Onsite,2098686.259623059,H2LA_Station_Opt_Geotab_FCEV70kg_0To8000mi_65stations_5stDist,65,low_carbon,$2.50 - $5.50/kg
34.566,-111.866,4508,4.836807765593043,electrolyzerExisting,5.333363944512051,28324.172619455145,0.0,0.0,1500.0,Onsite,2098686.259623059,H2LA_Station_Opt_Geotab_FCEV70kg_0To8000mi_65stations_5stDist,65,low_carbon,$2.50 - $5.50/kg
32.273,-107.714,71615,9.931175645699426,electrolyzerExisting,10.950729640462653,45679.60835807531,0.0,0.0,1500.0,Onsite,2098686.259623059,H2LA_Station_Opt_Geotab_FCEV70kg_0To8000mi_65stations_5stDist,65,low_carbon,$2.50 - $5.50/kg
35.176,-103.103,71633,2.97183754070393,electrolyzerExisting,3.2769322141687818,13669.315659670176,0.0,0.0,1500.0,Onsite,2098686.259623059,H2LA_Station_Opt_Geotab_FCEV70kg_0To8000mi_65stations_5stDist,65,low_carbon,$2.50 - $5.50/kg
32.296,-106.81,72089,9.998327180652636,electrolyzerExisting,11.024775078565986,45988.47971369423,0.0,0.0,1500.0,Onsite,2098686.259623059,H2LA_Station_Opt_Geotab_FCEV70kg_0To8000mi_65stations_5stDist,65,low_carbon,$2.50 - $5.50/kg
34.946,-104.637,72146,9.585094788401614,electrolyzerExisting,11.018119132076752,44672.13768769043,0.0,0.0,1500.0,Onsite,2098686.259623059,H2LA_Station_Opt_Geotab_FCEV70kg_0To8000mi_65stations_5stDist,65,low_carbon,$2.50 - $5.50/kg
27.432,-99.479,96222,1.2633400572224909,electrolyzerExisting,1.3930370238238492,6357.122759519467,0.0,0.0,1000.0,Onsite,2098686.259623059,H2LA_Station_Opt_Geotab_FCEV70kg_0To8000mi_65stations_5stDist,65,low_carbon,$2.00 - $5.00/kg
32.736,-101.95,99923,1.031557061146669,electrolyzerExisting,1.1374587318309048,5190.791545449207,0.0,0.0,1000.0,Onsite,2098686.259623059,H2LA_Station_Opt_Geotab_FCEV70kg_0To8000mi_65stations_5stDist,65,low_carbon,$2.00 - $5.00/kg
37.64275382,-121.8775366,alamedaCA,,smr-CCSExisting,21.48770433337546,53893.8811452401,0.0,0.0,,Onsite,2098686.259623059,H2LA_Station_Opt_Geotab_FCEV70kg_0To8000mi_65stations_5stDist,65,low_carbon,
37.64275382,-121.8775366,alamedaCA,,smr-CCSExisting,21.48770433337546,53893.8811452401,0.0,0.0,,Pipeline,2098686.259623059,H2LA_Station_Opt_Geotab_FCEV70kg_0To8000mi_65stations_5stDist,65,low_carbon,
29.84087424,-97.63039017,caldwellTX,,smr-CCSExisting,103.66922127979402,112707.5126714987,0.0,0.0,,Onsite,2098686.259623059,H2LA_Station_Opt_Geotab_FCEV70kg_0To8000mi_65stations_5stDist,65,low_carbon,
29.84087424,-97.63039017,caldwellTX,,smr-CCSExisting,103.66922127979402,112707.5126714987,0.0,0.0,,Pipeline,2098686.259623059,H2LA_Station_Opt_Geotab_FCEV70kg_0To8000mi_65stations_5stDist,65,low_carbon,
32.77382278,-96.77460664,dallasTX,,smr-CCSExisting,100.81714719483884,109629.78105574223,0.0,0.0,,Onsite,2098686.259623059,H2LA_Station_Opt_Geotab_FCEV70kg_0To8000mi_65stations_5stDist,65,low_carbon,
32.77382278,-96.77460664,dallasTX,,smr-CCSExisting,100.81714719483884,109629.78105574223,0.0,0.0,,Pipeline,2098686.259623059,H2LA_Station_Opt_Geotab_FCEV70kg_0To8000mi_65stations_5stDist,65,low_carbon,
36.7542967,-119.641139,fresnoCA,,smr-CCSExisting,24.535741516050813,71014.41212127166,0.0,0.0,,Onsite,2098686.259623059,H2LA_Station_Opt_Geotab_FCEV70kg_0To8000mi_65stations_5stDist,65,low_carbon,
36.7542967,-119.641139,fresnoCA,,smr-CCSExisting,24.535741516050813,71014.41212127166,0.0,0.0,,Pipeline,2098686.259623059,H2LA_Station_Opt_Geotab_FCEV70kg_0To8000mi_65stations_5stDist,65,low_carbon,
30.7171973,-104.1414386,jeffDavisTX,,smr-CCSExisting,11.476371781674592,12480.50655790334,0.0,0.0,,Onsite,2098686.259623059,H2LA_Station_Opt_Geotab_FCEV70kg_0To8000mi_65stations_5stDist,65,low_carbon,
30.7171973,-104.1414386,jeffDavisTX,,smr-CCSExisting,11.476371781674592,12480.50655790334,0.0,0.0,,Pipeline,2098686.259623059,H2LA_Station_Opt_Geotab_FCEV70kg_0To8000mi_65stations_5stDist,65,low_carbon,
33.73341025,-113.9782551,laPazAZ,,smr-CCSExisting,13.44086021505377,20012.58794252085,0.0,0.0,,Onsite,2098686.259623059,H2LA_Station_Opt_Geotab_FCEV70kg_0To8000mi_65stations_5stDist,65,low_carbon,
33.73341025,-113.9782551,laPazAZ,,smr-CCSExisting,13.44086021505377,20012.58794252085,0.0,0.0,,Pipeline,2098686.259623059,H2LA_Station_Opt_Geotab_FCEV70kg_0To8000mi_65stations_5stDist,65,low_carbon,
30.15482974,-94.81749325,libertyTX,,smr-CCS,23.05654962924917,23049.05495521844,18.675805199691823,168.08224679722645,,Onsite,2098686.259623059,H2LA_Station_Opt_Geotab_FCEV70kg_0To8000mi_65stations_5stDist,65,low_carbon,
30.15482974,-94.81749325,libertyTX,,smr-CCS,23.05654962924917,23049.05495521844,18.675805199691823,168.08224679722645,,Pipeline,2098686.259623059,H2LA_Station_Opt_Geotab_FCEV70kg_0To8000mi_65stations_5stDist,65,low_carbon,
30.15482974,-94.81749325,libertyTX,,smr-CCSExisting,149.58697857923076,162675.21675414225,0.0,0.0,,Onsite,2098686.259623059,H2LA_Station_Opt_Geotab_FCEV70kg_0To8000mi_65stations_5stDist,65,low_carbon,
30.15482974,-94.81749325,libertyTX,,smr-CCSExisting,149.58697857923076,162675.21675414225,0.0,0.0,,Pipeline,2098686.259623059,H2LA_Station_Opt_Geotab_FCEV70kg_0To8000mi_65stations_5stDist,65,low_carbon,
34.32209948,-118.2225598,losAngelesCA,,smr-CCS,23.0145169649362,69952.28713263557,18.64175874159832,167.77582867438494,,Onsite,2098686.259623059,H2LA_Station_Opt_Geotab_FCEV70kg_0To8000mi_65stations_5stDist,65,low_carbon,
34.32209948,-118.2225598,losAngelesCA,,smr-CCS,23.0145169649362,69952.28713263557,18.64175874159832,167.77582867438494,,Pipeline,2098686.259623059,H2LA_Station_Opt_Geotab_FCEV70kg_0To8000mi_65stations_5stDist,65,low_carbon,
34.32209948,-118.2225598,losAngelesCA,,smr-CCSExisting,80.44252507535184,232826.81813548232,0.0,0.0,,Onsite,2098686.259623059,H2LA_Station_Opt_Geotab_FCEV70kg_0To8000mi_65stations_5stDist,65,low_carbon,
34.32209948,-118.2225598,losAngelesCA,,smr-CCSExisting,80.44252507535184,232826.81813548232,0.0,0.0,,Pipeline,2098686.259623059,H2LA_Station_Opt_Geotab_FCEV70kg_0To8000mi_65stations_5stDist,65,low_carbon,
31.62004685,-94.61748025,nacogdochesTX,,smr-CCS,0.0024727090414023,2.471905272038045,0.0020028943235358,0.018026048911823,,Onsite,2098686.259623059,H2LA_Station_Opt_Geotab_FCEV70kg_0To8000mi_65stations_5stDist,65,low_carbon,
31.62004685,-94.61748025,nacogdochesTX,,smr-CCS,0.0024727090414023,2.471905272038045,0.0020028943235358,0.018026048911823,,Pipeline,2098686.259623059,H2LA_Station_Opt_Geotab_FCEV70kg_0To8000mi_65stations_5stDist,65,low_carbon,
31.62004685,-94.61748025,nacogdochesTX,,smr-CCSExisting,11.494468895264234,12500.187093627645,0.0,0.0,,Onsite,2098686.259623059,H2LA_Station_Opt_Geotab_FCEV70kg_0To8000mi_65stations_5stDist,65,low_carbon,
31.62004685,-94.61748025,nacogdochesTX,,smr-CCSExisting,11.494468895264234,12500.187093627645,0.0,0.0,,Pipeline,2098686.259623059,H2LA_Station_Opt_Geotab_FCEV70kg_0To8000mi_65stations_5stDist,65,low_carbon,
32.91428377,-111.3483757,pinalAZ,,smr-CCSExisting,11.479363873935071,19956.83920781624,0.0,0.0,,Onsite,2098686.259623059,H2LA_Station_Opt_Geotab_FCEV70kg_0To8000mi_65stations_5stDist,65,low_carbon,
32.91428377,-111.3483757,pinalAZ,,smr-CCSExisting,11.479363873935071,19956.83920781624,0.0,0.0,,Pipeline,2098686.259623059,H2LA_Station_Opt_Geotab_FCEV70kg_0To8000mi_65stations_5stDist,65,low_carbon,
28.00346828,-97.51134264,sanPatricioTX,,smr-CCS,11.498194528981358,11494.456969748848,9.3135375684749,83.82183811627412,,Onsite,2098686.259623059,H2LA_Station_Opt_Geotab_FCEV70kg_0To8000mi_65stations_5stDist,65,low_carbon,
28.00346828,-97.51134264,sanPatricioTX,,smr-CCS,11.498194528981358,11494.456969748848,9.3135375684749,83.82183811627412,,Pipeline,2098686.259623059,H2LA_Station_Opt_Geotab_FCEV70kg_0To8000mi_65stations_5stDist,65,low_carbon,
28.00346828,-97.51134264,sanPatricioTX,,smr-CCSExisting,11.48770650490522,12492.833022251398,0.0,0.0,,Onsite,2098686.259623059,H2LA_Station_Opt_Geotab_FCEV70kg_0To8000mi_65stations_5stDist,65,low_carbon,
28.00346828,-97.51134264,sanPatricioTX,,smr-CCSExisting,11.48770650490522,12492.833022251398,0.0,0.0,,Pipeline,2098686.259623059,H2LA_Station_Opt_Geotab_FCEV70kg_0To8000mi_65stations_5stDist,65,low_carbon,
30.89254422,-100.5366337,schleicherTX,,smr-CCSExisting,11.367624600662104,12362.24445106335,0.0,0.0,,Onsite,2098686.259623059,H2LA_Station_Opt_Geotab_FCEV70kg_0To8000mi_65stations_5stDist,65,low_carbon,
30.89254422,-100.5366337,schleicherTX,,smr-CCSExisting,11.367624600662104,12362.24445106335,0.0,0.0,,Pipeline,2098686.259623059,H2LA_Station_Opt_Geotab_FCEV70kg_0To8000mi_65stations_5stDist,65,low_carbon,
39.03361022,-121.6882005,sutterCA,,smr-CCSExisting,48.96517025093622,134570.2423404049,0.0,0.0,,Onsite,2098686.259623059,H2LA_Station_Opt_Geotab_FCEV70kg_0To8000mi_65stations_5stDist,65,low_carbon,
39.03361022,-121.6882005,sutterCA,,smr-CCSExisting,48.96517025093622,134570.2423404049,0.0,0.0,,Pipeline,2098686.259623059,H2LA_Station_Opt_Geotab_FCEV70kg_0To8000mi_65stations_5stDist,65,low_carbon,
33.01,-97.036,100175,10.03561591417202,electrolyzerExisting,11.059984191575916,50472.22438171096,0.0,0.0,1000.0,Onsite,4017078.128321348,H2LA_Station_Opt_Geotab_FCEV70kg_0To8000mi_65stations_5stDist,65,electrolysis,$2.00 - $5.00/kg
33.01,-97.036,100175,10.03561591417202,electrolyzerExisting,11.059984191575916,50472.22438171096,0.0,0.0,1000.0,Pipeline,4017078.128321348,H2LA_Station_Opt_Geotab_FCEV70kg_0To8000mi_65stations_5stDist,65,electrolysis,$2.00 - $5.00/kg
33.235,-97.016,100178,10.040713566259006,electrolyzerExisting,11.071512937293024,50524.83577295083,0.0,0.0,1000.0,Onsite,4017078.128321348,H2LA_Station_Opt_Geotab_FCEV70kg_0To8000mi_65stations_5stDist,65,electrolysis,$2.00 - $5.00/kg
29.967,-95.703,100458,10.02862581262853,electrolyzer,11.058184230886434,47870.15438544616,38.814226650411385,0.0,1000.0,Onsite,4017078.128321348,H2LA_Station_Opt_Geotab_FCEV70kg_0To8000mi_65stations_5stDist,65,electrolysis,$2.00 - $5.00/kg
29.967,-95.703,100458,10.02862581262853,electrolyzer,11.058184230886434,47870.15438544616,38.814226650411385,0.0,1000.0,Pipeline,4017078.128321348,H2LA_Station_Opt_Geotab_FCEV70kg_0To8000mi_65stations_5stDist,65,electrolysis,$2.00 - $5.00/kg
29.779,-95.124,100467,10.02744524026894,electrolyzerExisting,11.02397022032924,50307.87466694077,0.0,0.0,1000.0,Onsite,4017078.128321348,H2LA_Station_Opt_Geotab_FCEV70kg_0To8000mi_65stations_5stDist,65,electrolysis,$2.00 - $5.00/kg
29.779,-95.124,100467,10.02744524026894,electrolyzerExisting,11.02397022032924,50307.87466694077,0.0,0.0,1000.0,Pipeline,4017078.128321348,H2LA_Station_Opt_Geotab_FCEV70kg_0To8000mi_65stations_5stDist,65,electrolysis,$2.00 - $5.00/kg
29.816,-95.809,100639,10.044294777381223,electrolyzerExisting,11.07563074408975,50543.0763053792,0.0,0.0,1000.0,Onsite,4017078.128321348,H2LA_Station_Opt_Geotab_FCEV70kg_0To8000mi_65stations_5stDist,65,electrolysis,$2.00 - $5.00/kg
29.816,-95.809,100639,10.044294777381223,electrolyzerExisting,11.07563074408975,50543.0763053792,0.0,0.0,1000.0,Pipeline,4017078.128321348,H2LA_Station_Opt_Geotab_FCEV70kg_0To8000mi_65stations_5stDist,65,electrolysis,$2.00 - $5.00/kg
29.93,-95.314,100920,10.034256316828763,electrolyzerExisting,11.032421529674629,50346.4421974873,0.0,0.0,1000.0,Onsite,4017078.128321348,H2LA_Station_Opt_Geotab_FCEV70kg_0To8000mi_65stations_5stDist,65,electrolysis,$2.00 - $5.00/kg
29.93,-95.314,100920,10.034256316828763,electrolyzerExisting,11.032421529674629,50346.4421974873,0.0,0.0,1000.0,Pipeline,4017078.128321348,H2LA_Station_Opt_Geotab_FCEV70kg_0To8000mi_65stations_5stDist,65,electrolysis,$2.00 - $5.00/kg
29.804,-94.981,100951,9.989644370876707,electrolyzerExisting,11.018645419337217,50272.33881191695,0.0,0.0,1000.0,Onsite,4017078.128321348,H2LA_Station_Opt_Geotab_FCEV70kg_0To8000mi_65stations_5stDist,65,electrolysis,$2.00 - $5.00/kg
29.804,-94.981,100951,9.989644370876707,electrolyzerExisting,11.018645419337217,50272.33881191695,0.0,0.0,1000.0,Pipeline,4017078.128321348,H2LA_Station_Opt_Geotab_FCEV70kg_0To8000mi_65stations_5stDist,65,electrolysis,$2.00 - $5.00/kg
29.931,-95.508,101402,10.028412801315069,electrolyzerExisting,11.064237876431909,50471.12284547539,0.0,0.0,1000.0,Onsite,4017078.128321348,H2LA_Station_Opt_Geotab_FCEV70kg_0To8000mi_65stations_5stDist,65,electrolysis,$2.00 - $5.00/kg
29.931,-95.508,101402,10.028412801315069,electrolyzerExisting,11.064237876431909,50471.12284547539,0.0,0.0,1000.0,Pipeline,4017078.128321348,H2LA_Station_Opt_Geotab_FCEV70kg_0To8000mi_65stations_5stDist,65,electrolysis,$2.00 - $5.00/kg
29.604,-95.266,101649,10.004702890631966,electrolyzerExisting,10.998801263180043,50193.01615508787,0.0,0.0,1000.0,Onsite,4017078.128321348,H2LA_Station_Opt_Geotab_FCEV70kg_0To8000mi_65stations_5stDist,65,electrolysis,$2.00 - $5.00/kg
29.604,-95.266,101649,10.004702890631966,electrolyzerExisting,10.998801263180043,50193.01615508787,0.0,0.0,1000.0,Pipeline,4017078.128321348,H2LA_Station_Opt_Geotab_FCEV70kg_0To8000mi_65stations_5stDist,65,electrolysis,$2.00 - $5.00/kg
29.813,-95.292,101729,9.999573944098309,electrolyzerExisting,11.026614519137803,50318.426111935965,0.0,0.0,1000.0,Onsite,4017078.128321348,H2LA_Station_Opt_Geotab_FCEV70kg_0To8000mi_65stations_5stDist,65,electrolysis,$2.00 - $5.00/kg
29.813,-95.292,101729,9.999573944098309,electrolyzerExisting,11.026614519137803,50318.426111935965,0.0,0.0,1000.0,Pipeline,4017078.128321348,H2LA_Station_Opt_Geotab_FCEV70kg_0To8000mi_65stations_5stDist,65,electrolysis,$2.00 - $5.00/kg
27.799,-97.659,102754,9.999714487275565,electrolyzerExisting,11.026419788605606,50318.6781872002,0.0,0.0,1000.0,Onsite,4017078.128321348,H2LA_Station_Opt_Geotab_FCEV70kg_0To8000mi_65stations_5stDist,65,electrolysis,$2.00 - $5.00/kg
30.022,-93.845,102997,10.037198083803746,electrolyzerExisting,11.02572675479665,50315.89060049606,0.0,0.0,1000.0,Onsite,4017078.128321348,H2LA_Station_Opt_Geotab_FCEV70kg_0To8000mi_65stations_5stDist,65,electrolysis,$2.00 - $5.00/kg
30.022,-93.845,102997,10.037198083803746,electrolyzerExisting,11.02572675479665,50315.89060049606,0.0,0.0,1000.0,Pipeline,4017078.128321348,H2LA_Station_Opt_Geotab_FCEV70kg_0To8000mi_65stations_5stDist,65,electrolysis,$2.00 - $5.00/kg
30.376,-97.726,103539,10.029556826563486,electrolyzerExisting,11.025411230151992,50314.45070466823,0.0,0.0,1000.0,Onsite,4017078.128321348,H2LA_Station_Opt_Geotab_FCEV70kg_0To8000mi_65stations_5stDist,65,electrolysis,$2.00 - $5.00/kg
30.376,-97.726,103539,10.029556826563486,electrolyzerExisting,11.025411230151992,50314.45070466823,0.0,0.0,1000.0,Pipeline,4017078.128321348,H2LA_Station_Opt_Geotab_FCEV70kg_0To8000mi_65stations_5stDist,65,electrolysis,$2.00 - $5.00/kg
29.78,-95.882,104122,10.002544395814407,electrolyzerExisting,11.026507994660768,50319.45578766264,0.0,0.0,1000.0,Onsite,4017078.128321348,H2LA_Station_Opt_Geotab_FCEV70kg_0To8000mi_65stations_5stDist,65,electrolysis,$2.00 - $5.00/kg
29.78,-95.882,104122,10.002544395814407,electrolyzerExisting,11.026507994660768,50319.45578766264,0.0,0.0,1000.0,Pipeline,4017078.128321348,H2LA_Station_Opt_Geotab_FCEV70kg_0To8000mi_65stations_5stDist,65,electrolysis,$2.00 - $5.00/kg
32.319,-102.547,104234,1.4284819582358173,electrolyzerExisting,1.5751327205467234,7188.116247146296,0.0,0.0,1000.0,Onsite,4017078.128321348,H2LA_Station_Opt_Geotab_FCEV70kg_0To8000mi_65stations_5stDist,65,electrolysis,$2.00 - $5.00/kg
32.456,-97.385,105358,10.004513575517567,electrolyzerExisting,11.062257484534529,50382.58243173313,0.0,0.0,1000.0,Onsite,4017078.128321348,H2LA_Station_Opt_Geotab_FCEV70kg_0To8000mi_65stations_5stDist,65,electrolysis,$2.00 - $5.00/kg
32.731,-97.276,106176,10.002940015916476,electrolyzerExisting,11.03978178592687,50347.67059808345,0.0,0.0,1000.0,Onsite,4017078.128321348,H2LA_Station_Opt_Geotab_FCEV70kg_0To8000mi_65stations_5stDist,65,electrolysis,$2.00 - $5.00/kg
32.731,-97.276,106176,10.002940015916476,electrolyzerExisting,11.03978178592687,50347.67059808345,0.0,0.0,1000.0,Pipeline,4017078.128321348,H2LA_Station_Opt_Geotab_FCEV70kg_0To8000mi_65stations_5stDist,65,electrolysis,$2.00 - $5.00/kg
32.713,-97.068,106428,10.024635708817742,electrolyzerExisting,11.053784495182608,50443.93206453247,0.0,0.0,1000.0,Onsite,4017078.128321348,H2LA_Station_Opt_Geotab_FCEV70kg_0To8000mi_65stations_5stDist,65,electrolysis,$2.00 - $5.00/kg
32.713,-97.068,106428,10.024635708817742,electrolyzerExisting,11.053784495182608,50443.93206453247,0.0,0.0,1000.0,Pipeline,4017078.128321348,H2LA_Station_Opt_Geotab_FCEV70kg_0To8000mi_65stations_5stDist,65,electrolysis,$2.00 - $5.00/kg
29.064,-95.427,107230,10.024630009394246,electrolyzerExisting,11.049061453679789,50422.37847039407,0.0,0.0,1000.0,Onsite,4017078.128321348,H2LA_Station_Opt_Geotab_FCEV70kg_0To8000mi_65stations_5stDist,65,electrolysis,$2.00 - $5.00/kg
29.69,-96.775,107599,9.998560971428748,electrolyzer,11.025032873671874,47726.64433399344,38.69786538658828,0.0,1000.0,Onsite,4017078.128321348,H2LA_Station_Opt_Geotab_FCEV70kg_0To8000mi_65stations_5stDist,65,electrolysis,$2.00 - $5.00/kg
30.7,-101.207,107617,9.98211059588612,electrolyzerExisting,10.911159752174928,49793.06422400418,0.0,0.0,1000.0,Onsite,4017078.128321348,H2LA_Station_Opt_Geotab_FCEV70kg_0To8000mi_65stations_5stDist,65,electrolysis,$2.00 - $5.00/kg
31.507,-97.146,107884,10.04055223578726,electrolyzerExisting,11.062610309169424,50484.20865589891,0.0,0.0,1000.0,Onsite,4017078.128321348,H2LA_Station_Opt_Geotab_FCEV70kg_0To8000mi_65stations_5stDist,65,electrolysis,$2.00 - $5.00/kg
31.04,-104.82,108208,9.989952110555189,electrolyzerExisting,11.015540213009547,50269.40432947165,0.0,0.0,1000.0,Onsite,4017078.128321348,H2LA_Station_Opt_Geotab_FCEV70kg_0To8000mi_65stations_5stDist,65,electrolysis,$2.00 - $5.00/kg
29.649,-98.112,108692,10.032117778222531,electrolyzerExisting,11.062034689261353,50481.58181515035,0.0,0.0,1000.0,Onsite,4017078.128321348,H2LA_Station_Opt_Geotab_FCEV70kg_0To8000mi_65stations_5stDist,65,electrolysis,$2.00 - $5.00/kg
29.649,-98.112,108692,10.032117778222531,electrolyzerExisting,11.062034689261353,50481.58181515035,0.0,0.0,1000.0,Pipeline,4017078.128321348,H2LA_Station_Opt_Geotab_FCEV70kg_0To8000mi_65stations_5stDist,65,electrolysis,$2.00 - $5.00/kg
30.035,-94.15,108840,9.995235107146078,electrolyzerExisting,11.02359620759738,50298.89147379568,0.0,0.0,1000.0,Onsite,4017078.128321348,H2LA_Station_Opt_Geotab_FCEV70kg_0To8000mi_65stations_5stDist,65,electrolysis,$2.00 - $5.00/kg
30.035,-94.15,108840,9.995235107146078,electrolyzerExisting,11.02359620759738,50298.89147379568,0.0,0.0,1000.0,Pipeline,4017078.128321348,H2LA_Station_Opt_Geotab_FCEV70kg_0To8000mi_65stations_5stDist,65,electrolysis,$2.00 - $5.00/kg
30.209,-95.526,109345,10.02396244428492,electrolyzerExisting,11.024740677487632,50311.39063789873,0.0,0.0,1000.0,Onsite,4017078.128321348,H2LA_Station_Opt_Geotab_FCEV70kg_0To8000mi_65stations_5stDist,65,electrolysis,$2.00 - $5.00/kg
27.948,-97.585,110091,10.00905264846188,electrolyzer,11.036601647248393,47776.72479617379,38.73847178184185,0.0,1000.0,Onsite,4017078.128321348,H2LA_Station_Opt_Geotab_FCEV70kg_0To8000mi_65stations_5stDist,65,electrolysis,$2.00 - $5.00/kg
27.948,-97.585,110091,10.00905264846188,electrolyzer,11.036601647248393,47776.72479617379,38.73847178184185,0.0,1000.0,Pipeline,4017078.128321348,H2LA_Station_Opt_Geotab_FCEV70kg_0To8000mi_65stations_5stDist,65,electrolysis,$2.00 - $5.00/kg
37.587,-122.364,11279,3.2918855357335097,electrolyzerExisting,3.629836971147008,37991.24901723342,0.0,0.0,3000.0,Onsite,4017078.128321348,H2LA_Station_Opt_Geotab_FCEV70kg_0To8000mi_65stations_5stDist,65,electrolysis,$4.00 - $7.00/kg
37.587,-122.364,11279,3.2918855357335097,electrolyzerExisting,3.629836971147008,37991.24901723342,0.0,0.0,3000.0,Pipeline,4017078.128321348,H2LA_Station_Opt_Geotab_FCEV70kg_0To8000mi_65stations_5stDist,65,electrolysis,$4.00 - $7.00/kg
37.705,-122.407,11323,2.4383089992819587,electrolyzerExisting,2.688630592416012,28140.226454363696,0.0,0.0,3000.0,Onsite,4017078.128321348,H2LA_Station_Opt_Geotab_FCEV70kg_0To8000mi_65stations_5stDist,65,electrolysis,$4.00 - $7.00/kg
38.525,-121.463,11536,10.012375231082665,electrolyzerExisting,11.026324127197183,115405.6859752989,0.0,0.0,3000.0,Onsite,4017078.128321348,H2LA_Station_Opt_Geotab_FCEV70kg_0To8000mi_65stations_5stDist,65,electrolysis,$4.00 - $7.00/kg
38.525,-121.463,11536,10.012375231082665,electrolyzerExisting,11.026324127197183,115405.6859752989,0.0,0.0,3000.0,Pipeline,4017078.128321348,H2LA_Station_Opt_Geotab_FCEV70kg_0To8000mi_65stations_5stDist,65,electrolysis,$4.00 - $7.00/kg
33.945,-118.291,12678,10.025411202027684,electrolyzerExisting,11.02022276522218,14342.716080721668,0.0,0.0,3000.0,Onsite,4017078.128321348,H2LA_Station_Opt_Geotab_FCEV70kg_0To8000mi_65stations_5stDist,65,electrolysis,$4.00 - $7.00/kg
33.945,-118.291,12678,10.025411202027684,electrolyzerExisting,11.02022276522218,14342.716080721668,0.0,0.0,3000.0,Pipeline,4017078.128321348,H2LA_Station_Opt_Geotab_FCEV70kg_0To8000mi_65stations_5stDist,65,electrolysis,$4.00 - $7.00/kg
37.812,-121.294,14201,10.005668954540855,electrolyzerExisting,11.035987946521702,115478.2608215819,0.0,0.0,3000.0,Onsite,4017078.128321348,H2LA_Station_Opt_Geotab_FCEV70kg_0To8000mi_65stations_5stDist,65,electrolysis,$4.00 - $7.00/kg
37.954,-121.271,14295,9.999343497511113,electrolyzerExisting,11.02641770860092,115401.88161132508,0.0,0.0,3000.0,Onsite,4017078.128321348,H2LA_Station_Opt_Geotab_FCEV70kg_0To8000mi_65stations_5stDist,65,electrolysis,$4.00 - $7.00/kg
37.954,-121.271,14295,9.999343497511113,electrolyzerExisting,11.02641770860092,115401.88161132508,0.0,0.0,3000.0,Pipeline,4017078.128321348,H2LA_Station_Opt_Geotab_FCEV70kg_0To8000mi_65stations_5stDist,65,electrolysis,$4.00 - $7.00/kg
34.07,-117.37,15891,9.998785956491709,electrolyzerExisting,11.025375048854064,14349.42172931642,0.0,0.0,3000.0,Onsite,4017078.128321348,H2LA_Station_Opt_Geotab_FCEV70kg_0To8000mi_65stations_5stDist,65,electrolysis,$4.00 - $7.00/kg
34.07,-117.37,15891,9.998785956491709,electrolyzerExisting,11.025375048854064,14349.42172931642,0.0,0.0,3000.0,Pipeline,4017078.128321348,H2LA_Station_Opt_Geotab_FCEV70kg_0To8000mi_65stations_5stDist,65,electrolysis,$4.00 - $7.00/kg
35.63,-120.692,16130,1.135778644748993,electrolyzerExisting,1.2672137624953288,13263.139321171768,0.0,0.0,3000.0,Onsite,4017078.128321348,H2LA_Station_Opt_Geotab_FCEV70kg_0To8000mi_65stations_5stDist,65,electrolysis,$4.00 - $7.00/kg
34.257,-110.024,4395,1.1074802611903478,electrolyzerExisting,2.0,7498.996276026914,0.0,0.0,1500.0,Onsite,4017078.128321348,H2LA_Station_Opt_Geotab_FCEV70kg_0To8000mi_65stations_5stDist,65,electrolysis,$2.50 - $5.50/kg
34.566,-111.866,4508,4.836807765593043,electrolyzerExisting,5.333363947442075,28324.172635015777,0.0,0.0,1500.0,Onsite,4017078.128321348,H2LA_Station_Opt_Geotab_FCEV70kg_0To8000mi_65stations_5stDist,65,electrolysis,$2.50 - $5.50/kg
31.974,-94.002,45870,10.00785772975906,electrolyzerExisting,11.032910638110389,50348.67424541668,0.0,0.0,1000.0,Onsite,4017078.128321348,H2LA_Station_Opt_Geotab_FCEV70kg_0To8000mi_65stations_5stDist,65,electrolysis,$2.00 - $5.00/kg
30.191,-93.571,46430,10.043651291553674,electrolyzerExisting,11.074752251687984,50539.6183957768,0.0,0.0,1000.0,Onsite,4017078.128321348,H2LA_Station_Opt_Geotab_FCEV70kg_0To8000mi_65stations_5stDist,65,electrolysis,$2.00 - $5.00/kg
33.399,-112.074,5475,9.992556667451057,electrolyzerExisting,11.018412158496083,58516.05314013144,0.0,0.0,1500.0,Onsite,4017078.128321348,H2LA_Station_Opt_Geotab_FCEV70kg_0To8000mi_65stations_5stDist,65,electrolysis,$2.50 - $5.50/kg
38.564,-121.581,6449,10.019783462573656,electrolyzerExisting,11.04843410781802,115637.09741774222,0.0,0.0,3000.0,Onsite,4017078.128321348,H2LA_Station_Opt_Geotab_FCEV70kg_0To8000mi_65stations_5stDist,65,electrolysis,$4.00 - $7.00/kg
38.564,-121.581,6449,10.019783462573656,electrolyzerExisting,11.04843410781802,115637.09741774222,0.0,0.0,3000.0,Pipeline,4017078.128321348,H2LA_Station_Opt_Geotab_FCEV70kg_0To8000mi_65stations_5stDist,65,electrolysis,$4.00 - $7.00/kg
37.098,-120.217,7086,9.997473685706614,electrolyzerExisting,10.99327870432603,115059.82005926051,0.0,0.0,3000.0,Onsite,4017078.128321348,H2LA_Station_Opt_Geotab_FCEV70kg_0To8000mi_65stations_5stDist,65,electrolysis,$4.00 - $7.00/kg
37.098,-120.217,7086,9.997473685706614,electrolyzerExisting,10.99327870432603,115059.82005926051,0.0,0.0,3000.0,Pipeline,4017078.128321348,H2LA_Station_Opt_Geotab_FCEV70kg_0To8000mi_65stations_5stDist,65,electrolysis,$4.00 - $7.00/kg
37.074,-120.834,7148,9.97616837181686,electrolyzerExisting,11.00034140253,115133.7409345824,0.0,0.0,3000.0,Onsite,4017078.128321348,H2LA_Station_Opt_Geotab_FCEV70kg_0To8000mi_65stations_5stDist,65,electrolysis,$4.00 - $7.00/kg
32.273,-107.714,71615,9.931175645699426,electrolyzerExisting,10.95072964345297,45679.60838128402,0.0,0.0,1500.0,Onsite,4017078.128321348,H2LA_Station_Opt_Geotab_FCEV70kg_0To8000mi_65stations_5stDist,65,electrolysis,$2.50 - $5.50/kg
35.176,-103.103,71633,2.97183754070393,electrolyzerExisting,3.2769322123512383,13669.31565208852,0.0,0.0,1500.0,Onsite,4017078.128321348,H2LA_Station_Opt_Geotab_FCEV70kg_0To8000mi_65stations_5stDist,65,electrolysis,$2.50 - $5.50/kg
32.296,-106.81,72089,9.998327180652636,electrolyzerExisting,11.024775082241051,45988.47971773141,0.0,0.0,1500.0,Onsite,4017078.128321348,H2LA_Station_Opt_Geotab_FCEV70kg_0To8000mi_65stations_5stDist,65,electrolysis,$2.50 - $5.50/kg
34.946,-104.637,72146,9.585094788401614,electrolyzerExisting,11.018119130281686,44672.13769357878,0.0,0.0,1500.0,Onsite,4017078.128321348,H2LA_Station_Opt_Geotab_FCEV70kg_0To8000mi_65stations_5stDist,65,electrolysis,$2.50 - $5.50/kg
38.054,-122.155,8266,9.973360824933732,electrolyzerExisting,10.997240686150658,115101.28766588776,0.0,0.0,3000.0,Onsite,4017078.128321348,H2LA_Station_Opt_Geotab_FCEV70kg_0To8000mi_65stations_5stDist,65,electrolysis,$4.00 - $7.00/kg
34.179,-118.857,9130,1.5394747554473738,electrolyzerExisting,1.6975202562427292,17766.890115816455,0.0,0.0,3000.0,Onsite,4017078.128321348,H2LA_Station_Opt_Geotab_FCEV70kg_0To8000mi_65stations_5stDist,65,electrolysis,$4.00 - $7.00/kg
31.051,-97.484,95509,10.030339961035866,electrolyzerExisting,11.06980570806805,50485.30110260559,0.0,0.0,1000.0,Onsite,4017078.128321348,H2LA_Station_Opt_Geotab_FCEV70kg_0To8000mi_65stations_5stDist,65,electrolysis,$2.00 - $5.00/kg
31.051,-97.484,95509,10.030339961035866,electrolyzerExisting,11.06980570806805,50485.30110260559,0.0,0.0,1000.0,Pipeline,4017078.128321348,H2LA_Station_Opt_Geotab_FCEV70kg_0To8000mi_65stations_5stDist,65,electrolysis,$2.00 - $5.00/kg
31.104,-97.511,95545,10.003007592216823,electrolyzerExisting,11.029935988432188,50335.099433058254,0.0,0.0,1000.0,Onsite,4017078.128321348,H2LA_Station_Opt_Geotab_FCEV70kg_0To8000mi_65stations_5stDist,65,electrolysis,$2.00 - $5.00/kg
33.152,-96.287,95977,7.611193571160776,electrolyzerExisting,9.231914085574346,39391.89327919997,0.0,0.0,1000.0,Onsite,4017078.128321348,H2LA_Station_Opt_Geotab_FCEV70kg_0To8000mi_65stations_5stDist,65,electrolysis,$2.00 - $5.00/kg
27.432,-99.479,96222,1.2633400572224909,electrolyzerExisting,1.3930370266990897,6357.122756719615,0.0,0.0,1000.0,Onsite,4017078.128321348,H2LA_Station_Opt_Geotab_FCEV70kg_0To8000mi_65stations_5stDist,65,electrolysis,$2.00 - $5.00/kg
29.511,-98.309,96543,10.010416325172631,electrolyzerExisting,11.034786082222558,50357.232830156376,0.0,0.0,1000.0,Onsite,4017078.128321348,H2LA_Station_Opt_Geotab_FCEV70kg_0To8000mi_65stations_5stDist,65,electrolysis,$2.00 - $5.00/kg
29.511,-98.309,96543,10.010416325172631,electrolyzerExisting,11.034786082222558,50357.232830156376,0.0,0.0,1000.0,Pipeline,4017078.128321348,H2LA_Station_Opt_Geotab_FCEV70kg_0To8000mi_65stations_5stDist,65,electrolysis,$2.00 - $5.00/kg
29.497,-98.399,96569,10.020801535140713,electrolyzerExisting,11.025626936917345,50315.435083639495,0.0,0.0,1000.0,Onsite,4017078.128321348,H2LA_Station_Opt_Geotab_FCEV70kg_0To8000mi_65stations_5stDist,65,electrolysis,$2.00 - $5.00/kg
29.497,-98.399,96569,10.020801535140713,electrolyzerExisting,11.025626936917345,50315.435083639495,0.0,0.0,1000.0,Pipeline,4017078.128321348,H2LA_Station_Opt_Geotab_FCEV70kg_0To8000mi_65stations_5stDist,65,electrolysis,$2.00 - $5.00/kg
29.53,-98.562,97041,10.008754149768723,electrolyzerExisting,11.05157096098822,50383.92691203552,0.0,0.0,1000.0,Onsite,4017078.128321348,H2LA_Station_Opt_Geotab_FCEV70kg_0To8000mi_65stations_5stDist,65,electrolysis,$2.00 - $5.00/kg
29.53,-98.562,97041,10.008754149768723,electrolyzerExisting,11.05157096098822,50383.92691203552,0.0,0.0,1000.0,Pipeline,4017078.128321348,H2LA_Station_Opt_Geotab_FCEV70kg_0To8000mi_65stations_5stDist,65,electrolysis,$2.00 - $5.00/kg
30.744,-98.233,98497,10.019544074572028,electrolyzerExisting,11.058124651772337,50431.26667628256,0.0,0.0,1000.0,Onsite,4017078.128321348,H2LA_Station_Opt_Geotab_FCEV70kg_0To8000mi_65stations_5stDist,65,electrolysis,$2.00 - $5.00/kg
32.856,-96.768,99018,10.002404560558752,electrolyzerExisting,11.045504767976464,50353.19305258063,0.0,0.0,1000.0,Onsite,4017078.128321348,H2LA_Station_Opt_Geotab_FCEV70kg_0To8000mi_65stations_5stDist,65,electrolysis,$2.00 - $5.00/kg
32.648,-96.883,99189,10.016655241432362,electrolyzerExisting,11.025300167305778,50313.943869000985,0.0,0.0,1000.0,Onsite,4017078.128321348,H2LA_Station_Opt_Geotab_FCEV70kg_0To8000mi_65stations_5stDist,65,electrolysis,$2.00 - $5.00/kg
32.648,-96.883,99189,10.016655241432362,electrolyzerExisting,11.025300167305778,50313.943869000985,0.0,0.0,1000.0,Pipeline,4017078.128321348,H2LA_Station_Opt_Geotab_FCEV70kg_0To8000mi_65stations_5stDist,65,electrolysis,$2.00 - $5.00/kg
32.793,-96.684,99467,10.008387683864212,electrolyzerExisting,11.056549635303904,50389.088475346856,0.0,0.0,1000.0,Onsite,4017078.128321348,H2LA_Station_Opt_Geotab_FCEV70kg_0To8000mi_65stations_5stDist,65,electrolysis,$2.00 - $5.00/kg
32.793,-96.684,99467,10.008387683864212,electrolyzerExisting,11.056549635303904,50389.088475346856,0.0,0.0,1000.0,Pipeline,4017078.128321348,H2LA_Station_Opt_Geotab_FCEV70kg_0To8000mi_65stations_5stDist,65,electrolysis,$2.00 - $5.00/kg
32.736,-101.95,99923,1.031557061146669,electrolyzerExisting,1.137458734794356,5190.79153396815,0.0,0.0,1000.0,Onsite,4017078.128321348,H2LA_Station_Opt_Geotab_FCEV70kg_0To8000mi_65stations_5stDist,65,electrolysis,$2.00 - $5.00/kg
33.73341025,-113.9782551,laPazAZ,,electrolyzer,22.090373298176207,116453.97924389044,77.53721027659849,0.0,,Onsite,4017078.128321348,H2LA_Station_Opt_Geotab_FCEV70kg_0To8000mi_65stations_5stDist,65,electrolysis,
33.73341025,-113.9782551,laPazAZ,,electrolyzer,22.090373298176207,116453.97924389044,77.53721027659849,0.0,,Pipeline,4017078.128321348,H2LA_Station_Opt_Geotab_FCEV70kg_0To8000mi_65stations_5stDist,65,electrolysis,
33.73341025,-113.9782551,laPazAZ,,electrolyzerExisting,83.98907545915013,446045.1407786047,0.0,0.0,,Onsite,4017078.128321348,H2LA_Station_Opt_Geotab_FCEV70kg_0To8000mi_65stations_5stDist,65,electrolysis,
33.73341025,-113.9782551,laPazAZ,,electrolyzerExisting,83.98907545915013,446045.1407786047,0.0,0.0,,Pipeline,4017078.128321348,H2LA_Station_Opt_Geotab_FCEV70kg_0To8000mi_65stations_5stDist,65,electrolysis,
